{"type": "FeatureCollection", "features": [{"type": "Feature", "properties": {"route": "L", "long_name": "San Pablo - Pierce Transbay", "color": "#e41a1c"}, "geometry": {"type": "LineString", "coordinates": [[-122.397909, 37.78818], [-122.397995, 37.788147], [-122.398159, 37.788027], [-122.398323, 37.787907], [-122.398336, 37.787839], [-122.398237, 37.787739], [-122.398137, 37.787672], [-122.397963, 37.787606], [-122.397817, 37.787561], [-122.397671, 37.787517], [-122.39751, 37.787481], [-122.397378, 37.787428], [-122.397207, 37.787332], [-122.397054, 37.787224], [-122.396906, 37.787101], [-122.396815, 37.787023], [-122.396737, 37.786923], [-122.396681, 37.786845], [-122.39656, 37.786713], [-122.396422, 37.786602], [-122.396284, 37.786491], [-122.396151, 37.786383], [-122.396018, 37.786276], [-122.395886, 37.786168], [-122.395753, 37.786061], [-122.39562, 37.785953], [-122.395487, 37.785845], [-122.395355, 37.785738], [-122.395222, 37.78563], [-122.395086, 37.785515], [-122.394951, 37.785399], [-122.394811, 37.785291], [-122.394661, 37.785162], [-122.394597, 37.785115], [-122.394518, 37.785039], [-122.394439, 37.784963], [-122.39436, 37.784886], [-122.39428, 37.78481], [-122.394181, 37.78471], [-122.393985, 37.784609], [-122.393849, 37.784581], [-122.393668, 37.784585], [-122.393545, 37.784618], [-122.393489, 37.784646], [-122.393446, 37.784668], [-122.393322, 37.784713], [-122.393198, 37.784757], [-122.393074, 37.784802], [-122.39295, 37.784847], [-122.392792, 37.784917], [-122.392623, 37.785001], [-122.39251, 37.785061], [-122.392398, 37.785121], [-122.392285, 37.785181], [-122.392172, 37.785241], [-122.392007, 37.785321], [-122.391841, 37.785401], [-122.391676, 37.78548], [-122.39151, 37.78556], [-122.39147, 37.78559], [-122.39143, 37.78562], [-122.39139, 37.78564], [-122.39136, 37.78566], [-122.39128, 37.78572], [-122.39121, 37.78576], [-122.39115, 37.7858], [-122.3911, 37.78584], [-122.39105, 37.78588], [-122.39096, 37.78594], [-122.3909, 37.78599], [-122.39077, 37.7861], [-122.3907, 37.78616], [-122.390608, 37.786245], [-122.390515, 37.78633], [-122.390423, 37.786415], [-122.39033, 37.7865], [-122.39025, 37.78657], [-122.39023, 37.78659], [-122.39015, 37.786665], [-122.39007, 37.78674], [-122.38992, 37.786875], [-122.38977, 37.78701], [-122.389635, 37.78714], [-122.3895, 37.78727], [-122.38939, 37.78737], [-122.38929, 37.78747], [-122.38927, 37.78749], [-122.389165, 37.787585], [-122.38906, 37.78768], [-122.388963, 37.787773], [-122.388865, 37.787865], [-122.388768, 37.787958], [-122.38867, 37.78805], [-122.38853, 37.78818], [-122.38839, 37.78831], [-122.38827, 37.78842], [-122.38814, 37.78854], [-122.38801, 37.78866], [-122.38789, 37.78877], [-122.38777, 37.78888], [-122.38761, 37.78902], [-122.3875, 37.78913], [-122.38742, 37.7892], [-122.38728, 37.78934], [-122.38722, 37.78939], [-122.38712, 37.78948], [-122.38702, 37.78957], [-122.386903, 37.789683], [-122.386785, 37.789795], [-122.386668, 37.789908], [-122.38655, 37.79002], [-122.38653, 37.79003], [-122.38638, 37.79017], [-122.38623, 37.79031], [-122.386129, 37.790405], [-122.386028, 37.7905], [-122.385926, 37.790595], [-122.385825, 37.79069], [-122.385724, 37.790785], [-122.385623, 37.79088], [-122.385521, 37.790975], [-122.38542, 37.79107], [-122.3853, 37.79119], [-122.385175, 37.791305], [-122.38505, 37.79142], [-122.38494, 37.791525], [-122.38483, 37.79163], [-122.38469, 37.79177], [-122.38457, 37.79188], [-122.38445, 37.79199], [-122.38433, 37.7921], [-122.38421, 37.79221], [-122.384055, 37.792345], [-122.3839, 37.79248], [-122.383755, 37.792615], [-122.38361, 37.79275], [-122.38352, 37.79284], [-122.38343, 37.79293], [-122.383328, 37.793025], [-122.383225, 37.79312], [-122.383123, 37.793215], [-122.38302, 37.79331], [-122.38288, 37.79344], [-122.38274, 37.79357], [-122.382635, 37.79367], [-122.38253, 37.79377], [-122.382405, 37.79389], [-122.38228, 37.79401], [-122.38216, 37.79412], [-122.38204, 37.79423], [-122.38195, 37.79431], [-122.38189, 37.79437], [-122.3818, 37.79445], [-122.38171, 37.79454], [-122.3816, 37.79465], [-122.381513, 37.794733], [-122.381425, 37.794815], [-122.381338, 37.794898], [-122.38125, 37.79498], [-122.3812, 37.79503], [-122.38106, 37.79516], [-122.38092, 37.79529], [-122.38084, 37.795363], [-122.38076, 37.795435], [-122.38068, 37.795508], [-122.3806, 37.79558], [-122.38048, 37.79569], [-122.38036, 37.79581], [-122.38033, 37.79584], [-122.38028, 37.79589], [-122.38018, 37.79598], [-122.38013, 37.79603], [-122.380025, 37.796125], [-122.37992, 37.79622], [-122.379818, 37.796315], [-122.379715, 37.79641], [-122.379613, 37.796505], [-122.37951, 37.7966], [-122.37941, 37.796695], [-122.37931, 37.79679], [-122.379175, 37.796915], [-122.37904, 37.79704], [-122.3789, 37.79717], [-122.37879, 37.79728], [-122.37868, 37.79738], [-122.37858, 37.797473], [-122.37848, 37.797565], [-122.37838, 37.797658], [-122.37828, 37.79775], [-122.37815, 37.797865], [-122.37802, 37.79798], [-122.37787, 37.79813], [-122.377768, 37.798226], [-122.377665, 37.798323], [-122.377563, 37.798419], [-122.37746, 37.798515], [-122.377358, 37.798611], [-122.377255, 37.798708], [-122.377153, 37.798804], [-122.37705, 37.7989], [-122.376925, 37.799015], [-122.3768, 37.79913], [-122.376691, 37.799231], [-122.376583, 37.799333], [-122.376474, 37.799434], [-122.376365, 37.799535], [-122.376256, 37.799636], [-122.376148, 37.799738], [-122.376039, 37.799839], [-122.37593, 37.79994], [-122.37584, 37.80002], [-122.37569, 37.80016], [-122.37566, 37.80019], [-122.37556, 37.80029], [-122.37545, 37.80039], [-122.375365, 37.80047], [-122.37528, 37.80055], [-122.375195, 37.80063], [-122.37511, 37.80071], [-122.374975, 37.80084], [-122.37484, 37.80097], [-122.374725, 37.80108], [-122.37461, 37.80119], [-122.374505, 37.80128], [-122.3744, 37.80137], [-122.37438, 37.80139], [-122.37424, 37.80153], [-122.3742, 37.80156], [-122.3741, 37.80165], [-122.37408, 37.80167], [-122.37404, 37.80171], [-122.37394, 37.8018], [-122.3739, 37.80184], [-122.373745, 37.80198], [-122.37359, 37.80212], [-122.373483, 37.80222], [-122.373375, 37.80232], [-122.373268, 37.80242], [-122.37316, 37.80252], [-122.37315, 37.80253], [-122.373035, 37.80264], [-122.37292, 37.80275], [-122.37284, 37.80283], [-122.372755, 37.802905], [-122.37267, 37.80298], [-122.37256, 37.803085], [-122.37245, 37.80319], [-122.372315, 37.803318], [-122.37218, 37.803445], [-122.372045, 37.803573], [-122.37191, 37.8037], [-122.37183, 37.80377], [-122.37178, 37.80382], [-122.37175, 37.80385], [-122.37169, 37.8039], [-122.37154, 37.80404], [-122.371385, 37.804185], [-122.37123, 37.80433], [-122.37108, 37.804475], [-122.37093, 37.80462], [-122.370775, 37.804765], [-122.37062, 37.80491], [-122.37054, 37.804983], [-122.37046, 37.805055], [-122.37038, 37.805128], [-122.3703, 37.8052], [-122.37022, 37.805275], [-122.37014, 37.80535], [-122.37006, 37.805425], [-122.36998, 37.8055], [-122.369898, 37.805575], [-122.369815, 37.80565], [-122.369733, 37.805725], [-122.36965, 37.8058], [-122.3695, 37.80594], [-122.36935, 37.80608], [-122.369253, 37.806173], [-122.369155, 37.806265], [-122.369058, 37.806358], [-122.36896, 37.80645], [-122.368875, 37.806528], [-122.36879, 37.806605], [-122.368705, 37.806683], [-122.36862, 37.80676], [-122.368535, 37.80684], [-122.36845, 37.80692], [-122.368365, 37.807], [-122.36828, 37.80708], [-122.368175, 37.80718], [-122.36807, 37.80728], [-122.367965, 37.80738], [-122.36786, 37.80748], [-122.36774, 37.80759], [-122.36762, 37.8077], [-122.36754, 37.807775], [-122.36746, 37.80785], [-122.36731, 37.80799], [-122.36719, 37.8081], [-122.36708, 37.80821], [-122.36697, 37.80831], [-122.36686, 37.80841], [-122.366745, 37.80851], [-122.36663, 37.80861], [-122.366543, 37.808693], [-122.366455, 37.808775], [-122.366368, 37.808858], [-122.36628, 37.80894], [-122.3662, 37.809], [-122.36613, 37.80907], [-122.36599, 37.8092], [-122.36585, 37.80933], [-122.36571, 37.80946], [-122.36557, 37.80959], [-122.36556, 37.80961], [-122.36542, 37.80974], [-122.36528, 37.80987], [-122.36518, 37.80996], [-122.36515, 37.80999], [-122.36504, 37.81009], [-122.36499, 37.81014], [-122.36497, 37.81016], [-122.36485, 37.810275], [-122.36473, 37.81039], [-122.364645, 37.81047], [-122.36456, 37.81055], [-122.36448, 37.81063], [-122.3644, 37.81071], [-122.36438, 37.81073], [-122.36431, 37.8108], [-122.364165, 37.810945], [-122.36402, 37.81109], [-122.3639, 37.8112], [-122.36385, 37.81125], [-122.36371, 37.81139], [-122.36365, 37.81145], [-122.36353, 37.81156], [-122.36341, 37.81169], [-122.36328, 37.81181], [-122.36315, 37.81193], [-122.36307, 37.812], [-122.36299, 37.81207], [-122.36292, 37.81213], [-122.36284, 37.81219], [-122.36276, 37.81226], [-122.362675, 37.81233], [-122.36259, 37.8124], [-122.36245, 37.81251], [-122.362335, 37.812605], [-122.36222, 37.8127], [-122.36209, 37.8128], [-122.36199, 37.812875], [-122.36189, 37.81295], [-122.3618, 37.81302], [-122.36171, 37.81309], [-122.36169, 37.8131], [-122.36164, 37.81314], [-122.36152, 37.81323], [-122.36141, 37.81331], [-122.36122, 37.81343], [-122.36111, 37.81351], [-122.36105, 37.81356], [-122.3609, 37.81366], [-122.36082, 37.81371], [-122.36075, 37.81376], [-122.36063, 37.81383], [-122.36051, 37.8139], [-122.36043, 37.81395], [-122.36025, 37.81405], [-122.36008, 37.81415], [-122.35993, 37.81423], [-122.35978, 37.81432], [-122.35968, 37.81437], [-122.35963, 37.8144], [-122.35946, 37.814495], [-122.35929, 37.81459], [-122.35923, 37.81463], [-122.3591, 37.81471], [-122.35902, 37.81475], [-122.35891, 37.81481], [-122.35876, 37.814895], [-122.35861, 37.81498], [-122.35854, 37.81502], [-122.35849, 37.81505], [-122.35841, 37.8151], [-122.35825, 37.81519], [-122.35808, 37.81528], [-122.35806, 37.81529], [-122.357905, 37.81538], [-122.35775, 37.81547], [-122.35765, 37.815525], [-122.35755, 37.81558], [-122.35745, 37.81564], [-122.35735, 37.8157], [-122.35726, 37.81575], [-122.35714, 37.815815], [-122.35702, 37.81588], [-122.356905, 37.81595], [-122.35679, 37.81602], [-122.35663, 37.8161], [-122.35648, 37.81619], [-122.35637, 37.816255], [-122.35626, 37.81632], [-122.35615, 37.81638], [-122.35604, 37.81644], [-122.355915, 37.816515], [-122.35579, 37.81659], [-122.355645, 37.81667], [-122.3555, 37.81675], [-122.35539, 37.81681], [-122.355273, 37.816878], [-122.355155, 37.816945], [-122.355038, 37.817013], [-122.35492, 37.81708], [-122.354818, 37.817138], [-122.354715, 37.817195], [-122.354613, 37.817253], [-122.35451, 37.81731], [-122.35445, 37.81734], [-122.3544, 37.81737], [-122.35435, 37.8174], [-122.35429, 37.81743], [-122.35426, 37.81745], [-122.35422, 37.81747], [-122.35417, 37.81749], [-122.35412, 37.81751], [-122.35408, 37.81754], [-122.35403, 37.81756], [-122.35398, 37.81759], [-122.35392, 37.81761], [-122.35386, 37.81764], [-122.35381, 37.81767], [-122.35377, 37.81769], [-122.35372, 37.81771], [-122.35367, 37.81773], [-122.35362, 37.81775], [-122.35356, 37.81778], [-122.3535, 37.8178], [-122.35346, 37.81782], [-122.35342, 37.81784], [-122.35338, 37.81785], [-122.35334, 37.81787], [-122.3533, 37.81788], [-122.35319, 37.81793], [-122.35306, 37.81798], [-122.35299, 37.818], [-122.35293, 37.81803], [-122.35287, 37.81805], [-122.35281, 37.81807], [-122.35277, 37.81808], [-122.35272, 37.8181], [-122.35266, 37.81812], [-122.35262, 37.81814], [-122.35257, 37.81815], [-122.35252, 37.81817], [-122.35246, 37.81819], [-122.3524, 37.81821], [-122.35235, 37.81823], [-122.35229, 37.81825], [-122.35224, 37.81826], [-122.35213, 37.8183], [-122.35204, 37.81833], [-122.35195, 37.81835], [-122.35187, 37.81837], [-122.35179, 37.8184], [-122.3517, 37.81842], [-122.35167, 37.81843], [-122.35155, 37.81846], [-122.35143, 37.81849], [-122.35126, 37.81853], [-122.35114, 37.81856], [-122.35102, 37.818585], [-122.3509, 37.81861], [-122.35082, 37.81863], [-122.35072, 37.81865], [-122.35063, 37.81867], [-122.35054, 37.81869], [-122.35045, 37.8187], [-122.35034, 37.81872], [-122.35024, 37.81874], [-122.35014, 37.81876], [-122.35003, 37.81877], [-122.34986, 37.8188], [-122.349635, 37.81883], [-122.34941, 37.81886], [-122.349185, 37.818895], [-122.34896, 37.81893], [-122.348823, 37.81895], [-122.348685, 37.81897], [-122.348548, 37.81899], [-122.34841, 37.81901], [-122.348215, 37.81904], [-122.34802, 37.81907], [-122.34789, 37.81909], [-122.34776, 37.81911], [-122.34759, 37.81913], [-122.34737, 37.81916], [-122.347235, 37.81918], [-122.3471, 37.8192], [-122.34693, 37.819225], [-122.34676, 37.81925], [-122.34659, 37.819275], [-122.34642, 37.8193], [-122.34629, 37.81932], [-122.34616, 37.81934], [-122.346025, 37.81936], [-122.34589, 37.81938], [-122.34569, 37.81941], [-122.34549, 37.81944], [-122.34538, 37.81945], [-122.34517, 37.81948], [-122.34506, 37.8195], [-122.34492, 37.81952], [-122.34478, 37.81954], [-122.344645, 37.81956], [-122.34451, 37.81958], [-122.34444, 37.81959], [-122.34434, 37.8196], [-122.344115, 37.819635], [-122.34389, 37.81967], [-122.34376, 37.81969], [-122.34363, 37.81971], [-122.343468, 37.819733], [-122.343305, 37.819755], [-122.343143, 37.819778], [-122.34298, 37.8198], [-122.34287, 37.81982], [-122.342735, 37.81984], [-122.3426, 37.81986], [-122.342425, 37.819885], [-122.34225, 37.81991], [-122.34213, 37.81993], [-122.34201, 37.81995], [-122.34179, 37.81998], [-122.34157, 37.82001], [-122.341375, 37.82004], [-122.34118, 37.82007], [-122.341055, 37.820085], [-122.34093, 37.8201], [-122.34076, 37.82013], [-122.34066, 37.82014], [-122.3405, 37.82017], [-122.34033, 37.82019], [-122.3402, 37.82021], [-122.34007, 37.82023], [-122.33994, 37.82025], [-122.33977, 37.82027], [-122.339595, 37.820295], [-122.33942, 37.82032], [-122.339245, 37.820345], [-122.33907, 37.82037], [-122.33892, 37.8204], [-122.33874, 37.820425], [-122.33856, 37.82045], [-122.33834, 37.82048], [-122.33819, 37.8205], [-122.33803, 37.82053], [-122.33792, 37.82054], [-122.33782, 37.82056], [-122.337645, 37.820585], [-122.33747, 37.82061], [-122.33735, 37.82062], [-122.3372, 37.820645], [-122.33705, 37.82067], [-122.336925, 37.82069], [-122.3368, 37.82071], [-122.336658, 37.82073], [-122.336515, 37.82075], [-122.336373, 37.82077], [-122.33623, 37.82079], [-122.3361, 37.82081], [-122.33597, 37.82083], [-122.3359, 37.82084], [-122.33568, 37.82087], [-122.33567, 37.82087], [-122.33545, 37.82091], [-122.33542, 37.82091], [-122.33536, 37.82092], [-122.33517, 37.82095], [-122.33501, 37.82097], [-122.33491, 37.82099], [-122.33474, 37.82101], [-122.33464, 37.82103], [-122.3345, 37.82105], [-122.33437, 37.82107], [-122.3342, 37.82109], [-122.33413, 37.8211], [-122.33397, 37.821125], [-122.33381, 37.82115], [-122.33366, 37.821175], [-122.33351, 37.8212], [-122.33337, 37.82122], [-122.3333, 37.82123], [-122.33315, 37.82125], [-122.333, 37.82127], [-122.33276, 37.8213], [-122.33253, 37.82133], [-122.33236, 37.82136], [-122.33219, 37.82138], [-122.33202, 37.8214], [-122.33178, 37.82143], [-122.33154, 37.82146], [-122.331385, 37.821475], [-122.33123, 37.82149], [-122.33108, 37.82151], [-122.33093, 37.82153], [-122.330775, 37.82155], [-122.33062, 37.82157], [-122.33042, 37.82159], [-122.33022, 37.82161], [-122.330058, 37.821628], [-122.329895, 37.821645], [-122.329733, 37.821663], [-122.32957, 37.82168], [-122.329385, 37.821695], [-122.3292, 37.82171], [-122.32907, 37.82172], [-122.32884, 37.82174], [-122.32861, 37.82176], [-122.32845, 37.82178], [-122.328285, 37.82179], [-122.32812, 37.8218], [-122.327955, 37.82181], [-122.32779, 37.82182], [-122.32758, 37.821835], [-122.32737, 37.82185], [-122.32718, 37.82187], [-122.32698, 37.82188], [-122.32691, 37.82189], [-122.32671, 37.8219], [-122.3265, 37.82192], [-122.32634, 37.82193], [-122.32618, 37.82194], [-122.32605, 37.82195], [-122.32592, 37.82196], [-122.32579, 37.82197], [-122.32566, 37.82198], [-122.32546, 37.822], [-122.32528, 37.82201], [-122.32514, 37.82202], [-122.32503, 37.82203], [-122.3249, 37.82204], [-122.32477, 37.82206], [-122.32461, 37.82207], [-122.32442, 37.82209], [-122.32422, 37.82211], [-122.32404, 37.82213], [-122.32391, 37.822145], [-122.32378, 37.82216], [-122.32354, 37.82218], [-122.32336, 37.82221], [-122.3232, 37.82223], [-122.323065, 37.822245], [-122.32293, 37.82226], [-122.322785, 37.82228], [-122.32264, 37.8223], [-122.32244, 37.82233], [-122.32228, 37.822355], [-122.32212, 37.82238], [-122.321905, 37.822415], [-122.32169, 37.82245], [-122.32148, 37.82248], [-122.32147, 37.82248], [-122.32134, 37.822505], [-122.32121, 37.82253], [-122.32105, 37.82256], [-122.32089, 37.82259], [-122.32071, 37.82262], [-122.32056, 37.822645], [-122.32041, 37.82267], [-122.32026, 37.822695], [-122.32011, 37.82272], [-122.31994, 37.82275], [-122.31977, 37.82278], [-122.3196, 37.82281], [-122.31943, 37.82284], [-122.319285, 37.822865], [-122.31914, 37.82289], [-122.319, 37.82292], [-122.31886, 37.822945], [-122.31872, 37.82297], [-122.31832, 37.82304], [-122.31809, 37.82308], [-122.317955, 37.823103], [-122.31782, 37.823125], [-122.317685, 37.823148], [-122.31755, 37.82317], [-122.317413, 37.823195], [-122.317275, 37.82322], [-122.317138, 37.823245], [-122.317, 37.82327], [-122.316796, 37.823306], [-122.316593, 37.823343], [-122.316389, 37.823379], [-122.316185, 37.823415], [-122.315981, 37.823451], [-122.315778, 37.823488], [-122.315574, 37.823524], [-122.31537, 37.82356], [-122.315198, 37.82359], [-122.315025, 37.82362], [-122.314853, 37.82365], [-122.31468, 37.82368], [-122.314505, 37.82371], [-122.31433, 37.82374], [-122.314135, 37.823775], [-122.31394, 37.82381], [-122.313745, 37.823845], [-122.31355, 37.82388], [-122.313373, 37.82391], [-122.313195, 37.82394], [-122.313018, 37.82397], [-122.31284, 37.824], [-122.312656, 37.824035], [-122.312473, 37.82407], [-122.312289, 37.824105], [-122.312105, 37.82414], [-122.311921, 37.824175], [-122.311738, 37.82421], [-122.311554, 37.824245], [-122.31137, 37.82428], [-122.311238, 37.824295], [-122.311105, 37.82431], [-122.310973, 37.824325], [-122.31084, 37.82434], [-122.310618, 37.824368], [-122.310395, 37.824395], [-122.310173, 37.824423], [-122.30995, 37.82445], [-122.30976, 37.82448], [-122.30973, 37.82448], [-122.30965, 37.82449], [-122.309515, 37.82451], [-122.30938, 37.82453], [-122.30921, 37.82455], [-122.30905, 37.82457], [-122.30893, 37.82458], [-122.30873, 37.8246], [-122.30866, 37.82461], [-122.30858, 37.82462], [-122.30842, 37.82463], [-122.30824, 37.82465], [-122.30809, 37.82467], [-122.30808, 37.82467], [-122.30795, 37.82468], [-122.30777, 37.8247], [-122.30761, 37.82472], [-122.30748, 37.82473], [-122.30732, 37.82475], [-122.30715, 37.82477], [-122.30697, 37.82479], [-122.30678, 37.82481], [-122.30669, 37.82482], [-122.30662, 37.82483], [-122.3065, 37.82485], [-122.30641, 37.82486], [-122.30626, 37.82489], [-122.30611, 37.82491], [-122.30591, 37.82495], [-122.30573, 37.82499], [-122.30561, 37.82502], [-122.30554, 37.82503], [-122.30537, 37.82507], [-122.30533, 37.82508], [-122.3052, 37.82511], [-122.30507, 37.82514], [-122.305, 37.82515], [-122.3049, 37.82517], [-122.30474, 37.825205], [-122.30458, 37.82524], [-122.30455, 37.82525], [-122.304385, 37.825285], [-122.30422, 37.82532], [-122.304055, 37.825355], [-122.30389, 37.82539], [-122.30371, 37.82543], [-122.30353, 37.82547], [-122.30335, 37.82551], [-122.30317, 37.82555], [-122.30303, 37.82558], [-122.30283, 37.82563], [-122.30269, 37.82566], [-122.30267, 37.82566], [-122.3025, 37.8257], [-122.30233, 37.82574], [-122.30218, 37.82577], [-122.30201, 37.82581], [-122.30186, 37.82584], [-122.30169, 37.82588], [-122.30154, 37.82591], [-122.30138, 37.82594], [-122.30131, 37.82596], [-122.301125, 37.826], [-122.30094, 37.82604], [-122.30082, 37.826065], [-122.3007, 37.82609], [-122.30055, 37.82613], [-122.300395, 37.826163], [-122.30024, 37.826195], [-122.300085, 37.826228], [-122.29993, 37.82626], [-122.29982, 37.82629], [-122.29977, 37.8263], [-122.29974, 37.8263], [-122.29961, 37.82633], [-122.29955, 37.82634], [-122.29953, 37.82635], [-122.2993, 37.8264], [-122.29914, 37.826435], [-122.29898, 37.82647], [-122.29887, 37.8265], [-122.298695, 37.826535], [-122.29852, 37.82657], [-122.298315, 37.826615], [-122.29811, 37.82666], [-122.297905, 37.826705], [-122.2977, 37.82675], [-122.29748, 37.8268], [-122.29726, 37.82685], [-122.297055, 37.826895], [-122.29685, 37.82694], [-122.29672, 37.82697], [-122.29659, 37.827], [-122.29642, 37.827035], [-122.29625, 37.82707], [-122.29607, 37.82711], [-122.29605, 37.82711], [-122.29599, 37.82713], [-122.29595, 37.82714], [-122.29583, 37.82717], [-122.29578, 37.82719], [-122.29568, 37.82722], [-122.29563, 37.82724], [-122.29559, 37.82726], [-122.29553, 37.82728], [-122.29549, 37.8273], [-122.29538, 37.82735], [-122.29534, 37.82737], [-122.29529, 37.82739], [-122.29524, 37.82741], [-122.2952, 37.82744], [-122.2951, 37.82749], [-122.29506, 37.82752], [-122.29496, 37.82758], [-122.29491, 37.82761], [-122.29481, 37.82767], [-122.29478, 37.8277], [-122.29469, 37.82777], [-122.29466, 37.82779], [-122.29462, 37.82783], [-122.29455, 37.82789], [-122.29452, 37.82792], [-122.29443, 37.828015], [-122.29434, 37.82811], [-122.29425, 37.82821], [-122.29415, 37.82833], [-122.29409, 37.82843], [-122.29403, 37.82852], [-122.29398, 37.82859], [-122.29394, 37.82866], [-122.29391, 37.82872], [-122.2939, 37.82874], [-122.29384, 37.82887], [-122.29376, 37.82903], [-122.29371, 37.82915], [-122.29371, 37.82917], [-122.29368, 37.82925], [-122.293655, 37.82935], [-122.29363, 37.82945], [-122.2936, 37.82956], [-122.29357, 37.8297], [-122.29355, 37.82981], [-122.29352, 37.82997], [-122.29349, 37.8301], [-122.29346, 37.83023], [-122.29344, 37.83035], [-122.29342, 37.83041], [-122.29336, 37.83052], [-122.29335, 37.8307], [-122.29334, 37.83088], [-122.29334, 37.83092], [-122.293335, 37.83103], [-122.29333, 37.83114], [-122.29333, 37.83117], [-122.29333, 37.83121], [-122.29333, 37.83126], [-122.293335, 37.83137], [-122.29334, 37.83148], [-122.29334, 37.83153], [-122.29335, 37.83163], [-122.29336, 37.83172], [-122.29338, 37.83184], [-122.29339, 37.83194], [-122.29341, 37.83202], [-122.29344, 37.83215], [-122.29347, 37.83226], [-122.29351, 37.83242], [-122.29354, 37.83251], [-122.29359, 37.83264], [-122.2936, 37.83266], [-122.29364, 37.83277], [-122.29366, 37.83281], [-122.29369, 37.83288], [-122.29375, 37.833], [-122.29381, 37.83313], [-122.29389, 37.83328], [-122.29396, 37.8334], [-122.294, 37.83348], [-122.29407, 37.83362], [-122.29411, 37.8337], [-122.29417, 37.8338], [-122.29423, 37.8339], [-122.29424, 37.83392], [-122.29429, 37.83401], [-122.29434, 37.8341], [-122.29438, 37.83416], [-122.29442, 37.83423], [-122.29445, 37.83427], [-122.29451, 37.83438], [-122.2946, 37.83451], [-122.29467, 37.83463], [-122.29474, 37.83475], [-122.29476, 37.8348], [-122.29481, 37.83487], [-122.29489, 37.83501], [-122.29497, 37.83515], [-122.295052, 37.835288], [-122.295135, 37.835425], [-122.295217, 37.835563], [-122.2953, 37.8357], [-122.29539, 37.835855], [-122.29548, 37.83601], [-122.295545, 37.83612], [-122.29561, 37.83623], [-122.29569, 37.83636], [-122.29573, 37.83643], [-122.29573, 37.83644], [-122.29574, 37.83644], [-122.29589, 37.83648], [-122.29593, 37.83657], [-122.29601, 37.83673], [-122.29606, 37.83684], [-122.29613, 37.83699], [-122.29617, 37.83708], [-122.29622, 37.8372], [-122.29628, 37.83734], [-122.296315, 37.83744], [-122.29635, 37.83754], [-122.29639, 37.83765], [-122.29642, 37.83775], [-122.29644, 37.83783], [-122.296465, 37.837925], [-122.29649, 37.83802], [-122.296512, 37.838118], [-122.296535, 37.838215], [-122.296557, 37.838313], [-122.29658, 37.83841], [-122.29659, 37.83847], [-122.29659, 37.83849], [-122.2966, 37.83856], [-122.29663, 37.83869], [-122.29666, 37.83884], [-122.29669, 37.83902], [-122.29671, 37.83916], [-122.29673, 37.83925], [-122.29675, 37.83937], [-122.29678, 37.8395], [-122.29681, 37.83969], [-122.29682, 37.83976], [-122.29685, 37.83991], [-122.29687, 37.84001], [-122.29689, 37.84013], [-122.29691, 37.84023], [-122.29692, 37.84032], [-122.29694, 37.84042], [-122.29696, 37.84052], [-122.29698, 37.84062], [-122.297, 37.840725], [-122.29702, 37.84083], [-122.29704, 37.84096], [-122.29706, 37.84105], [-122.29708, 37.84119], [-122.29711, 37.84137], [-122.29712, 37.84142], [-122.29715, 37.84157], [-122.29717, 37.841665], [-122.29719, 37.84176], [-122.2972, 37.84179], [-122.29721, 37.84185], [-122.297235, 37.84197], [-122.29726, 37.84209], [-122.29729, 37.84222], [-122.29732, 37.8424], [-122.297345, 37.8425], [-122.29737, 37.8426], [-122.29741, 37.84278], [-122.29745, 37.84296], [-122.297477, 37.843081], [-122.297505, 37.843203], [-122.297532, 37.843324], [-122.29756, 37.843445], [-122.297587, 37.843566], [-122.297615, 37.843688], [-122.297642, 37.843809], [-122.29767, 37.84393], [-122.297695, 37.844036], [-122.29772, 37.844143], [-122.297745, 37.844249], [-122.29777, 37.844355], [-122.297795, 37.844461], [-122.29782, 37.844568], [-122.297845, 37.844674], [-122.29787, 37.84478], [-122.2979, 37.84491], [-122.29791, 37.84501], [-122.29792, 37.84502], [-122.29795, 37.84517], [-122.29797, 37.84527], [-122.29798, 37.84531], [-122.298, 37.84544], [-122.29802, 37.845535], [-122.29804, 37.84563], [-122.29806, 37.84572], [-122.29809, 37.84583], [-122.29812, 37.84597], [-122.29815, 37.84611], [-122.29816, 37.84616], [-122.29818, 37.84624], [-122.29821, 37.84637], [-122.29823, 37.84648], [-122.29826, 37.8466], [-122.298285, 37.84671], [-122.29831, 37.84682], [-122.298335, 37.84693], [-122.29836, 37.84704], [-122.29837, 37.84709], [-122.2984, 37.84723], [-122.29842, 37.84736], [-122.29844, 37.84747], [-122.29846, 37.84753], [-122.29848, 37.84764], [-122.298505, 37.84774], [-122.29853, 37.84784], [-122.298562, 37.847973], [-122.298595, 37.848105], [-122.298627, 37.848238], [-122.29866, 37.84837], [-122.29867, 37.84843], [-122.2987, 37.84855], [-122.29873, 37.84867], [-122.29875, 37.84879], [-122.29877, 37.84887], [-122.29878, 37.84892], [-122.29882, 37.84908], [-122.298845, 37.849195], [-122.29887, 37.84931], [-122.298895, 37.84941], [-122.29892, 37.84951], [-122.298945, 37.849615], [-122.29897, 37.84972], [-122.298995, 37.849825], [-122.29902, 37.84993], [-122.29905, 37.85005], [-122.29908, 37.85017], [-122.299102, 37.850268], [-122.299125, 37.850365], [-122.299147, 37.850463], [-122.29917, 37.85056], [-122.299195, 37.850665], [-122.29922, 37.85077], [-122.29926, 37.85094], [-122.2993, 37.85111], [-122.299327, 37.851215], [-122.299355, 37.85132], [-122.299382, 37.851425], [-122.29941, 37.85153], [-122.299447, 37.85168], [-122.299485, 37.85183], [-122.299522, 37.85198], [-122.29956, 37.85213], [-122.299585, 37.852225], [-122.29961, 37.85232], [-122.29963, 37.85241], [-122.29965, 37.85248], [-122.29965, 37.8525], [-122.299685, 37.852615], [-122.29972, 37.85273], [-122.299745, 37.852825], [-122.29977, 37.85292], [-122.299795, 37.853015], [-122.29982, 37.85311], [-122.299847, 37.853213], [-122.299875, 37.853315], [-122.299902, 37.853418], [-122.29993, 37.85352], [-122.299975, 37.85368], [-122.30002, 37.85384], [-122.30007, 37.854018], [-122.30012, 37.854195], [-122.30017, 37.854373], [-122.30022, 37.85455], [-122.300255, 37.854675], [-122.30029, 37.8548], [-122.30032, 37.85491], [-122.30035, 37.85502], [-122.30038, 37.855125], [-122.30041, 37.85523], [-122.30042, 37.85527], [-122.30045, 37.85537], [-122.300499, 37.855548], [-122.300547, 37.855725], [-122.300596, 37.855903], [-122.300645, 37.85608], [-122.300694, 37.856258], [-122.300742, 37.856435], [-122.300791, 37.856613], [-122.30084, 37.85679], [-122.300867, 37.85689], [-122.300895, 37.85699], [-122.300922, 37.85709], [-122.30095, 37.85719], [-122.30097, 37.85727], [-122.301005, 37.85738], [-122.30104, 37.85749], [-122.30106, 37.85756], [-122.301105, 37.857725], [-122.30115, 37.85789], [-122.3012, 37.858075], [-122.30125, 37.85826], [-122.30126, 37.8583], [-122.3013, 37.85842], [-122.301325, 37.85852], [-122.30135, 37.85862], [-122.301385, 37.85874], [-122.30142, 37.85886], [-122.301465, 37.85902], [-122.30151, 37.85918], [-122.30156, 37.85936], [-122.30161, 37.85954], [-122.30166, 37.8597], [-122.3017, 37.85985], [-122.30174, 37.86], [-122.30178, 37.86015], [-122.30182, 37.8603], [-122.301852, 37.860415], [-122.301885, 37.86053], [-122.301917, 37.860645], [-122.30195, 37.86076], [-122.30198, 37.86086], [-122.30201, 37.86096], [-122.302035, 37.861065], [-122.30206, 37.86117], [-122.3021, 37.861315], [-122.30214, 37.86146], [-122.302172, 37.861573], [-122.302205, 37.861685], [-122.302237, 37.861798], [-122.30227, 37.86191], [-122.302315, 37.862065], [-122.30236, 37.86222], [-122.3024, 37.86239], [-122.302427, 37.862488], [-122.302455, 37.862585], [-122.302482, 37.862683], [-122.30251, 37.86278], [-122.30254, 37.862888], [-122.30257, 37.862995], [-122.3026, 37.863103], [-122.30263, 37.86321], [-122.30264, 37.86323], [-122.30268, 37.86338], [-122.30272, 37.86353], [-122.30277, 37.8637], [-122.30282, 37.86387], [-122.30283, 37.86391], [-122.302865, 37.864043], [-122.3029, 37.864175], [-122.302935, 37.864308], [-122.30297, 37.86444], [-122.30301, 37.864585], [-122.30305, 37.86473], [-122.30309, 37.86484], [-122.30312, 37.86494], [-122.30315, 37.86504], [-122.30319, 37.86519], [-122.303225, 37.86532], [-122.30326, 37.86545], [-122.3033, 37.86556], [-122.30331, 37.86561], [-122.30334, 37.86571], [-122.30337, 37.86582], [-122.30341, 37.86596], [-122.30346, 37.86611], [-122.30351, 37.86629], [-122.303555, 37.866435], [-122.3036, 37.86658], [-122.30363, 37.86669], [-122.30365, 37.86676], [-122.30367, 37.86683], [-122.30369, 37.86691], [-122.30373, 37.86704], [-122.30377, 37.86717], [-122.303815, 37.86732], [-122.30386, 37.86747], [-122.303905, 37.86762], [-122.30395, 37.86777], [-122.303985, 37.867885], [-122.30402, 37.868], [-122.304055, 37.868115], [-122.30409, 37.86823], [-122.304125, 37.868345], [-122.30416, 37.86846], [-122.30417, 37.86851], [-122.304215, 37.86865], [-122.30426, 37.86879], [-122.30429, 37.868885], [-122.30432, 37.86898], [-122.30436, 37.86912], [-122.304397, 37.86924], [-122.304435, 37.86936], [-122.304472, 37.86948], [-122.30451, 37.8696], [-122.30454, 37.86969], [-122.30459, 37.86985], [-122.3046, 37.86989], [-122.304635, 37.87001], [-122.30467, 37.87013], [-122.3047, 37.87023], [-122.30476, 37.8704], [-122.304795, 37.87051], [-122.30483, 37.87062], [-122.304865, 37.87073], [-122.3049, 37.87084], [-122.30494, 37.870973], [-122.30498, 37.871105], [-122.30502, 37.871238], [-122.30506, 37.87137], [-122.305095, 37.871475], [-122.30513, 37.87158], [-122.305175, 37.871725], [-122.30522, 37.87187], [-122.30525, 37.871975], [-122.30528, 37.87208], [-122.30533, 37.872238], [-122.30538, 37.872395], [-122.30543, 37.872553], [-122.30548, 37.87271], [-122.305515, 37.872815], [-122.30555, 37.87292], [-122.30559, 37.87306], [-122.305625, 37.87317], [-122.30566, 37.87328], [-122.3057, 37.87342], [-122.30575, 37.87356], [-122.3058, 37.87373], [-122.30585, 37.8739], [-122.30589, 37.87401], [-122.3059, 37.87405], [-122.30593, 37.87416], [-122.30597, 37.87427], [-122.306, 37.87436], [-122.30604, 37.87449], [-122.30608, 37.87462], [-122.3061, 37.8747], [-122.30613, 37.874805], [-122.30616, 37.87491], [-122.3062, 37.87504], [-122.306237, 37.875153], [-122.306275, 37.875265], [-122.306312, 37.875378], [-122.30635, 37.87549], [-122.30637, 37.87556], [-122.30642, 37.87573], [-122.30645, 37.87581], [-122.30648, 37.87593], [-122.3065, 37.876], [-122.306545, 37.87613], [-122.30659, 37.87626], [-122.30659, 37.87628], [-122.30663, 37.876405], [-122.30667, 37.87653], [-122.30673, 37.8767], [-122.306762, 37.876808], [-122.306795, 37.876915], [-122.306827, 37.877023], [-122.30686, 37.87713], [-122.30689, 37.87722], [-122.30691, 37.8773], [-122.306945, 37.87741], [-122.30698, 37.87752], [-122.30701, 37.8776], [-122.30703, 37.87768], [-122.30706, 37.8778], [-122.3071, 37.87792], [-122.30714, 37.87805], [-122.30717, 37.87815], [-122.3072, 37.87829], [-122.30723, 37.87837], [-122.30724, 37.87844], [-122.30727, 37.87854], [-122.30729, 37.87865], [-122.30732, 37.87877], [-122.30735, 37.87891], [-122.30737, 37.87897], [-122.30738, 37.87902], [-122.30738, 37.87904], [-122.3074, 37.87912], [-122.30741, 37.87915], [-122.30743, 37.87925], [-122.30745, 37.87935], [-122.30747, 37.87945], [-122.30749, 37.87955], [-122.30752, 37.87968], [-122.30755, 37.87981], [-122.307575, 37.87991], [-122.3076, 37.88001], [-122.30762, 37.88011], [-122.30764, 37.8802], [-122.30768, 37.88035], [-122.30769, 37.88038], [-122.307715, 37.880495], [-122.30774, 37.88061], [-122.30779, 37.88077], [-122.307819, 37.880896], [-122.307847, 37.881023], [-122.307876, 37.881149], [-122.307905, 37.881275], [-122.307934, 37.881401], [-122.307962, 37.881528], [-122.307991, 37.881654], [-122.30802, 37.88178], [-122.308045, 37.8819], [-122.30807, 37.88202], [-122.308092, 37.882115], [-122.308115, 37.88221], [-122.308137, 37.882305], [-122.30816, 37.8824], [-122.30818, 37.882495], [-122.3082, 37.88259], [-122.30822, 37.882685], [-122.30824, 37.88278], [-122.30827, 37.88289], [-122.308215, 37.883025], [-122.30816, 37.88316], [-122.30816, 37.88317], [-122.30816, 37.88319], [-122.30817, 37.88323], [-122.30818, 37.88333], [-122.30819, 37.88336], [-122.30819, 37.88341], [-122.30821, 37.88349], [-122.308227, 37.883633], [-122.308245, 37.883775], [-122.308262, 37.883918], [-122.30828, 37.88406], [-122.3083, 37.88421], [-122.30832, 37.88436], [-122.308335, 37.884495], [-122.30835, 37.88463], [-122.308357, 37.884728], [-122.308365, 37.884825], [-122.308372, 37.884923], [-122.30838, 37.88502], [-122.3084, 37.8852], [-122.3084, 37.88521], [-122.30841, 37.88538], [-122.30841, 37.8854], [-122.30842, 37.88544], [-122.30843, 37.88558], [-122.30843, 37.885705], [-122.30843, 37.88583], [-122.30843, 37.88594], [-122.30843, 37.886], [-122.30843, 37.88612], [-122.30843, 37.8863], [-122.30843, 37.88635], [-122.30843, 37.88642], [-122.30843, 37.88657], [-122.30843, 37.8866], [-122.30841, 37.88677], [-122.3084, 37.88688], [-122.30839, 37.88701], [-122.30836, 37.88712], [-122.30833, 37.88723], [-122.30823, 37.8872], [-122.3081, 37.88717], [-122.30803, 37.88716], [-122.30795, 37.88714], [-122.30792, 37.88714], [-122.30786, 37.88713], [-122.30779, 37.88712], [-122.30757, 37.8871], [-122.30752, 37.88711], [-122.30734, 37.8871], [-122.30723, 37.88712], [-122.30721, 37.88712], [-122.30706, 37.88714], [-122.30701, 37.88715], [-122.30693, 37.88716], [-122.30691, 37.88717], [-122.30683, 37.88718], [-122.30678, 37.88719], [-122.30671, 37.8872], [-122.30668, 37.88721], [-122.30653, 37.88723], [-122.30648, 37.88724], [-122.30647, 37.88724], [-122.30636, 37.88726], [-122.30626, 37.88728], [-122.30622, 37.88728], [-122.30601, 37.88732], [-122.30587, 37.88734], [-122.30581, 37.88735], [-122.3058, 37.88735], [-122.30559, 37.88737], [-122.30536, 37.88739], [-122.30527, 37.88742], [-122.30531, 37.88751], [-122.30534, 37.88758], [-122.305395, 37.887755], [-122.30545, 37.88793], [-122.30551, 37.88811], [-122.30556, 37.88828], [-122.30561, 37.88843], [-122.30565, 37.88855], [-122.30567, 37.88861], [-122.305725, 37.888785], [-122.30578, 37.88896], [-122.30583, 37.88913], [-122.30583, 37.88914], [-122.30584, 37.88915], [-122.305777, 37.889187], [-122.305856, 37.889356], [-122.305936, 37.889524], [-122.305971, 37.889633], [-122.306022, 37.889808], [-122.306068, 37.889966], [-122.306129, 37.890139], [-122.306188, 37.890308], [-122.306245, 37.890482], [-122.306264, 37.890542], [-122.306324, 37.890716], [-122.306348, 37.890785], [-122.306406, 37.890959], [-122.306447, 37.891084], [-122.3065, 37.891243], [-122.306556, 37.891417], [-122.306605, 37.891572], [-122.306626, 37.891643], [-122.306657, 37.891773], [-122.306668, 37.891832], [-122.306677, 37.891905], [-122.306672, 37.891989], [-122.306653, 37.892168], [-122.30664, 37.892277], [-122.306633, 37.89236], [-122.306631, 37.892437], [-122.306634, 37.892515], [-122.30664, 37.892591], [-122.306651, 37.892663], [-122.306672, 37.892739], [-122.306694, 37.89281], [-122.306724, 37.892881], [-122.306769, 37.892969], [-122.306809, 37.893052], [-122.306862, 37.893153], [-122.306897, 37.893218], [-122.306985, 37.893384], [-122.307042, 37.893492], [-122.30711, 37.893632], [-122.307162, 37.893743], [-122.307176, 37.893923], [-122.307189, 37.894086], [-122.307317, 37.894235], [-122.307404, 37.894335], [-122.307473, 37.894506], [-122.307543, 37.894678], [-122.307613, 37.894849], [-122.307682, 37.89502], [-122.307752, 37.895191], [-122.307821, 37.895363], [-122.307892, 37.895534], [-122.307963, 37.895705], [-122.308034, 37.895876], [-122.30808, 37.896052], [-122.308127, 37.896228], [-122.30815, 37.896314], [-122.30825, 37.896476], [-122.308349, 37.896637], [-122.308421, 37.896808], [-122.308491, 37.896979], [-122.308562, 37.89715], [-122.308616, 37.89728], [-122.308695, 37.897449], [-122.308773, 37.897618], [-122.308842, 37.897765], [-122.308924, 37.897933], [-122.30897, 37.898109], [-122.309015, 37.898285], [-122.309032, 37.89835], [-122.309081, 37.898526], [-122.309129, 37.898701], [-122.309142, 37.898748], [-122.309136, 37.898928], [-122.309132, 37.899069], [-122.309122, 37.899171], [-122.309104, 37.89935], [-122.309095, 37.899433], [-122.309079, 37.899612], [-122.309073, 37.899785], [-122.309084, 37.899898], [-122.309098, 37.899963], [-122.309124, 37.900038], [-122.309232, 37.900196], [-122.309341, 37.900355], [-122.309449, 37.900513], [-122.309537, 37.900679], [-122.309608, 37.900813], [-122.309739, 37.90096], [-122.309834, 37.901066], [-122.30961, 37.901101], [-122.309387, 37.901137], [-122.309277, 37.901154], [-122.309054, 37.901192], [-122.308831, 37.901229], [-122.308733, 37.901246], [-122.30851, 37.901283], [-122.308287, 37.901321], [-122.308064, 37.901358], [-122.307874, 37.90139], [-122.307651, 37.901427], [-122.307428, 37.901463], [-122.307318, 37.901481], [-122.307095, 37.901519], [-122.306872, 37.901556], [-122.306821, 37.901565], [-122.30671, 37.901584], [-122.306542, 37.901611], [-122.306319, 37.901648], [-122.306096, 37.901684], [-122.305873, 37.901721], [-122.305645, 37.901732], [-122.305418, 37.901744], [-122.305328, 37.901748], [-122.30512, 37.901822], [-122.305006, 37.901862], [-122.30488, 37.901882], [-122.304783, 37.901856], [-122.304666, 37.901856], [-122.304595, 37.901861], [-122.304463, 37.901882], [-122.304322, 37.901907], [-122.304154, 37.90194], [-122.304014, 37.90197], [-122.30385, 37.902004], [-122.30368, 37.902045], [-122.303582, 37.902068], [-122.303498, 37.902092], [-122.30343, 37.902113], [-122.303357, 37.902137], [-122.303241, 37.902181], [-122.303283, 37.90227], [-122.30335, 37.902418], [-122.303433, 37.902586], [-122.303513, 37.902754], [-122.303593, 37.902922], [-122.303673, 37.903091], [-122.303752, 37.903259], [-122.303832, 37.903428], [-122.303912, 37.903596], [-122.303962, 37.903701], [-122.304042, 37.903869], [-122.304094, 37.904045], [-122.304145, 37.90422], [-122.304151, 37.904239], [-122.304252, 37.9044], [-122.304354, 37.904561], [-122.304403, 37.904639], [-122.304432, 37.904701], [-122.304513, 37.904869], [-122.304594, 37.905037], [-122.304676, 37.905205], [-122.304757, 37.905373], [-122.304837, 37.905542], [-122.304908, 37.90569], [-122.304989, 37.905858], [-122.305069, 37.906027], [-122.305099, 37.906089], [-122.305177, 37.906258], [-122.305254, 37.906427], [-122.305332, 37.906596], [-122.305396, 37.906734], [-122.305466, 37.906845], [-122.305506, 37.906905], [-122.305615, 37.907063], [-122.305686, 37.907165], [-122.305794, 37.907324], [-122.305844, 37.907398], [-122.305952, 37.907556], [-122.30606, 37.907715], [-122.306139, 37.907884], [-122.306212, 37.908039], [-122.306346, 37.908184], [-122.30648, 37.90833], [-122.306589, 37.908488], [-122.306648, 37.908574], [-122.306756, 37.908732], [-122.306864, 37.908891], [-122.306973, 37.909049], [-122.307067, 37.909187], [-122.307177, 37.909345], [-122.307286, 37.909502], [-122.307331, 37.909567], [-122.307437, 37.909726], [-122.307485, 37.909799], [-122.307593, 37.909957], [-122.307702, 37.910116], [-122.30781, 37.910274], [-122.307901, 37.910407], [-122.308009, 37.910565], [-122.308117, 37.910724], [-122.30816, 37.910786], [-122.308268, 37.910945], [-122.308375, 37.911103], [-122.308483, 37.911262], [-122.308591, 37.91142], [-122.3087, 37.911578], [-122.308774, 37.911748], [-122.308824, 37.911864], [-122.308959, 37.912009], [-122.309094, 37.912154], [-122.309143, 37.912224], [-122.309249, 37.912383], [-122.309355, 37.912543], [-122.309442, 37.912674], [-122.309551, 37.912832], [-122.30966, 37.91299], [-122.309769, 37.913148], [-122.309878, 37.913306], [-122.309987, 37.913464], [-122.310096, 37.913622], [-122.310204, 37.91378], [-122.310232, 37.91382], [-122.310339, 37.913979], [-122.310386, 37.914048], [-122.310495, 37.914206], [-122.310538, 37.914268], [-122.310646, 37.914427], [-122.310693, 37.914496], [-122.310801, 37.914655], [-122.310865, 37.914749], [-122.310976, 37.914906], [-122.311087, 37.915063], [-122.311198, 37.91522], [-122.311309, 37.915378], [-122.311383, 37.915548], [-122.311442, 37.915684], [-122.311591, 37.91582], [-122.311677, 37.915898], [-122.311789, 37.916055], [-122.31185, 37.91614], [-122.31196, 37.916297], [-122.312043, 37.916415], [-122.312153, 37.916572], [-122.312263, 37.91673], [-122.312374, 37.916887], [-122.312484, 37.917045], [-122.312559, 37.917152], [-122.312657, 37.91729], [-122.312767, 37.917448], [-122.312835, 37.917545], [-122.312946, 37.917702], [-122.313058, 37.917859], [-122.313115, 37.91794], [-122.313225, 37.918098], [-122.313335, 37.918255], [-122.313445, 37.918413], [-122.313555, 37.91857], [-122.313665, 37.918728], [-122.313721, 37.918807], [-122.313833, 37.918964], [-122.313945, 37.91912], [-122.314057, 37.919277], [-122.314169, 37.919434], [-122.314242, 37.919536], [-122.314351, 37.919694], [-122.31446, 37.919852], [-122.314568, 37.92001], [-122.314677, 37.920168], [-122.314785, 37.920327], [-122.314816, 37.920371], [-122.314926, 37.920529], [-122.315025, 37.920672], [-122.315101, 37.920779], [-122.315217, 37.920934], [-122.315289, 37.921105], [-122.31533, 37.921202], [-122.315472, 37.921343], [-122.315614, 37.921483], [-122.315675, 37.921543], [-122.315721, 37.921603], [-122.315834, 37.921759], [-122.315928, 37.92189], [-122.316038, 37.922047], [-122.316149, 37.922205], [-122.316259, 37.922362], [-122.316369, 37.92252], [-122.316445, 37.922628], [-122.316487, 37.922687], [-122.316595, 37.922845], [-122.316703, 37.923004], [-122.316812, 37.923162], [-122.316923, 37.923319], [-122.317031, 37.923477], [-122.317138, 37.923636], [-122.317249, 37.923793], [-122.317352, 37.923939], [-122.31746, 37.924097], [-122.317568, 37.924256], [-122.317676, 37.924414], [-122.317785, 37.924572], [-122.317882, 37.924715], [-122.317959, 37.924884], [-122.318029, 37.925038], [-122.318172, 37.925178], [-122.318315, 37.925318], [-122.318425, 37.925467], [-122.318539, 37.925623], [-122.318652, 37.925779], [-122.318766, 37.925935], [-122.318879, 37.926091], [-122.318993, 37.926247], [-122.319028, 37.926295], [-122.319141, 37.926451], [-122.319217, 37.926555], [-122.319328, 37.926712], [-122.319439, 37.926869], [-122.319549, 37.927027], [-122.31966, 37.927184], [-122.31977, 37.927341], [-122.31988, 37.927499], [-122.319921, 37.927557], [-122.320031, 37.927715], [-122.320141, 37.927872], [-122.320171, 37.927915], [-122.320259, 37.928039], [-122.320369, 37.928196], [-122.320482, 37.928353], [-122.320594, 37.928509], [-122.320707, 37.928666], [-122.320819, 37.928822], [-122.320932, 37.928979], [-122.321044, 37.929135], [-122.321074, 37.929177], [-122.321186, 37.929334], [-122.321297, 37.929491], [-122.321398, 37.929632], [-122.321508, 37.92979], [-122.321618, 37.929947], [-122.321727, 37.930105], [-122.321816, 37.930232], [-122.321869, 37.930302], [-122.321981, 37.930459], [-122.32207, 37.930582], [-122.322184, 37.930738], [-122.322298, 37.930894], [-122.322335, 37.930944], [-122.322447, 37.931101], [-122.322559, 37.931257], [-122.322585, 37.931294], [-122.322697, 37.931451], [-122.32281, 37.931607], [-122.322922, 37.931764], [-122.322976, 37.931839], [-122.32301, 37.931888], [-122.323044, 37.931934], [-122.32315, 37.932093], [-122.323262, 37.93225], [-122.323373, 37.932407], [-122.323449, 37.932577], [-122.323514, 37.932723], [-122.32366, 37.932861], [-122.323785, 37.93298], [-122.323889, 37.933123], [-122.32394, 37.933205], [-122.324037, 37.933368], [-122.324124, 37.933534], [-122.32416, 37.933603], [-122.324237, 37.933772], [-122.324314, 37.933942], [-122.324392, 37.934111], [-122.324425, 37.934184], [-122.324507, 37.934352], [-122.324589, 37.93452], [-122.324671, 37.934687], [-122.324727, 37.934802], [-122.324809, 37.93497], [-122.324891, 37.935138], [-122.324962, 37.935283], [-122.32499, 37.935336], [-122.32505, 37.935454], [-122.325096, 37.935533], [-122.325191, 37.935593], [-122.325272, 37.935761], [-122.325352, 37.93593], [-122.325389, 37.936006], [-122.325469, 37.936175], [-122.325549, 37.936343], [-122.32562, 37.936494], [-122.3257, 37.936663], [-122.325779, 37.936831], [-122.325845, 37.93697], [-122.325885, 37.937054], [-122.32596, 37.937224], [-122.326036, 37.937394], [-122.326059, 37.937446], [-122.326103, 37.937546], [-122.326188, 37.937713], [-122.326243, 37.93782], [-122.326327, 37.937987], [-122.326353, 37.938038], [-122.326383, 37.938103], [-122.326463, 37.938271], [-122.326544, 37.93844], [-122.326624, 37.938608], [-122.326704, 37.938776], [-122.326743, 37.938857], [-122.326822, 37.939026], [-122.326902, 37.939194], [-122.326981, 37.939363], [-122.32706, 37.939532], [-122.32714, 37.9397], [-122.327178, 37.939782], [-122.327258, 37.93995], [-122.327338, 37.940119], [-122.327359, 37.940164], [-122.327439, 37.940332], [-122.327465, 37.940387], [-122.327546, 37.940555], [-122.327577, 37.94062], [-122.32765, 37.940773], [-122.327731, 37.940941], [-122.327811, 37.94111], [-122.327892, 37.941278], [-122.327973, 37.941446], [-122.328053, 37.941614], [-122.328134, 37.941782], [-122.328214, 37.941951], [-122.328254, 37.942035], [-122.328335, 37.942203], [-122.328371, 37.942278], [-122.328452, 37.942446], [-122.328532, 37.942615], [-122.328613, 37.942783], [-122.328693, 37.942951], [-122.328774, 37.943119], [-122.32885, 37.943278], [-122.32893, 37.943446], [-122.329009, 37.943615], [-122.329076, 37.943758], [-122.329081, 37.943938], [-122.329083, 37.944037], [-122.329215, 37.944183], [-122.329348, 37.94433], [-122.329432, 37.944497], [-122.329513, 37.944665], [-122.329586, 37.944817], [-122.329664, 37.944979], [-122.329745, 37.945147], [-122.329824, 37.945316], [-122.329903, 37.945485], [-122.329984, 37.945653], [-122.330064, 37.945821], [-122.330145, 37.945989], [-122.330226, 37.946157], [-122.330307, 37.946326], [-122.330388, 37.946494], [-122.330446, 37.946615], [-122.330528, 37.946783], [-122.330608, 37.946951], [-122.330689, 37.947119], [-122.330725, 37.947193], [-122.330754, 37.947254], [-122.330787, 37.947326], [-122.33087, 37.947494], [-122.330953, 37.947661], [-122.331033, 37.947823], [-122.331113, 37.947992], [-122.331193, 37.94816], [-122.331272, 37.948329], [-122.331352, 37.948497], [-122.331432, 37.948666], [-122.331515, 37.948827], [-122.331601, 37.948994], [-122.331624, 37.949039], [-122.3317, 37.949209], [-122.331721, 37.949256], [-122.331801, 37.949424], [-122.331849, 37.949525], [-122.331901, 37.949633], [-122.331891, 37.949753], [-122.331967, 37.949923], [-122.332049, 37.95009], [-122.332131, 37.950258], [-122.332152, 37.9503], [-122.332228, 37.95047], [-122.33229, 37.950606], [-122.332364, 37.950776], [-122.332422, 37.95095], [-122.332481, 37.951124], [-122.332499, 37.951178], [-122.3326, 37.951339], [-122.332701, 37.951501], [-122.332782, 37.951669], [-122.33283, 37.951769], [-122.332869, 37.951844], [-122.332951, 37.952012], [-122.333033, 37.95218], [-122.333086, 37.952289], [-122.333165, 37.952458], [-122.333237, 37.952611], [-122.333319, 37.952779], [-122.333401, 37.952947], [-122.333483, 37.953115], [-122.33353, 37.953211], [-122.333575, 37.953299], [-122.333601, 37.953352], [-122.333674, 37.953506], [-122.333752, 37.953675], [-122.333816, 37.953815], [-122.333848, 37.953888], [-122.333886, 37.953972], [-122.333953, 37.9541], [-122.334001, 37.954181], [-122.334051, 37.954262], [-122.334096, 37.954333], [-122.334157, 37.954409], [-122.334214, 37.954476], [-122.334297, 37.954563], [-122.334458, 37.95469], [-122.334626, 37.954812], [-122.334794, 37.954933], [-122.334962, 37.955055], [-122.33513, 37.955177], [-122.335175, 37.955209], [-122.335343, 37.95533], [-122.335511, 37.955452], [-122.33568, 37.955573], [-122.335847, 37.955696], [-122.335987, 37.955838], [-122.336062, 37.955914], [-122.336245, 37.956021], [-122.336429, 37.956128], [-122.336499, 37.956169], [-122.336669, 37.956289], [-122.336838, 37.95641], [-122.337007, 37.95653], [-122.337177, 37.956651], [-122.337309, 37.956745], [-122.337477, 37.956866], [-122.337646, 37.956988], [-122.337798, 37.957098], [-122.337967, 37.957219], [-122.338103, 37.957315], [-122.338181, 37.957371], [-122.338332, 37.957506], [-122.338483, 37.957641], [-122.338493, 37.95765], [-122.338683, 37.957749], [-122.338781, 37.9578], [-122.338829, 37.957833], [-122.338996, 37.957956], [-122.339167, 37.958075], [-122.339338, 37.958194], [-122.339509, 37.958313], [-122.339564, 37.958351], [-122.339732, 37.958473], [-122.339899, 37.958595], [-122.340067, 37.958717], [-122.34019, 37.958807], [-122.340039, 37.958942], [-122.33986, 37.959053], [-122.33975, 37.959122], [-122.339626, 37.959273], [-122.339502, 37.959424], [-122.339383, 37.959532], [-122.339227, 37.959663], [-122.339071, 37.959794], [-122.339026, 37.959832], [-122.338894, 37.959932], [-122.338722, 37.96005], [-122.338547, 37.960165], [-122.338372, 37.960281], [-122.338199, 37.960398], [-122.338053, 37.960498], [-122.337881, 37.960616], [-122.337776, 37.960688], [-122.337603, 37.960806], [-122.337431, 37.960923], [-122.337258, 37.961041], [-122.337215, 37.96107], [-122.33707, 37.961169], [-122.337002, 37.961222], [-122.33693, 37.961288], [-122.336854, 37.961365], [-122.336778, 37.961445], [-122.336704, 37.961536], [-122.336636, 37.961631], [-122.336589, 37.961705], [-122.33654, 37.961785], [-122.336491, 37.961878], [-122.336453, 37.961959], [-122.336415, 37.962056], [-122.336373, 37.962233], [-122.336314, 37.962406], [-122.336262, 37.962557], [-122.336299, 37.962735], [-122.336335, 37.962912], [-122.336335, 37.963092], [-122.336107, 37.963094], [-122.335879, 37.963088], [-122.335651, 37.963083], [-122.335423, 37.963077], [-122.335195, 37.963072], [-122.335085, 37.963069], [-122.334857, 37.963062], [-122.334629, 37.963055], [-122.334401, 37.963049], [-122.33431, 37.963046], [-122.334082, 37.963042], [-122.333956, 37.96304], [-122.333728, 37.963037], [-122.333626, 37.963036], [-122.333424, 37.963034], [-122.333196, 37.963037], [-122.332968, 37.963039], [-122.332755, 37.96304], [-122.332657, 37.963039], [-122.332581, 37.963038], [-122.332501, 37.963034], [-122.332357, 37.963026], [-122.33213, 37.963008], [-122.331903, 37.962992], [-122.331758, 37.962982], [-122.331531, 37.962962], [-122.331305, 37.962941], [-122.331078, 37.962921], [-122.330967, 37.962911], [-122.33074, 37.962892], [-122.330616, 37.962882], [-122.330553, 37.962875], [-122.33034, 37.962857], [-122.330112, 37.962847], [-122.329884, 37.962838], [-122.329708, 37.962834], [-122.329575, 37.962838], [-122.329456, 37.962855], [-122.329346, 37.962885], [-122.329241, 37.962927], [-122.32912, 37.962984], [-122.328922, 37.963073], [-122.328724, 37.963162], [-122.328636, 37.963202], [-122.328438, 37.963291], [-122.328285, 37.96336], [-122.32816, 37.963417], [-122.328132, 37.963453], [-122.327932, 37.96354], [-122.327884, 37.963561], [-122.327685, 37.963649], [-122.327592, 37.963691], [-122.327394, 37.96378], [-122.327196, 37.96387], [-122.327003, 37.963965], [-122.326904, 37.964014], [-122.32678, 37.964084], [-122.326627, 37.964173], [-122.326481, 37.964265], [-122.326372, 37.964332], [-122.326194, 37.964444], [-122.32604, 37.964539], [-122.325928, 37.964601], [-122.325761, 37.964692], [-122.325603, 37.964773], [-122.325407, 37.964865], [-122.325238, 37.964944], [-122.325079, 37.965014], [-122.324898, 37.96509], [-122.324768, 37.965151], [-122.324718, 37.965174], [-122.324648, 37.965211], [-122.32457, 37.965262], [-122.324407, 37.965388], [-122.324263, 37.9655], [-122.324126, 37.965602], [-122.323965, 37.965729], [-122.323922, 37.965763], [-122.323791, 37.965873], [-122.323639, 37.966007], [-122.323571, 37.966068], [-122.323424, 37.966182], [-122.323369, 37.966222], [-122.323297, 37.966264], [-122.323227, 37.966264], [-122.323167, 37.966282], [-122.323102, 37.966301], [-122.323031, 37.966318], [-122.322968, 37.966329], [-122.322904, 37.966334], [-122.322839, 37.966334], [-122.322743, 37.966328], [-122.322662, 37.966314], [-122.322577, 37.966293], [-122.322377, 37.966245], [-122.32216, 37.96619], [-122.321943, 37.966135], [-122.321725, 37.966081], [-122.321627, 37.966056], [-122.321598, 37.966132], [-122.321545, 37.966307], [-122.321498, 37.966462], [-122.321436, 37.966635], [-122.321379, 37.966794], [-122.321315, 37.966967], [-122.321298, 37.967014], [-122.321227, 37.967185], [-122.321159, 37.967348], [-122.321095, 37.967521], [-122.321046, 37.967655], [-122.320978, 37.967827], [-122.32091, 37.967998], [-122.320879, 37.968075], [-122.320812, 37.968247], [-122.320789, 37.968305], [-122.320733, 37.968479], [-122.320677, 37.968654], [-122.320633, 37.96883], [-122.320623, 37.968873], [-122.320578, 37.969049], [-122.320534, 37.969226], [-122.320506, 37.969335], [-122.32049, 37.969514], [-122.320474, 37.969694], [-122.320459, 37.969873], [-122.320455, 37.969914], [-122.320395, 37.970088], [-122.320336, 37.970261], [-122.320276, 37.970435], [-122.320235, 37.970556], [-122.320177, 37.97073], [-122.320119, 37.970904], [-122.320059, 37.971077], [-122.32, 37.971251], [-122.319942, 37.971425], [-122.319883, 37.971599], [-122.319825, 37.971773], [-122.319766, 37.971947], [-122.319707, 37.97212], [-122.319649, 37.972294], [-122.319592, 37.972468], [-122.319534, 37.972642], [-122.319476, 37.972816], [-122.319457, 37.972874], [-122.319399, 37.973048], [-122.319344, 37.973213], [-122.319285, 37.973387], [-122.319225, 37.97356], [-122.319166, 37.973734], [-122.319106, 37.973908], [-122.319047, 37.974081], [-122.318987, 37.974255], [-122.318928, 37.974429], [-122.31887, 37.974603], [-122.318811, 37.974776], [-122.318752, 37.97495], [-122.318693, 37.975124], [-122.31864, 37.975282], [-122.318582, 37.975456], [-122.318523, 37.97563], [-122.318483, 37.975749], [-122.318425, 37.975923], [-122.318367, 37.976097], [-122.31834, 37.976178], [-122.318298, 37.976295], [-122.31824, 37.976469], [-122.318181, 37.976643], [-122.318121, 37.976816], [-122.318082, 37.976928], [-122.318022, 37.977102], [-122.317963, 37.977275], [-122.317918, 37.977406], [-122.317861, 37.97758], [-122.317804, 37.977754], [-122.317747, 37.977929], [-122.317719, 37.978015], [-122.317661, 37.978189], [-122.317603, 37.978363], [-122.31758, 37.978433], [-122.317523, 37.978607], [-122.317507, 37.978657], [-122.317449, 37.978831], [-122.317405, 37.978961], [-122.317345, 37.979135], [-122.317324, 37.979197], [-122.317267, 37.979371], [-122.317206, 37.979545], [-122.31718, 37.979619], [-122.317122, 37.979793], [-122.317072, 37.979943], [-122.317013, 37.980117], [-122.316997, 37.980164], [-122.316938, 37.980338], [-122.316879, 37.980511], [-122.316832, 37.980649], [-122.316773, 37.980823], [-122.316715, 37.980997], [-122.316656, 37.98117], [-122.316597, 37.981344], [-122.316538, 37.981518], [-122.31648, 37.981692], [-122.316421, 37.981866], [-122.316362, 37.982039], [-122.316304, 37.982213], [-122.316245, 37.982387], [-122.316187, 37.982561], [-122.316128, 37.982735], [-122.316081, 37.982877], [-122.316024, 37.983051], [-122.315967, 37.983225], [-122.315953, 37.983405], [-122.315939, 37.983584], [-122.315925, 37.983752], [-122.315896, 37.98393], [-122.315887, 37.983983], [-122.315846, 37.984133], [-122.31579, 37.984307], [-122.315761, 37.984398], [-122.315711, 37.984573], [-122.315677, 37.98469], [-122.315618, 37.984864], [-122.31558, 37.984958], [-122.315519, 37.985088], [-122.315474, 37.985181], [-122.315394, 37.98535], [-122.315357, 37.985429], [-122.31527, 37.985595], [-122.315196, 37.985735], [-122.315095, 37.985896], [-122.314994, 37.986058], [-122.314958, 37.986116], [-122.314899, 37.986209], [-122.314793, 37.986368], [-122.314683, 37.986526], [-122.314657, 37.986564], [-122.314593, 37.986652], [-122.314529, 37.986744], [-122.314447, 37.986879], [-122.314624, 37.986886], [-122.314789, 37.986892], [-122.315017, 37.986901], [-122.315082, 37.986903], [-122.315204, 37.986902], [-122.315432, 37.986899], [-122.315621, 37.986897], [-122.315849, 37.9869], [-122.315905, 37.986901], [-122.316133, 37.986902], [-122.316361, 37.986904], [-122.316426, 37.986904], [-122.316638, 37.98692], [-122.316731, 37.986931], [-122.316866, 37.986952], [-122.317003, 37.986982], [-122.317074, 37.98688], [-122.317125, 37.986813], [-122.317236, 37.986656], [-122.317269, 37.986609], [-122.317381, 37.986452], [-122.317494, 37.986296], [-122.317606, 37.986139], [-122.317719, 37.985983], [-122.31777, 37.985912], [-122.317713, 37.985886], [-122.317629, 37.985852], [-122.317425, 37.985772], [-122.317241, 37.9857], [-122.317146, 37.985642], [-122.317094, 37.985686], [-122.31698, 37.985842], [-122.316876, 37.986002], [-122.316771, 37.986162], [-122.316666, 37.986321], [-122.316617, 37.986397], [-122.316533, 37.986422], [-122.316446, 37.986386], [-122.316418, 37.986352], [-122.316559, 37.986211], [-122.316644, 37.986126]]}}, {"type": "Feature", "properties": {"route": "57", "long_name": "40th St. - MacArthur", "color": "#377eb8"}, "geometry": {"type": "LineString", "coordinates": [[-122.296453, 37.845658], [-122.296371, 37.84549], [-122.29629, 37.845322], [-122.296232, 37.845148], [-122.296176, 37.844974], [-122.296119, 37.8448], [-122.296062, 37.844626], [-122.296004, 37.844452], [-122.295947, 37.844277], [-122.29589, 37.844103], [-122.295832, 37.843929], [-122.295775, 37.843755], [-122.295752, 37.843682], [-122.295722, 37.843594], [-122.295681, 37.843458], [-122.295626, 37.843283], [-122.295571, 37.843109], [-122.295516, 37.842934], [-122.295511, 37.842755], [-122.295508, 37.842652], [-122.295415, 37.842488], [-122.295323, 37.842323], [-122.295307, 37.842277], [-122.295251, 37.842103], [-122.295195, 37.841928], [-122.29514, 37.841754], [-122.295116, 37.84168], [-122.29506, 37.841506], [-122.295004, 37.841331], [-122.294948, 37.841157], [-122.294892, 37.840983], [-122.294836, 37.840808], [-122.29478, 37.840634], [-122.294739, 37.840505], [-122.294704, 37.840377], [-122.2947, 37.840257], [-122.294727, 37.840086], [-122.294798, 37.839915], [-122.29487, 37.839744], [-122.294941, 37.839574], [-122.294952, 37.839473], [-122.294925, 37.839308], [-122.29491, 37.839174], [-122.294856, 37.838999], [-122.294802, 37.838825], [-122.294766, 37.83871], [-122.294704, 37.838537], [-122.294663, 37.838411], [-122.294608, 37.838236], [-122.294553, 37.838062], [-122.294498, 37.837887], [-122.294452, 37.837741], [-122.294474, 37.837562], [-122.29449, 37.837433], [-122.294307, 37.837325], [-122.294205, 37.837265], [-122.294135, 37.83722], [-122.294057, 37.837182], [-122.293976, 37.837152], [-122.293854, 37.837128], [-122.293779, 37.837125], [-122.293552, 37.837134], [-122.293324, 37.837143], [-122.293097, 37.837155], [-122.293027, 37.837002], [-122.293012, 37.836866], [-122.292995, 37.836687], [-122.292978, 37.836507], [-122.292961, 37.836328], [-122.292944, 37.836149], [-122.292928, 37.835969], [-122.292912, 37.835804], [-122.292897, 37.835625], [-122.292891, 37.835548], [-122.292881, 37.835461], [-122.292878, 37.835316], [-122.292889, 37.835172], [-122.292915, 37.835027], [-122.292954, 37.834885], [-122.293014, 37.834731], [-122.293104, 37.834566], [-122.293128, 37.834521], [-122.293223, 37.834357], [-122.293324, 37.834196], [-122.293348, 37.834158], [-122.293394, 37.834056], [-122.293418, 37.833979], [-122.293457, 37.833835], [-122.293524, 37.833778], [-122.293544, 37.833608], [-122.293608, 37.833435], [-122.293641, 37.833348], [-122.293547, 37.833184], [-122.29346, 37.833031], [-122.2934, 37.832857], [-122.293377, 37.832793], [-122.293318, 37.832647], [-122.293254, 37.832474], [-122.293197, 37.8323], [-122.293178, 37.832244], [-122.293138, 37.832099], [-122.293108, 37.831968], [-122.293076, 37.83179], [-122.293056, 37.831611], [-122.293049, 37.83155], [-122.293039, 37.83137], [-122.293036, 37.831318], [-122.293025, 37.831138], [-122.293015, 37.830959], [-122.293004, 37.830779], [-122.292994, 37.830599], [-122.292988, 37.830506], [-122.292983, 37.830409], [-122.292973, 37.830229], [-122.292963, 37.83005], [-122.292953, 37.82987], [-122.292944, 37.829718], [-122.292925, 37.829584], [-122.292894, 37.829462], [-122.292846, 37.829327], [-122.292793, 37.829227], [-122.292731, 37.829125], [-122.292649, 37.829082], [-122.292606, 37.829034], [-122.292481, 37.82892], [-122.292382, 37.828849], [-122.292274, 37.828786], [-122.292156, 37.828732], [-122.292034, 37.82869], [-122.291904, 37.828657], [-122.29177, 37.828634], [-122.291634, 37.828622], [-122.291506, 37.828626], [-122.291282, 37.828657], [-122.291198, 37.828669], [-122.291082, 37.828696], [-122.290862, 37.828742], [-122.290777, 37.82876], [-122.290555, 37.8288], [-122.290333, 37.82884], [-122.290111, 37.82888], [-122.289928, 37.828913], [-122.28978, 37.828949], [-122.289564, 37.829005], [-122.289347, 37.82906], [-122.289152, 37.82911], [-122.288954, 37.829171], [-122.288733, 37.829214], [-122.28866, 37.829228], [-122.28844, 37.829274], [-122.28822, 37.82932], [-122.288, 37.829366], [-122.28781, 37.829405], [-122.287583, 37.829419], [-122.287356, 37.829433], [-122.287267, 37.829439], [-122.287067, 37.829525], [-122.286938, 37.829581], [-122.286808, 37.829555], [-122.286587, 37.829599], [-122.286488, 37.829618], [-122.286268, 37.829663], [-122.286047, 37.829708], [-122.285827, 37.829753], [-122.285606, 37.829798], [-122.285386, 37.829843], [-122.28516, 37.829869], [-122.284935, 37.829895], [-122.284882, 37.829901], [-122.284669, 37.829966], [-122.284457, 37.83003], [-122.284358, 37.83005], [-122.284137, 37.830093], [-122.283916, 37.830137], [-122.283691, 37.830162], [-122.283465, 37.830187], [-122.283446, 37.830189], [-122.283234, 37.830254], [-122.283022, 37.830319], [-122.28296, 37.830334], [-122.282739, 37.830379], [-122.282519, 37.830423], [-122.282298, 37.830468], [-122.282125, 37.830503], [-122.281904, 37.830548], [-122.281684, 37.830592], [-122.281456, 37.830601], [-122.281322, 37.830607], [-122.281117, 37.830685], [-122.280986, 37.830735], [-122.280774, 37.830781], [-122.280553, 37.830825], [-122.280332, 37.830869], [-122.280112, 37.830913], [-122.279902, 37.830955], [-122.279765, 37.830985], [-122.279546, 37.831034], [-122.279319, 37.831052], [-122.279093, 37.831071], [-122.279039, 37.831075], [-122.278832, 37.831149], [-122.278624, 37.831223], [-122.278404, 37.831268], [-122.278231, 37.831278], [-122.278151, 37.831276], [-122.278063, 37.831266], [-122.277839, 37.831232], [-122.277616, 37.831198], [-122.277392, 37.831164], [-122.277281, 37.831147], [-122.277058, 37.83111], [-122.276835, 37.831073], [-122.276646, 37.831042], [-122.276423, 37.831004], [-122.276201, 37.830965], [-122.275978, 37.830927], [-122.275879, 37.83091], [-122.275656, 37.830872], [-122.275434, 37.830835], [-122.275211, 37.830797], [-122.27511, 37.83078], [-122.274887, 37.830745], [-122.274663, 37.83071], [-122.27444, 37.830675], [-122.274216, 37.830641], [-122.274078, 37.830619], [-122.273867, 37.830552], [-122.273665, 37.830488], [-122.273437, 37.830484], [-122.27321, 37.830479], [-122.272986, 37.830445], [-122.272763, 37.83041], [-122.272539, 37.830376], [-122.272316, 37.830341], [-122.272092, 37.830307], [-122.271869, 37.830271], [-122.271646, 37.830235], [-122.271433, 37.830171], [-122.271243, 37.830113], [-122.271015, 37.830106], [-122.270788, 37.830099], [-122.270565, 37.830062], [-122.270342, 37.830027], [-122.270118, 37.829992], [-122.269895, 37.829956], [-122.269672, 37.829921], [-122.269448, 37.829886], [-122.269225, 37.82985], [-122.269164, 37.829841], [-122.268941, 37.829805], [-122.268718, 37.829769], [-122.268495, 37.829732], [-122.268431, 37.829722], [-122.268292, 37.829703], [-122.268081, 37.829635], [-122.267891, 37.829573], [-122.267663, 37.829573], [-122.267488, 37.829573], [-122.267267, 37.82953], [-122.267043, 37.829496], [-122.26694, 37.829481], [-122.266725, 37.829421], [-122.26651, 37.829362], [-122.266482, 37.829354], [-122.266254, 37.829353], [-122.266075, 37.829352], [-122.265852, 37.829316], [-122.265629, 37.82928], [-122.265406, 37.829244], [-122.265183, 37.829208], [-122.264964, 37.829159], [-122.264744, 37.82911], [-122.264675, 37.829094], [-122.264449, 37.829074], [-122.264241, 37.829055], [-122.264018, 37.82902], [-122.263794, 37.828985], [-122.263571, 37.82895], [-122.263348, 37.828915], [-122.263211, 37.828894], [-122.262988, 37.828859], [-122.262764, 37.828824], [-122.262541, 37.828789], [-122.262318, 37.828753], [-122.262094, 37.828718], [-122.262017, 37.828706], [-122.261794, 37.82867], [-122.261571, 37.828634], [-122.261348, 37.828598], [-122.261137, 37.82853], [-122.261004, 37.828488], [-122.260776, 37.828486], [-122.260612, 37.828484], [-122.260453, 37.828461], [-122.260229, 37.828427], [-122.260006, 37.828394], [-122.259782, 37.82836], [-122.259559, 37.828323], [-122.259336, 37.828286], [-122.259113, 37.828249], [-122.258891, 37.828212], [-122.258779, 37.828194], [-122.258555, 37.828162], [-122.258504, 37.828155], [-122.258282, 37.828115], [-122.258226, 37.828105], [-122.258145, 37.828088], [-122.258062, 37.828066], [-122.257967, 37.828035], [-122.257824, 37.827982], [-122.257659, 37.827917], [-122.257454, 37.827838], [-122.257267, 37.827735], [-122.25708, 37.827633], [-122.257059, 37.827621], [-122.256946, 37.827465], [-122.256868, 37.827357], [-122.256964, 37.827194], [-122.257066, 37.827033], [-122.257169, 37.826873], [-122.257271, 37.826712], [-122.257297, 37.826672], [-122.257397, 37.82651], [-122.257496, 37.826349], [-122.257579, 37.826214], [-122.257678, 37.826052], [-122.257738, 37.825954], [-122.257841, 37.825794], [-122.257944, 37.825633], [-122.258047, 37.825473], [-122.258149, 37.825312], [-122.258252, 37.825152], [-122.258355, 37.824991], [-122.258458, 37.824831], [-122.258564, 37.824671], [-122.25867, 37.824512], [-122.258741, 37.824397], [-122.25859, 37.82435], [-122.258404, 37.824286], [-122.258203, 37.824202], [-122.258038, 37.824077], [-122.257874, 37.823953], [-122.257811, 37.823905], [-122.257606, 37.823827], [-122.257476, 37.823778], [-122.257307, 37.823657], [-122.257139, 37.823536], [-122.25709, 37.823501], [-122.256921, 37.82338], [-122.256753, 37.823259], [-122.256658, 37.823187], [-122.256524, 37.823041], [-122.256444, 37.822954], [-122.256252, 37.822857], [-122.25606, 37.822761], [-122.25599, 37.822712], [-122.255825, 37.822588], [-122.255732, 37.822517], [-122.255563, 37.822396], [-122.255495, 37.822348], [-122.255374, 37.822258], [-122.255264, 37.822171], [-122.255161, 37.822087], [-122.255067, 37.822008], [-122.25501, 37.821952], [-122.254942, 37.82188], [-122.254897, 37.821827], [-122.254858, 37.82178], [-122.254812, 37.821604], [-122.254789, 37.821515], [-122.25473, 37.82153], [-122.2547, 37.82146], [-122.25465, 37.82128], [-122.25464, 37.82123], [-122.25463, 37.82118], [-122.25462, 37.82111], [-122.25461, 37.8211], [-122.25461, 37.82108], [-122.2546, 37.82103], [-122.25456, 37.82086], [-122.25455, 37.82077], [-122.25454, 37.82073], [-122.25452, 37.820625], [-122.2545, 37.82052], [-122.254475, 37.82041], [-122.25445, 37.8203], [-122.254415, 37.820125], [-122.25438, 37.81995], [-122.25437, 37.81987], [-122.25434, 37.81972], [-122.25431, 37.81957], [-122.2543, 37.81952], [-122.25429, 37.81951], [-122.25429, 37.81948], [-122.25428, 37.81943], [-122.25427, 37.81939], [-122.25426, 37.81934], [-122.25426, 37.81933], [-122.25425, 37.8193], [-122.25424, 37.81925], [-122.25423, 37.8192], [-122.25422, 37.81916], [-122.25419, 37.81907], [-122.25416, 37.819], [-122.25415, 37.81896], [-122.25414, 37.81894], [-122.25413, 37.81893], [-122.25412, 37.81891], [-122.25409, 37.81885], [-122.25407, 37.81883], [-122.25404, 37.81877], [-122.25397, 37.8187], [-122.25393, 37.81865], [-122.25389, 37.81861], [-122.25386, 37.81854], [-122.25386, 37.81853], [-122.25381, 37.81848], [-122.2538, 37.81846], [-122.25379, 37.81846], [-122.25375, 37.81841], [-122.25374, 37.81841], [-122.25373, 37.81839], [-122.2537, 37.81837], [-122.25361, 37.81826], [-122.25351, 37.81816], [-122.25349, 37.81814], [-122.25348, 37.81814], [-122.25348, 37.81813], [-122.25346, 37.81812], [-122.25341, 37.81806], [-122.25336, 37.81802], [-122.25334, 37.818], [-122.25331, 37.81797], [-122.25321, 37.81786], [-122.25319, 37.81784], [-122.25315, 37.81779], [-122.25313, 37.81768], [-122.25308, 37.81762], [-122.25304, 37.81757], [-122.25303, 37.81756], [-122.25303, 37.81755], [-122.25301, 37.81751], [-122.25297, 37.81744], [-122.25296, 37.81742], [-122.2529, 37.81731], [-122.252922, 37.817221], [-122.252784, 37.817078], [-122.252705, 37.816996], [-122.252626, 37.816827], [-122.252548, 37.816658], [-122.252469, 37.81649], [-122.25239, 37.816321], [-122.252365, 37.816268], [-122.252336, 37.81609], [-122.252311, 37.815938], [-122.2522, 37.815781], [-122.25209, 37.815624], [-122.252041, 37.815554], [-122.251966, 37.815384], [-122.251892, 37.815214], [-122.251817, 37.815044], [-122.251741, 37.814875], [-122.251664, 37.814705], [-122.251588, 37.814536], [-122.251511, 37.814367], [-122.251435, 37.814197], [-122.251387, 37.814091], [-122.251317, 37.81392], [-122.251249, 37.813748], [-122.251233, 37.813707], [-122.251178, 37.813532], [-122.251178, 37.813353], [-122.251178, 37.813202], [-122.251086, 37.813038], [-122.250993, 37.812873], [-122.250943, 37.812698], [-122.250895, 37.812522], [-122.25088, 37.812468], [-122.250829, 37.812293], [-122.250777, 37.812118], [-122.250762, 37.812065], [-122.250718, 37.811889], [-122.250702, 37.811823], [-122.250658, 37.811678], [-122.250636, 37.811616], [-122.250585, 37.811441], [-122.250548, 37.811312], [-122.250369, 37.811201], [-122.250275, 37.811142], [-122.250199, 37.811073], [-122.250119, 37.811009], [-122.250015, 37.810927], [-122.249902, 37.810846], [-122.249735, 37.810723], [-122.24969, 37.81069], [-122.249511, 37.810579], [-122.24938, 37.810498], [-122.249232, 37.810361], [-122.249096, 37.810236], [-122.248879, 37.810181], [-122.248699, 37.810136], [-122.248494, 37.810058], [-122.248341, 37.809999], [-122.248127, 37.809938], [-122.247912, 37.809878], [-122.247714, 37.809789], [-122.247528, 37.809706], [-122.247305, 37.809672], [-122.247081, 37.809637], [-122.247005, 37.809608], [-122.246911, 37.809567], [-122.246776, 37.809483], [-122.246698, 37.809434], [-122.246557, 37.809373], [-122.246344, 37.809309], [-122.246262, 37.809285], [-122.246164, 37.809234], [-122.246093, 37.809202], [-122.245883, 37.809132], [-122.245819, 37.80911], [-122.245609, 37.80904], [-122.245486, 37.808999], [-122.245354, 37.808956], [-122.245142, 37.808891], [-122.244929, 37.808827], [-122.244827, 37.808796], [-122.244642, 37.808691], [-122.244452, 37.808583], [-122.244227, 37.808556], [-122.244002, 37.808529], [-122.24379, 37.808464], [-122.243579, 37.808396], [-122.243369, 37.808327], [-122.243159, 37.808256], [-122.24295, 37.808186], [-122.242891, 37.808166], [-122.242719, 37.808099], [-122.24256, 37.808025], [-122.242395, 37.807933], [-122.242227, 37.807827], [-122.242084, 37.807722], [-122.241953, 37.807608], [-122.241841, 37.807502], [-122.241716, 37.807352], [-122.241626, 37.807186], [-122.241537, 37.807021], [-122.24153, 37.807008], [-122.241312, 37.806955], [-122.241191, 37.806926], [-122.241106, 37.806893], [-122.241032, 37.806869], [-122.240937, 37.806837], [-122.240878, 37.806826], [-122.240797, 37.806805], [-122.240712, 37.806785], [-122.240628, 37.806772], [-122.240556, 37.806764], [-122.24047, 37.806757], [-122.240376, 37.806756], [-122.240278, 37.806758], [-122.240174, 37.806764], [-122.240037, 37.806765], [-122.239946, 37.806767], [-122.23982, 37.806759], [-122.23974, 37.806749], [-122.239609, 37.806719], [-122.239483, 37.806677], [-122.239364, 37.806626], [-122.239247, 37.806561], [-122.239109, 37.806471], [-122.238988, 37.806381], [-122.238819, 37.806261], [-122.238648, 37.806157], [-122.238459, 37.806057], [-122.238264, 37.805964], [-122.238189, 37.805928], [-122.237988, 37.805844], [-122.237781, 37.805768], [-122.237704, 37.80574], [-122.237492, 37.805674], [-122.237281, 37.805608], [-122.237101, 37.805497], [-122.23695, 37.805404], [-122.236726, 37.80537], [-122.236503, 37.805336], [-122.236294, 37.805264], [-122.236123, 37.805201], [-122.236023, 37.805161], [-122.235946, 37.805126], [-122.235874, 37.805091], [-122.235779, 37.805043], [-122.235641, 37.804969], [-122.235486, 37.80488], [-122.235305, 37.804771], [-122.235123, 37.804663], [-122.234984, 37.804583], [-122.234861, 37.804507], [-122.234671, 37.804408], [-122.234548, 37.80434], [-122.234432, 37.804286], [-122.234268, 37.804161], [-122.234134, 37.804059], [-122.23392, 37.803997], [-122.233774, 37.803955], [-122.233607, 37.803833], [-122.23344, 37.803711], [-122.233273, 37.803588], [-122.233112, 37.803461], [-122.232951, 37.803334], [-122.23279, 37.803207], [-122.232629, 37.80308], [-122.232468, 37.802953], [-122.232307, 37.802825], [-122.232146, 37.802698], [-122.231985, 37.802571], [-122.231854, 37.802424], [-122.231741, 37.802297], [-122.231552, 37.802197], [-122.231417, 37.802125], [-122.231245, 37.802007], [-122.231074, 37.801889], [-122.230902, 37.801771], [-122.23073, 37.801653], [-122.230561, 37.801532], [-122.230392, 37.801412], [-122.230311, 37.801354], [-122.230254, 37.801312], [-122.230085, 37.801191], [-122.229917, 37.80107], [-122.229748, 37.80095], [-122.229659, 37.800886], [-122.229491, 37.800765], [-122.229345, 37.800627], [-122.229193, 37.800482], [-122.228984, 37.800411], [-122.228774, 37.800341], [-122.228694, 37.800314], [-122.228592, 37.800296], [-122.228369, 37.800258], [-122.228147, 37.80022], [-122.228034, 37.800201], [-122.227814, 37.800156], [-122.22759, 37.800122], [-122.22749, 37.800107], [-122.227265, 37.800132], [-122.227145, 37.800145], [-122.227021, 37.800296], [-122.226933, 37.800404], [-122.226741, 37.800501], [-122.226647, 37.800549], [-122.226458, 37.800649], [-122.226345, 37.800708], [-122.226247, 37.800762], [-122.226085, 37.800843], [-122.226036, 37.800873], [-122.226001, 37.800904], [-122.225984, 37.801008], [-122.225911, 37.800991], [-122.225855, 37.800975], [-122.225791, 37.80096], [-122.22557, 37.800917], [-122.225355, 37.800876], [-122.225134, 37.800833], [-122.224921, 37.80077], [-122.224707, 37.800708], [-122.224632, 37.800686], [-122.224405, 37.800673], [-122.224178, 37.800659], [-122.223956, 37.800621], [-122.223877, 37.800607], [-122.223655, 37.800566], [-122.223434, 37.800525], [-122.223212, 37.800483], [-122.223005, 37.800408], [-122.222855, 37.800354], [-122.222627, 37.800348], [-122.22248, 37.800344], [-122.222259, 37.800302], [-122.222045, 37.800262], [-122.221824, 37.80022], [-122.221603, 37.800177], [-122.221381, 37.800137], [-122.221168, 37.800072], [-122.220956, 37.800007], [-122.220904, 37.799991], [-122.220677, 37.799982], [-122.220483, 37.799975], [-122.220354, 37.799953], [-122.220256, 37.799945], [-122.220179, 37.799947], [-122.220121, 37.799956], [-122.220038, 37.799976], [-122.219967, 37.800003], [-122.219894, 37.800043], [-122.21982, 37.800093], [-122.219758, 37.800139], [-122.219704, 37.800188], [-122.219648, 37.800245], [-122.2196, 37.800301], [-122.219557, 37.800365], [-122.219494, 37.800462], [-122.219434, 37.80055], [-122.219387, 37.80062], [-122.219221, 37.800743], [-122.219118, 37.80082], [-122.218925, 37.800916], [-122.218762, 37.800997], [-122.218697, 37.800991], [-122.218622, 37.800982], [-122.218555, 37.800969], [-122.21835, 37.800922], [-122.218133, 37.800867], [-122.217966, 37.800825], [-122.21775, 37.800769], [-122.217533, 37.800713], [-122.217317, 37.800658], [-122.217264, 37.800644], [-122.217047, 37.800589], [-122.21683, 37.800534], [-122.216631, 37.800484], [-122.216416, 37.800425], [-122.216201, 37.800366], [-122.216139, 37.800349], [-122.215937, 37.800265], [-122.215789, 37.800204], [-122.215564, 37.800178], [-122.215397, 37.800158], [-122.21518, 37.800104], [-122.215031, 37.800068], [-122.214814, 37.800014], [-122.214597, 37.799959], [-122.214491, 37.799933], [-122.214275, 37.799876], [-122.214067, 37.799821], [-122.21385, 37.799767], [-122.213633, 37.799712], [-122.213416, 37.799657], [-122.21321, 37.799581], [-122.213004, 37.799505], [-122.21293, 37.799478], [-122.212704, 37.799459], [-122.212588, 37.79945], [-122.212371, 37.799395], [-122.212155, 37.799339], [-122.211938, 37.799284], [-122.211752, 37.799236], [-122.211535, 37.799182], [-122.211318, 37.799127], [-122.211118, 37.799042], [-122.210917, 37.798957], [-122.210897, 37.798948], [-122.21067, 37.798933], [-122.210543, 37.798925], [-122.210326, 37.798871], [-122.210109, 37.798816], [-122.209892, 37.798761], [-122.209675, 37.798707], [-122.209459, 37.798652], [-122.209255, 37.798572], [-122.209051, 37.798492], [-122.209001, 37.798473], [-122.208773, 37.798475], [-122.208572, 37.798477], [-122.208443, 37.7985], [-122.208292, 37.798532], [-122.208084, 37.798579], [-122.207995, 37.798594], [-122.207931, 37.798602], [-122.207849, 37.798611], [-122.207793, 37.798608], [-122.207738, 37.798602], [-122.207671, 37.798578], [-122.207586, 37.798542], [-122.207446, 37.79848], [-122.207327, 37.798424], [-122.20713, 37.798333], [-122.206934, 37.798243], [-122.206737, 37.798152], [-122.20654, 37.798062], [-122.206344, 37.797971], [-122.206147, 37.79788], [-122.206101, 37.797859], [-122.205903, 37.797771], [-122.205704, 37.797683], [-122.205506, 37.797595], [-122.205318, 37.797493], [-122.205135, 37.797393], [-122.204926, 37.797322], [-122.204819, 37.797285], [-122.204768, 37.797251], [-122.20461, 37.797122], [-122.204452, 37.796992], [-122.204294, 37.796863], [-122.204136, 37.796733], [-122.203978, 37.796604], [-122.20382, 37.796474], [-122.203679, 37.796333], [-122.203538, 37.796191], [-122.203509, 37.796162], [-122.203331, 37.79605], [-122.2032, 37.795968], [-122.203042, 37.795839], [-122.202883, 37.79571], [-122.202724, 37.795581], [-122.202566, 37.795452], [-122.202407, 37.795323], [-122.202248, 37.795194], [-122.20209, 37.795065], [-122.202012, 37.795002], [-122.201853, 37.794873], [-122.201708, 37.794756], [-122.201613, 37.794732], [-122.20146, 37.794599], [-122.201367, 37.794518], [-122.201261, 37.794418], [-122.201216, 37.794372], [-122.201081, 37.794227], [-122.200969, 37.794107], [-122.200891, 37.793938], [-122.200851, 37.79385], [-122.200677, 37.793734], [-122.200518, 37.793628], [-122.200384, 37.793482], [-122.200251, 37.793337], [-122.200123, 37.793198], [-122.199997, 37.793061], [-122.199866, 37.792914], [-122.199747, 37.79278], [-122.199616, 37.792633], [-122.199485, 37.792486], [-122.199418, 37.79241], [-122.199284, 37.792265], [-122.199149, 37.79212], [-122.199015, 37.791974], [-122.198881, 37.791829], [-122.198826, 37.791769], [-122.198695, 37.791622], [-122.198564, 37.791475], [-122.198433, 37.791328], [-122.198302, 37.791181], [-122.198245, 37.791117], [-122.198154, 37.790952], [-122.198091, 37.790837], [-122.197919, 37.790719], [-122.1978, 37.790637], [-122.197738, 37.790569], [-122.197606, 37.790423], [-122.197473, 37.790276], [-122.197341, 37.79013], [-122.197209, 37.789983], [-122.197077, 37.789837], [-122.196944, 37.789691], [-122.196876, 37.789615], [-122.196743, 37.789469], [-122.196609, 37.789324], [-122.19655, 37.789259], [-122.196459, 37.789163], [-122.196324, 37.789018], [-122.196189, 37.788873], [-122.196114, 37.788704], [-122.196067, 37.788599], [-122.195892, 37.788484], [-122.195728, 37.788376], [-122.195593, 37.788231], [-122.195458, 37.788086], [-122.195323, 37.787942], [-122.195188, 37.787797], [-122.195057, 37.78765], [-122.194926, 37.787502], [-122.194821, 37.787384], [-122.194767, 37.787311], [-122.194728, 37.787245], [-122.19465, 37.787076], [-122.194607, 37.786981], [-122.194452, 37.786849], [-122.194297, 37.786718], [-122.194193, 37.786558], [-122.194137, 37.786464], [-122.194042, 37.786329], [-122.193981, 37.786261], [-122.19392, 37.786193], [-122.193779, 37.786052], [-122.193741, 37.786009], [-122.193596, 37.78587], [-122.193451, 37.785732], [-122.193305, 37.785594], [-122.1932, 37.785496], [-122.193106, 37.785412], [-122.193012, 37.785324], [-122.192841, 37.785205], [-122.192706, 37.785107], [-122.192617, 37.785049], [-122.192536, 37.784998], [-122.192446, 37.784947], [-122.192351, 37.784898], [-122.192214, 37.784828], [-122.192024, 37.784738], [-122.191822, 37.784655], [-122.191619, 37.784585], [-122.191405, 37.784524], [-122.191191, 37.784463], [-122.190975, 37.784405], [-122.19076, 37.784348], [-122.190662, 37.784322], [-122.190445, 37.784268], [-122.190301, 37.784232], [-122.190088, 37.784169], [-122.190023, 37.784146], [-122.189813, 37.784076], [-122.189703, 37.78404], [-122.189525, 37.784002], [-122.18936, 37.783957], [-122.18922, 37.783922], [-122.189108, 37.783895], [-122.188967, 37.783866], [-122.188867, 37.783839], [-122.188751, 37.783807], [-122.188647, 37.783776], [-122.188589, 37.783749], [-122.188513, 37.783709], [-122.188472, 37.783682], [-122.188424, 37.783646], [-122.188374, 37.783601], [-122.188321, 37.783543], [-122.188198, 37.783392], [-122.188163, 37.783349], [-122.188107, 37.783175], [-122.188064, 37.783056], [-122.188014, 37.782919], [-122.188024, 37.782739], [-122.18803, 37.782625], [-122.187903, 37.782476], [-122.187811, 37.782367], [-122.187748, 37.782194], [-122.187706, 37.782078], [-122.187643, 37.781905], [-122.18758, 37.781732], [-122.187523, 37.781594], [-122.18745, 37.781424], [-122.187376, 37.781254], [-122.187302, 37.781083], [-122.187255, 37.780974], [-122.18723, 37.780907], [-122.187209, 37.780842], [-122.187158, 37.780667], [-122.187126, 37.780554], [-122.187078, 37.780378], [-122.18703, 37.780202], [-122.186985, 37.780037], [-122.186973, 37.77998], [-122.186966, 37.779928], [-122.186964, 37.779877], [-122.186967, 37.779821], [-122.186987, 37.779642], [-122.187007, 37.779463], [-122.187027, 37.779283], [-122.187048, 37.779104], [-122.187066, 37.778943], [-122.187082, 37.778824], [-122.187092, 37.778774], [-122.187104, 37.778729], [-122.187124, 37.778686], [-122.187171, 37.778614], [-122.18721, 37.778578], [-122.187255, 37.778544], [-122.187356, 37.778477], [-122.187498, 37.778379], [-122.187616, 37.7783], [-122.187742, 37.778214], [-122.187815, 37.778165], [-122.187909, 37.778093], [-122.187965, 37.778031], [-122.188001, 37.777973], [-122.188019, 37.777919], [-122.188078, 37.777745], [-122.188113, 37.777644], [-122.187926, 37.777541], [-122.18778, 37.77746], [-122.187674, 37.77736], [-122.187551, 37.777252], [-122.187481, 37.777189], [-122.187378, 37.777096], [-122.187231, 37.776959], [-122.187094, 37.77683], [-122.186945, 37.776694], [-122.186796, 37.776558], [-122.186648, 37.776422], [-122.186533, 37.776317], [-122.186385, 37.77618], [-122.186268, 37.776026], [-122.18615, 37.775872], [-122.186109, 37.775819], [-122.185902, 37.775744], [-122.185793, 37.775705], [-122.185685, 37.77564], [-122.185569, 37.775575], [-122.185434, 37.775494], [-122.185377, 37.775449], [-122.185317, 37.775391], [-122.185166, 37.775256], [-122.185015, 37.775122], [-122.184865, 37.774987], [-122.184714, 37.774852], [-122.184566, 37.774716], [-122.184417, 37.774579], [-122.184269, 37.774443], [-122.184121, 37.774306], [-122.184053, 37.774244], [-122.183904, 37.774108], [-122.183864, 37.774072], [-122.183715, 37.773936], [-122.183566, 37.7738], [-122.183444, 37.773648], [-122.183322, 37.773497], [-122.183288, 37.773455], [-122.183114, 37.773339], [-122.18294, 37.773223], [-122.182791, 37.773087], [-122.182723, 37.773024], [-122.182572, 37.772889], [-122.182421, 37.772755], [-122.18227, 37.77262], [-122.182119, 37.772486], [-122.182002, 37.772331], [-122.181886, 37.772177], [-122.181867, 37.772152], [-122.181737, 37.772004], [-122.181663, 37.77192], [-122.181647, 37.77187], [-122.181625, 37.771794], [-122.18161, 37.771693], [-122.181608, 37.77158], [-122.181621, 37.771447], [-122.181635, 37.771367], [-122.181672, 37.77119], [-122.181688, 37.771114], [-122.181727, 37.770937], [-122.181766, 37.77076], [-122.181788, 37.77066], [-122.181805, 37.770537], [-122.181827, 37.770415], [-122.18162, 37.770341], [-122.181497, 37.770297], [-122.18127, 37.77031], [-122.181043, 37.770323], [-122.180921, 37.770308], [-122.1807, 37.770264], [-122.18048, 37.77022], [-122.180255, 37.77019], [-122.180031, 37.77016], [-122.179807, 37.77013], [-122.179608, 37.770103], [-122.179383, 37.770074], [-122.179159, 37.770045], [-122.178934, 37.770016], [-122.17871, 37.769987], [-122.178485, 37.769957], [-122.178261, 37.769928], [-122.178036, 37.769899], [-122.177812, 37.769869], [-122.177587, 37.76984], [-122.17741, 37.769817], [-122.177192, 37.769766], [-122.176974, 37.769714], [-122.176943, 37.769707], [-122.176716, 37.76969], [-122.17652, 37.769676], [-122.176296, 37.769646], [-122.176073, 37.76961], [-122.175947, 37.76959], [-122.175723, 37.76956], [-122.175499, 37.769529], [-122.175393, 37.769515], [-122.175169, 37.769485], [-122.174945, 37.769454], [-122.174825, 37.769438], [-122.174601, 37.769408], [-122.174387, 37.769347], [-122.174173, 37.769286], [-122.174148, 37.769279], [-122.173921, 37.769283], [-122.173693, 37.769287], [-122.173467, 37.769264], [-122.173352, 37.769251], [-122.173126, 37.76923], [-122.1729, 37.76921], [-122.17284, 37.769204], [-122.172746, 37.769197], [-122.172648, 37.769193], [-122.172555, 37.769191], [-122.172451, 37.76919], [-122.172354, 37.769187], [-122.172258, 37.769178], [-122.172067, 37.769162], [-122.172028, 37.769135], [-122.1719, 37.769036], [-122.171729, 37.768917], [-122.171666, 37.768874], [-122.171495, 37.768755], [-122.171331, 37.768642], [-122.171158, 37.768525], [-122.170986, 37.768407], [-122.170853, 37.768317], [-122.170682, 37.768198], [-122.170511, 37.768079], [-122.17034, 37.767961], [-122.170169, 37.767842], [-122.170014, 37.767735], [-122.169842, 37.767617], [-122.169755, 37.767558], [-122.169586, 37.767438], [-122.169488, 37.767275], [-122.169415, 37.767153], [-122.169203, 37.767087], [-122.168992, 37.767021], [-122.16882, 37.766903], [-122.168648, 37.766785], [-122.168476, 37.766667], [-122.168311, 37.766555], [-122.168225, 37.766495], [-122.168138, 37.766431], [-122.168058, 37.766263], [-122.16799, 37.766118], [-122.16782, 37.765998], [-122.16765, 37.765879], [-122.167518, 37.765732], [-122.167389, 37.765584], [-122.16726, 37.765436], [-122.167216, 37.765385], [-122.167089, 37.765236], [-122.167033, 37.76517], [-122.166904, 37.765022], [-122.166842, 37.76495], [-122.166714, 37.764801], [-122.166635, 37.764633], [-122.166556, 37.764464], [-122.16654, 37.76443], [-122.166368, 37.764312], [-122.166196, 37.764195], [-122.166065, 37.764048], [-122.165936, 37.763899], [-122.165808, 37.763751], [-122.16568, 37.763602], [-122.165552, 37.763453], [-122.165435, 37.763318], [-122.165306, 37.76317], [-122.165176, 37.763022], [-122.165047, 37.762874], [-122.164961, 37.762708], [-122.164874, 37.762541], [-122.16485, 37.762495], [-122.164679, 37.762376], [-122.164508, 37.762257], [-122.164376, 37.762111], [-122.164248, 37.761962], [-122.16412, 37.761814], [-122.163992, 37.761665], [-122.163922, 37.761494], [-122.16386, 37.76134], [-122.163686, 37.761224], [-122.163513, 37.761108], [-122.163434, 37.761023], [-122.163319, 37.760868], [-122.163253, 37.76078], [-122.163221, 37.760717], [-122.163178, 37.760615], [-122.163151, 37.760539], [-122.163158, 37.760359], [-122.163164, 37.76022], [-122.163034, 37.760073], [-122.162934, 37.75996], [-122.162871, 37.759787], [-122.162809, 37.759614], [-122.162746, 37.759441], [-122.162683, 37.759268], [-122.162621, 37.759095], [-122.162558, 37.758923], [-122.162495, 37.75875], [-122.162432, 37.758577], [-122.16237, 37.758404], [-122.162319, 37.758264], [-122.162256, 37.758091], [-122.162193, 37.757918], [-122.162175, 37.757868], [-122.162112, 37.757695], [-122.162121, 37.757515], [-122.162128, 37.757388], [-122.16201, 37.757234], [-122.161893, 37.75708], [-122.161826, 37.756908], [-122.161763, 37.756735], [-122.1617, 37.756562], [-122.161712, 37.756502], [-122.161694, 37.756423], [-122.16163, 37.75625], [-122.161565, 37.756078], [-122.161501, 37.755905], [-122.161473, 37.755831], [-122.161409, 37.755658], [-122.161385, 37.755594], [-122.161352, 37.755416], [-122.161323, 37.755262], [-122.16123, 37.755098], [-122.161138, 37.754933], [-122.161072, 37.754761], [-122.161006, 37.754589], [-122.160943, 37.754416], [-122.160879, 37.754244], [-122.160859, 37.754188], [-122.160797, 37.754015], [-122.160735, 37.753842], [-122.160714, 37.753785], [-122.160652, 37.753612], [-122.160591, 37.753439], [-122.160556, 37.753261], [-122.160521, 37.753083], [-122.160506, 37.753008], [-122.160383, 37.752857], [-122.160292, 37.752746], [-122.160264, 37.752674], [-122.160206, 37.7525], [-122.160147, 37.752326], [-122.160089, 37.752152], [-122.16003, 37.751979], [-122.160014, 37.751932], [-122.159953, 37.751759], [-122.159941, 37.751579], [-122.159929, 37.7514], [-122.159926, 37.751358], [-122.159778, 37.751222], [-122.159647, 37.751101], [-122.159574, 37.750987], [-122.159471, 37.750827], [-122.159405, 37.750724], [-122.159301, 37.750564], [-122.159197, 37.750404], [-122.159132, 37.750232], [-122.159066, 37.750059], [-122.159045, 37.750003], [-122.158902, 37.749863], [-122.158758, 37.749724], [-122.158706, 37.749673], [-122.158626, 37.749552], [-122.15852, 37.749393], [-122.158415, 37.749233], [-122.158356, 37.749145], [-122.158252, 37.748985], [-122.158147, 37.748825], [-122.158099, 37.748751], [-122.158047, 37.748576], [-122.157994, 37.748396], [-122.157843, 37.748262], [-122.157692, 37.748127], [-122.157585, 37.747968], [-122.157481, 37.747808], [-122.157377, 37.747649], [-122.157272, 37.747489], [-122.157196, 37.747372], [-122.157164, 37.747194], [-122.157144, 37.747084], [-122.156984, 37.746956], [-122.156859, 37.746856], [-122.156752, 37.746697], [-122.156649, 37.746537], [-122.156545, 37.746377], [-122.156454, 37.746236], [-122.156402, 37.74615], [-122.156356, 37.746085], [-122.156311, 37.746035], [-122.156255, 37.745988], [-122.156194, 37.745941], [-122.156129, 37.745897], [-122.155953, 37.745783], [-122.155777, 37.745669], [-122.155649, 37.74552], [-122.155551, 37.745407], [-122.155338, 37.745343], [-122.155211, 37.745305], [-122.155035, 37.745191], [-122.154865, 37.745072], [-122.154781, 37.745012], [-122.154613, 37.744891], [-122.154445, 37.74477], [-122.154378, 37.744722], [-122.154232, 37.744609], [-122.154068, 37.744484], [-122.15392, 37.744371], [-122.153762, 37.744241], [-122.153621, 37.744125], [-122.153478, 37.743985], [-122.153394, 37.743904], [-122.153253, 37.743763], [-122.153153, 37.743663], [-122.153018, 37.743518], [-122.152887, 37.743377], [-122.152749, 37.743234], [-122.152611, 37.743091], [-122.152482, 37.742957], [-122.152278, 37.743037], [-122.152077, 37.743116], [-122.151916, 37.743243], [-122.151755, 37.74337], [-122.151571, 37.743475], [-122.151457, 37.74354], [-122.151272, 37.743645], [-122.151087, 37.74375], [-122.150902, 37.743854], [-122.150718, 37.743959], [-122.150533, 37.744064], [-122.150348, 37.744169], [-122.150163, 37.744274], [-122.150117, 37.7443], [-122.149933, 37.744406], [-122.14975, 37.744512], [-122.149704, 37.744539], [-122.1496, 37.744547], [-122.149482, 37.744614], [-122.149305, 37.744501], [-122.149129, 37.744387], [-122.148952, 37.744274], [-122.148871, 37.744221], [-122.148692, 37.74411], [-122.148514, 37.743998], [-122.148335, 37.743887], [-122.148156, 37.743776], [-122.148002, 37.743644], [-122.147848, 37.743511], [-122.147794, 37.743464]]}}, {"type": "Feature", "properties": {"route": "1T", "long_name": "International - E. 14th", "color": "#4daf4a"}, "geometry": {"type": "LineString", "coordinates": [[-122.268681, 37.808537], [-122.268722, 37.80836], [-122.268763, 37.808183], [-122.268859, 37.80802], [-122.268961, 37.807859], [-122.269012, 37.807779], [-122.269113, 37.807618], [-122.269215, 37.807457], [-122.269316, 37.807296], [-122.269417, 37.807135], [-122.269519, 37.806974], [-122.26962, 37.806813], [-122.269721, 37.806652], [-122.269822, 37.80649], [-122.269923, 37.806329], [-122.269985, 37.806231], [-122.270082, 37.806068], [-122.270178, 37.805905], [-122.270255, 37.805776], [-122.270335, 37.805726], [-122.270427, 37.805562], [-122.270461, 37.805502], [-122.270567, 37.805343], [-122.270624, 37.805255], [-122.270694, 37.805159], [-122.270719, 37.805112], [-122.270715, 37.805043], [-122.270819, 37.804883], [-122.270922, 37.804723], [-122.271026, 37.804562], [-122.271129, 37.804402], [-122.271185, 37.804316], [-122.271351, 37.804193], [-122.271487, 37.804092], [-122.271537, 37.803917], [-122.271588, 37.803741], [-122.271636, 37.803663], [-122.271733, 37.8035], [-122.27183, 37.803337], [-122.271927, 37.803175], [-122.272023, 37.803012], [-122.272065, 37.802942], [-122.272163, 37.80278], [-122.27226, 37.802617], [-122.272298, 37.802554], [-122.272427, 37.802484], [-122.272528, 37.802323], [-122.27243, 37.802239], [-122.272347, 37.802203], [-122.272143, 37.802124], [-122.27197, 37.802007], [-122.271797, 37.80189], [-122.271575, 37.801852], [-122.271352, 37.801813], [-122.271252, 37.801777], [-122.271049, 37.801696], [-122.270845, 37.801615], [-122.270642, 37.801534], [-122.270439, 37.801453], [-122.270236, 37.801372], [-122.270082, 37.801311], [-122.269878, 37.801232], [-122.269673, 37.801153], [-122.269469, 37.801074], [-122.269264, 37.800995], [-122.26906, 37.800916], [-122.268903, 37.800855], [-122.2687, 37.800774], [-122.268496, 37.800693], [-122.268292, 37.800614], [-122.268112, 37.800504], [-122.267992, 37.800431], [-122.267775, 37.800376], [-122.267559, 37.80032], [-122.267504, 37.800306], [-122.2673, 37.800226], [-122.267096, 37.800146], [-122.266892, 37.800066], [-122.266688, 37.799986], [-122.266534, 37.799926], [-122.266331, 37.799845], [-122.266127, 37.799764], [-122.265924, 37.799683], [-122.265744, 37.799573], [-122.265638, 37.799508], [-122.265419, 37.799458], [-122.265278, 37.799425], [-122.26522, 37.799354], [-122.265015, 37.799276], [-122.26481, 37.799198], [-122.264605, 37.79912], [-122.264397, 37.799047], [-122.264188, 37.798975], [-122.264004, 37.798938], [-122.263807, 37.798957], [-122.2637, 37.798974], [-122.263551, 37.799012], [-122.263392, 37.799063], [-122.263222, 37.799164], [-122.263179, 37.799189], [-122.263103, 37.799201], [-122.262954, 37.799192], [-122.262891, 37.799189], [-122.262734, 37.799147], [-122.262678, 37.799128], [-122.262465, 37.799065], [-122.262338, 37.799035], [-122.262223, 37.799019], [-122.262103, 37.799013], [-122.262004, 37.799008], [-122.261851, 37.798996], [-122.261802, 37.798901], [-122.261684, 37.798747], [-122.261599, 37.798648], [-122.261481, 37.798535], [-122.261391, 37.798466], [-122.261236, 37.798378], [-122.261099, 37.798316], [-122.260935, 37.79825], [-122.260816, 37.798209], [-122.260727, 37.798193], [-122.260675, 37.79818], [-122.260562, 37.79816], [-122.260419, 37.798149], [-122.260347, 37.798146], [-122.260237, 37.798138], [-122.26001, 37.798125], [-122.259825, 37.798115], [-122.259766, 37.798113], [-122.259592, 37.79811], [-122.259441, 37.798099], [-122.259281, 37.798086], [-122.259064, 37.798077], [-122.258951, 37.798077], [-122.25887, 37.798076], [-122.258759, 37.798066], [-122.258532, 37.798056], [-122.258461, 37.798053], [-122.258263, 37.798079], [-122.258209, 37.798086], [-122.258138, 37.798099], [-122.258071, 37.797994], [-122.258003, 37.797892], [-122.257951, 37.797831], [-122.257902, 37.797776], [-122.257754, 37.797639], [-122.257661, 37.797547], [-122.257576, 37.797473], [-122.257424, 37.797339], [-122.257323, 37.797251], [-122.257203, 37.797098], [-122.257103, 37.796971], [-122.256912, 37.796873], [-122.256722, 37.796774], [-122.256617, 37.796687], [-122.256466, 37.796552], [-122.256315, 37.796418], [-122.256165, 37.796283], [-122.256014, 37.796148], [-122.255863, 37.796013], [-122.255712, 37.795879], [-122.255624, 37.7958], [-122.255471, 37.795667], [-122.255317, 37.795534], [-122.255164, 37.795401], [-122.255011, 37.795268], [-122.254857, 37.795135], [-122.254789, 37.795076], [-122.254641, 37.79494], [-122.254492, 37.794803], [-122.254341, 37.794669], [-122.25419, 37.794534], [-122.254134, 37.794485], [-122.253981, 37.794352], [-122.253831, 37.794217], [-122.25368, 37.794082], [-122.253606, 37.794015], [-122.253488, 37.793861], [-122.25337, 37.793707], [-122.25336, 37.793694], [-122.253178, 37.793586], [-122.252997, 37.793477], [-122.252843, 37.793344], [-122.25269, 37.793211], [-122.252538, 37.793077], [-122.252385, 37.792944], [-122.252304, 37.792873], [-122.252153, 37.792738], [-122.252002, 37.792604], [-122.251851, 37.792469], [-122.2517, 37.792335], [-122.251549, 37.7922], [-122.251482, 37.792141], [-122.25133, 37.792007], [-122.251179, 37.791873], [-122.251028, 37.791738], [-122.250876, 37.791604], [-122.250725, 37.791469], [-122.250656, 37.791408], [-122.250504, 37.791274], [-122.250353, 37.79114], [-122.250201, 37.791005], [-122.25005, 37.790871], [-122.249921, 37.790757], [-122.249805, 37.790602], [-122.249689, 37.790448], [-122.249667, 37.790419], [-122.249484, 37.790312], [-122.2493, 37.790206], [-122.249149, 37.790072], [-122.248998, 37.789937], [-122.248845, 37.789804], [-122.248692, 37.78967], [-122.248583, 37.789575], [-122.248569, 37.789524], [-122.248417, 37.78939], [-122.248266, 37.789256], [-122.248172, 37.789173], [-122.248109, 37.789108], [-122.247959, 37.788973], [-122.247809, 37.788837], [-122.247691, 37.78873], [-122.247581, 37.788604], [-122.247443, 37.788461], [-122.247309, 37.788322], [-122.247172, 37.788179], [-122.247105, 37.788184], [-122.247027, 37.788195], [-122.246973, 37.788211], [-122.246926, 37.788229], [-122.246852, 37.788265], [-122.246719, 37.788372], [-122.246623, 37.788488], [-122.246515, 37.788646], [-122.246421, 37.788785], [-122.246375, 37.788895], [-122.24633, 37.789006], [-122.246271, 37.789096], [-122.246212, 37.789186], [-122.246153, 37.789276], [-122.246094, 37.789366], [-122.245968, 37.789305], [-122.245842, 37.789243], [-122.245716, 37.789182], [-122.245589, 37.78912], [-122.24541, 37.789025], [-122.24523, 37.78893], [-122.24505, 37.788834], [-122.244871, 37.788739], [-122.24472, 37.78865], [-122.24457, 37.788561], [-122.24442, 37.788472], [-122.24427, 37.788383], [-122.244086, 37.788267], [-122.243902, 37.788152], [-122.243719, 37.788036], [-122.243535, 37.787921], [-122.24334, 37.787806], [-122.243146, 37.787691], [-122.242952, 37.787576], [-122.242757, 37.787461], [-122.242563, 37.787346], [-122.242368, 37.787231], [-122.242174, 37.787116], [-122.241979, 37.787001], [-122.241835, 37.786915], [-122.24169, 37.786829], [-122.241546, 37.786743], [-122.241401, 37.786657], [-122.241257, 37.786571], [-122.241112, 37.786484], [-122.240968, 37.786398], [-122.240823, 37.786312], [-122.240679, 37.786226], [-122.240534, 37.78614], [-122.24039, 37.786054], [-122.240245, 37.785968], [-122.240101, 37.785882], [-122.239956, 37.785796], [-122.239812, 37.78571], [-122.239667, 37.785624], [-122.239482, 37.785519], [-122.239345, 37.785442], [-122.239164, 37.785333], [-122.238983, 37.785224], [-122.238939, 37.785198], [-122.238757, 37.78509], [-122.238576, 37.784981], [-122.238394, 37.784873], [-122.238213, 37.784764], [-122.238031, 37.784656], [-122.237888, 37.78457], [-122.237706, 37.784462], [-122.237525, 37.784353], [-122.237343, 37.784245], [-122.237223, 37.784173], [-122.237042, 37.784064], [-122.23686, 37.783956], [-122.236678, 37.783848], [-122.236497, 37.783739], [-122.236315, 37.783631], [-122.236133, 37.783523], [-122.235951, 37.783415], [-122.23577, 37.783306], [-122.235589, 37.783197], [-122.235408, 37.783088], [-122.235271, 37.783006], [-122.235091, 37.782896], [-122.234911, 37.782786], [-122.234863, 37.782757], [-122.234684, 37.782646], [-122.234526, 37.782547], [-122.234342, 37.782442], [-122.234157, 37.782336], [-122.23408, 37.782292], [-122.233899, 37.782183], [-122.233835, 37.782144], [-122.2337, 37.782068], [-122.23352, 37.781958], [-122.233339, 37.781849], [-122.233159, 37.781739], [-122.233024, 37.781658], [-122.232843, 37.781549], [-122.232662, 37.78144], [-122.232578, 37.78139], [-122.232397, 37.781281], [-122.232215, 37.781173], [-122.232034, 37.781064], [-122.231852, 37.780956], [-122.231671, 37.780847], [-122.231489, 37.780739], [-122.231307, 37.780631], [-122.231125, 37.780523], [-122.230942, 37.780416], [-122.23076, 37.780308], [-122.230578, 37.7802], [-122.230402, 37.780086], [-122.230226, 37.779972], [-122.230205, 37.779959], [-122.230021, 37.779854], [-122.229836, 37.779748], [-122.229657, 37.779638], [-122.229477, 37.779527], [-122.229298, 37.779416], [-122.229118, 37.779306], [-122.228936, 37.779198], [-122.228753, 37.779091], [-122.228571, 37.778983], [-122.228389, 37.778875], [-122.228206, 37.778768], [-122.228079, 37.778693], [-122.227889, 37.778594], [-122.227697, 37.778498], [-122.227505, 37.778401], [-122.227392, 37.778345], [-122.227216, 37.778262], [-122.227025, 37.778164], [-122.226842, 37.778071], [-122.226644, 37.777982], [-122.226446, 37.777894], [-122.226398, 37.777872], [-122.226202, 37.777781], [-122.226005, 37.77769], [-122.225922, 37.777652], [-122.22584, 37.777616], [-122.225766, 37.777577], [-122.225573, 37.777482], [-122.225379, 37.777388], [-122.225278, 37.777338], [-122.225085, 37.777242], [-122.224893, 37.777147], [-122.224785, 37.777093], [-122.22459, 37.777], [-122.224395, 37.776907], [-122.2242, 37.776815], [-122.224005, 37.776722], [-122.22381, 37.776629], [-122.22362, 37.77653], [-122.223443, 37.776438], [-122.223244, 37.776351], [-122.223045, 37.776264], [-122.22285, 37.776171], [-122.222654, 37.776079], [-122.222496, 37.776003], [-122.222363, 37.775937], [-122.22217, 37.775842], [-122.222017, 37.775767], [-122.221823, 37.775673], [-122.221628, 37.77558], [-122.221433, 37.775487], [-122.221239, 37.775394], [-122.221044, 37.775301], [-122.220865, 37.775215], [-122.220684, 37.775131], [-122.22049, 37.775037], [-122.220341, 37.774966], [-122.220147, 37.774872], [-122.219952, 37.774779], [-122.219757, 37.774687], [-122.219622, 37.774623], [-122.219431, 37.774526], [-122.219282, 37.77445], [-122.219084, 37.774361], [-122.218944, 37.774299], [-122.21875, 37.774205], [-122.218574, 37.774121], [-122.218379, 37.774028], [-122.218184, 37.773935], [-122.217989, 37.773843], [-122.217794, 37.77375], [-122.217599, 37.773657], [-122.217404, 37.773564], [-122.21721, 37.773471], [-122.217014, 37.773379], [-122.21682, 37.773286], [-122.216625, 37.773193], [-122.21643, 37.7731], [-122.216247, 37.773013], [-122.216053, 37.772919], [-122.215859, 37.772825], [-122.215665, 37.772731], [-122.215471, 37.772637], [-122.215277, 37.772543], [-122.215082, 37.77245], [-122.214888, 37.772356], [-122.214693, 37.772264], [-122.214497, 37.772173], [-122.214301, 37.772081], [-122.214105, 37.771989], [-122.213909, 37.771898], [-122.213713, 37.771806], [-122.213517, 37.771715], [-122.213327, 37.771616], [-122.213176, 37.771538], [-122.212977, 37.771451], [-122.212778, 37.771364], [-122.212582, 37.771272], [-122.212387, 37.771179], [-122.212192, 37.771086], [-122.211998, 37.770993], [-122.211802, 37.770901], [-122.211607, 37.770808], [-122.211413, 37.770715], [-122.211218, 37.770622], [-122.211114, 37.770573], [-122.210934, 37.770493], [-122.210793, 37.770432], [-122.210599, 37.770338], [-122.210405, 37.770244], [-122.210211, 37.77015], [-122.210023, 37.770062], [-122.209827, 37.76997], [-122.209755, 37.769936], [-122.20956, 37.769843], [-122.209378, 37.769755], [-122.209191, 37.769652], [-122.209049, 37.769574], [-122.208847, 37.769491], [-122.208654, 37.769412], [-122.208461, 37.769317], [-122.208268, 37.769222], [-122.208155, 37.769166], [-122.207962, 37.769071], [-122.207874, 37.769027], [-122.207678, 37.768935], [-122.207625, 37.76891], [-122.207429, 37.768818], [-122.207289, 37.768753], [-122.207093, 37.768661], [-122.207, 37.768618], [-122.206805, 37.768526], [-122.206609, 37.768434], [-122.206474, 37.76837], [-122.206278, 37.768278], [-122.206083, 37.768186], [-122.206037, 37.768165], [-122.205846, 37.768067], [-122.205743, 37.768014], [-122.205543, 37.767928], [-122.205344, 37.767841], [-122.205145, 37.767754], [-122.204969, 37.767677], [-122.204773, 37.767586], [-122.204577, 37.767494], [-122.204381, 37.767403], [-122.204185, 37.767311], [-122.203989, 37.76722], [-122.203793, 37.767128], [-122.203683, 37.767077], [-122.203487, 37.766985], [-122.203292, 37.766893], [-122.203096, 37.766801], [-122.202901, 37.766709], [-122.202848, 37.766684], [-122.202653, 37.766592], [-122.202577, 37.766556], [-122.202382, 37.766464], [-122.202186, 37.766372], [-122.202014, 37.766291], [-122.201819, 37.766199], [-122.201644, 37.766116], [-122.20145, 37.766022], [-122.20137, 37.765984], [-122.201172, 37.765895], [-122.201116, 37.76587], [-122.200921, 37.765777], [-122.20073, 37.76568], [-122.200553, 37.76559], [-122.200355, 37.765501], [-122.200158, 37.765412], [-122.200089, 37.765379], [-122.199894, 37.765287], [-122.199698, 37.765195], [-122.19952, 37.765111], [-122.199327, 37.765016], [-122.199174, 37.764942], [-122.19898, 37.764848], [-122.198787, 37.764753], [-122.198589, 37.764665], [-122.198391, 37.764576], [-122.198319, 37.764544], [-122.198126, 37.764449], [-122.197972, 37.764374], [-122.197775, 37.764284], [-122.197662, 37.764232], [-122.197466, 37.76414], [-122.197272, 37.764047], [-122.197166, 37.763997], [-122.196971, 37.763904], [-122.196904, 37.763872], [-122.196761, 37.763804], [-122.196566, 37.763711], [-122.196395, 37.76363], [-122.196209, 37.763527], [-122.196046, 37.763436], [-122.195845, 37.763351], [-122.195645, 37.763266], [-122.195573, 37.763236], [-122.195475, 37.76319], [-122.19528, 37.763097], [-122.195086, 37.763004], [-122.194891, 37.762911], [-122.194696, 37.762818], [-122.194537, 37.762742], [-122.19434, 37.762652], [-122.194144, 37.762561], [-122.193949, 37.762468], [-122.193754, 37.762376], [-122.193699, 37.76235], [-122.193505, 37.762256], [-122.19331, 37.762163], [-122.193115, 37.762071], [-122.192919, 37.761979], [-122.192862, 37.761952], [-122.192667, 37.761859], [-122.192473, 37.761766], [-122.192278, 37.761673], [-122.192208, 37.761639], [-122.192013, 37.761546], [-122.191855, 37.76147], [-122.191661, 37.761376], [-122.191508, 37.761301], [-122.191311, 37.761211], [-122.191114, 37.761121], [-122.191065, 37.761098], [-122.19087, 37.761005], [-122.190675, 37.760913], [-122.19048, 37.76082], [-122.190285, 37.760728], [-122.19009, 37.760635], [-122.189895, 37.760542], [-122.1897, 37.760449], [-122.189523, 37.760364], [-122.189328, 37.760272], [-122.189132, 37.76018], [-122.189045, 37.760139], [-122.188852, 37.760044], [-122.188695, 37.759968], [-122.188505, 37.759869], [-122.18838, 37.759805], [-122.188181, 37.759718], [-122.187982, 37.759631], [-122.187898, 37.759594], [-122.187703, 37.759501], [-122.187508, 37.759408], [-122.187313, 37.759316], [-122.187118, 37.759223], [-122.186924, 37.75913], [-122.186729, 37.759037], [-122.186534, 37.758944], [-122.186339, 37.758851], [-122.186144, 37.758759], [-122.185949, 37.758666], [-122.185755, 37.758573], [-122.18556, 37.75848], [-122.185365, 37.758387], [-122.18517, 37.758294], [-122.184975, 37.758201], [-122.184785, 37.758102], [-122.18465, 37.758032], [-122.184451, 37.757945], [-122.184252, 37.757858], [-122.184057, 37.757765], [-122.183862, 37.757673], [-122.183667, 37.75758], [-122.183472, 37.757487], [-122.183277, 37.757395], [-122.183082, 37.757302], [-122.182887, 37.75721], [-122.182692, 37.757117], [-122.182497, 37.757024], [-122.182302, 37.756932], [-122.182107, 37.756839], [-122.181911, 37.756747], [-122.181717, 37.756654], [-122.181522, 37.756561], [-122.181326, 37.756469], [-122.181132, 37.756376], [-122.180937, 37.756283], [-122.180741, 37.756191], [-122.180546, 37.756098], [-122.180351, 37.756006], [-122.180156, 37.755913], [-122.179966, 37.755815], [-122.179775, 37.755717], [-122.179737, 37.755697], [-122.179539, 37.755608], [-122.179341, 37.75552], [-122.179148, 37.755424], [-122.178955, 37.75533], [-122.178761, 37.755236], [-122.178567, 37.755141], [-122.178431, 37.755043], [-122.178294, 37.7549], [-122.178181, 37.754744], [-122.178067, 37.754588], [-122.177953, 37.754432], [-122.177839, 37.754276], [-122.177725, 37.754121], [-122.177611, 37.753965], [-122.177498, 37.753809], [-122.177384, 37.753653], [-122.17727, 37.753498], [-122.177156, 37.753342], [-122.177042, 37.753186], [-122.176929, 37.75303], [-122.176815, 37.752875], [-122.176701, 37.752719], [-122.176587, 37.752563], [-122.176482, 37.752404], [-122.176386, 37.752258], [-122.176262, 37.752107], [-122.176138, 37.751956], [-122.176024, 37.751801], [-122.175909, 37.751646], [-122.175794, 37.751491], [-122.175679, 37.751335], [-122.175564, 37.75118], [-122.17545, 37.751025], [-122.175335, 37.750869], [-122.17522, 37.750714], [-122.175105, 37.750559], [-122.174991, 37.750403], [-122.174876, 37.750248], [-122.174761, 37.750093], [-122.174646, 37.749938], [-122.174531, 37.749782], [-122.174417, 37.749627], [-122.17431, 37.749468], [-122.174198, 37.749303], [-122.174075, 37.749152], [-122.173952, 37.749001], [-122.173837, 37.748845], [-122.173721, 37.748691], [-122.173606, 37.748535], [-122.173491, 37.74838], [-122.173376, 37.748225], [-122.173261, 37.74807], [-122.173146, 37.747915], [-122.173031, 37.74776], [-122.172915, 37.747605], [-122.1728, 37.74745], [-122.172685, 37.747294], [-122.17257, 37.747139], [-122.172455, 37.746984], [-122.17234, 37.746829], [-122.172225, 37.746674], [-122.17211, 37.746519], [-122.171994, 37.746364], [-122.171886, 37.746205], [-122.171778, 37.746047], [-122.171732, 37.745979], [-122.171609, 37.745827], [-122.171487, 37.745676], [-122.171373, 37.74552], [-122.171259, 37.745364], [-122.171145, 37.745209], [-122.171032, 37.745053], [-122.170918, 37.744897], [-122.170804, 37.744742], [-122.17069, 37.744586], [-122.170576, 37.74443], [-122.170462, 37.744274], [-122.170348, 37.744119], [-122.170234, 37.743963], [-122.17012, 37.743808], [-122.170006, 37.743652], [-122.16997, 37.743602], [-122.169862, 37.743444], [-122.169794, 37.743343], [-122.169668, 37.743193], [-122.169542, 37.743044], [-122.169423, 37.74289], [-122.169305, 37.742736], [-122.169191, 37.742587], [-122.169133, 37.742509], [-122.169018, 37.742354], [-122.168902, 37.742199], [-122.168833, 37.742106], [-122.168716, 37.741952], [-122.168599, 37.741797], [-122.168482, 37.741643], [-122.16839, 37.741521], [-122.168277, 37.741365], [-122.168188, 37.741243], [-122.16807, 37.741089], [-122.167953, 37.740935], [-122.167847, 37.740776], [-122.167757, 37.740639], [-122.167636, 37.740487], [-122.167515, 37.740335], [-122.167479, 37.74029], [-122.167365, 37.740134], [-122.16725, 37.739979], [-122.167134, 37.739824], [-122.167018, 37.73967], [-122.166902, 37.739515], [-122.166786, 37.73936], [-122.166671, 37.739205], [-122.166601, 37.739112], [-122.166485, 37.738957], [-122.166368, 37.738803], [-122.166252, 37.738648], [-122.166136, 37.738494], [-122.166019, 37.738339], [-122.165903, 37.738185], [-122.165799, 37.738047], [-122.165679, 37.737894], [-122.165559, 37.737741], [-122.165439, 37.737588], [-122.165381, 37.737514], [-122.165268, 37.737358], [-122.165155, 37.737202], [-122.165042, 37.737046], [-122.164929, 37.73689], [-122.164816, 37.736734], [-122.164703, 37.736577], [-122.16459, 37.736421], [-122.164477, 37.736265], [-122.164364, 37.736109], [-122.164251, 37.735953], [-122.164211, 37.735898], [-122.164097, 37.735742], [-122.164005, 37.735617], [-122.163878, 37.735468], [-122.163807, 37.735384], [-122.163693, 37.735229], [-122.163593, 37.735093], [-122.163478, 37.734938], [-122.163363, 37.734782], [-122.163275, 37.734663], [-122.163229, 37.734601], [-122.163136, 37.734475], [-122.163023, 37.734319], [-122.162974, 37.734251], [-122.162859, 37.734096], [-122.162779, 37.733988], [-122.162666, 37.733832], [-122.162554, 37.733676], [-122.162453, 37.733536], [-122.162338, 37.733381], [-122.162224, 37.733225], [-122.162109, 37.73307], [-122.162029, 37.732961], [-122.161918, 37.732804], [-122.16183, 37.732681], [-122.161714, 37.732526], [-122.161598, 37.732372], [-122.161541, 37.732198], [-122.161485, 37.732028], [-122.161322, 37.731903], [-122.161159, 37.731777], [-122.161039, 37.731624], [-122.160923, 37.73147], [-122.160806, 37.731315], [-122.160734, 37.731219], [-122.160657, 37.731118], [-122.160541, 37.730963], [-122.160425, 37.730809], [-122.16031, 37.730654], [-122.160194, 37.730499], [-122.160159, 37.730451], [-122.160044, 37.730296], [-122.159929, 37.730141], [-122.159814, 37.729985], [-122.159738, 37.729882], [-122.159623, 37.729727], [-122.159508, 37.729572], [-122.159393, 37.729417], [-122.159286, 37.729273], [-122.159178, 37.729123], [-122.159063, 37.728968], [-122.158947, 37.728813], [-122.15888, 37.728641], [-122.158813, 37.728469], [-122.158803, 37.728445], [-122.158649, 37.728372], [-122.15859, 37.728325], [-122.158496, 37.728213], [-122.158394, 37.728039], [-122.158331, 37.727953], [-122.158268, 37.727867], [-122.158184, 37.727752], [-122.158099, 37.727637], [-122.158015, 37.727521], [-122.15793, 37.727406], [-122.157838, 37.727255], [-122.157745, 37.727103], [-122.157666, 37.726978], [-122.157587, 37.726853], [-122.157493, 37.726717], [-122.157418, 37.726599], [-122.157343, 37.726481], [-122.157262, 37.72637], [-122.15718, 37.726258], [-122.157099, 37.726146], [-122.157018, 37.726035], [-122.156958, 37.725943], [-122.156897, 37.72585], [-122.1569, 37.725833], [-122.157002, 37.725791], [-122.157133, 37.72573], [-122.157263, 37.72567], [-122.157396, 37.72562], [-122.157446, 37.72559], [-122.157621, 37.725516], [-122.157712, 37.72548], [-122.157782, 37.72545], [-122.157817, 37.725437], [-122.157841, 37.725425], [-122.157925, 37.72544], [-122.157956, 37.725391], [-122.158117, 37.725317], [-122.158267, 37.725252], [-122.158417, 37.725187], [-122.158615, 37.725106], [-122.158812, 37.725026], [-122.158987, 37.724949], [-122.159163, 37.724873], [-122.159364, 37.72479], [-122.159565, 37.724708], [-122.159742, 37.724643], [-122.159919, 37.724578], [-122.160097, 37.724514], [-122.160274, 37.724449], [-122.160408, 37.724392], [-122.160542, 37.724334], [-122.160687, 37.724281], [-122.160831, 37.724228], [-122.161006, 37.724158], [-122.16118, 37.724088], [-122.161354, 37.724018], [-122.161529, 37.723948], [-122.161432, 37.723814], [-122.161336, 37.723681], [-122.161261, 37.723564], [-122.161185, 37.723447], [-122.16111, 37.723331], [-122.161035, 37.723214], [-122.160941, 37.723076], [-122.160848, 37.722938], [-122.160754, 37.7228], [-122.16066, 37.722662], [-122.160573, 37.722534], [-122.160485, 37.722406], [-122.160475, 37.722389], [-122.160507, 37.72237], [-122.160544, 37.722353], [-122.160571, 37.722329], [-122.160585, 37.722312], [-122.160598, 37.722289], [-122.160528, 37.722198], [-122.16043, 37.722061], [-122.160333, 37.721924], [-122.160276, 37.721818], [-122.160221, 37.721694], [-122.160166, 37.721569]]}}, {"type": "Feature", "properties": {"route": "F", "long_name": "Adeline - Market Transbay", "color": "#984ea3"}, "geometry": {"type": "LineString", "coordinates": [[-122.395668, 37.789949], [-122.395773, 37.789868], [-122.395877, 37.789787], [-122.395982, 37.789705], [-122.396086, 37.789624], [-122.396191, 37.789543], [-122.396295, 37.789462], [-122.3964, 37.789381], [-122.396504, 37.789299], [-122.396609, 37.789218], [-122.396713, 37.789137], [-122.396818, 37.789056], [-122.396922, 37.788975], [-122.397027, 37.788894], [-122.397131, 37.788812], [-122.397236, 37.788731], [-122.39734, 37.78865], [-122.397466, 37.788551], [-122.397591, 37.788453], [-122.397717, 37.788354], [-122.397842, 37.788256], [-122.397967, 37.788157], [-122.398093, 37.788059], [-122.398218, 37.78796], [-122.398344, 37.787861], [-122.398252, 37.787751], [-122.398129, 37.787666], [-122.398002, 37.787626], [-122.397874, 37.787585], [-122.397747, 37.787544], [-122.397619, 37.787504], [-122.397399, 37.787427], [-122.397281, 37.787372], [-122.397163, 37.787317], [-122.397008, 37.787177], [-122.396885, 37.787092], [-122.396818, 37.786976], [-122.396715, 37.786873], [-122.396612, 37.78677], [-122.396508, 37.786667], [-122.396405, 37.786564], [-122.39626, 37.786467], [-122.396116, 37.786351], [-122.395972, 37.786235], [-122.395828, 37.786119], [-122.395684, 37.786003], [-122.395539, 37.785887], [-122.395395, 37.785771], [-122.395251, 37.785655], [-122.395107, 37.785538], [-122.39499, 37.785432], [-122.394874, 37.785326], [-122.394757, 37.78522], [-122.39464, 37.785114], [-122.394501, 37.784978], [-122.394361, 37.784842], [-122.394243, 37.784753], [-122.394125, 37.784664], [-122.39397, 37.784579], [-122.393844, 37.784573], [-122.393718, 37.784567], [-122.393567, 37.784575], [-122.393417, 37.784584], [-122.393294, 37.784647], [-122.393171, 37.784711], [-122.393048, 37.784774], [-122.392925, 37.784838], [-122.392802, 37.784901], [-122.392679, 37.784965], [-122.392557, 37.785028], [-122.392434, 37.785092], [-122.392311, 37.785155], [-122.392188, 37.785219], [-122.392065, 37.785282], [-122.391942, 37.785346], [-122.391819, 37.785409], [-122.391696, 37.785473], [-122.391573, 37.785536], [-122.39145, 37.7856], [-122.39136, 37.78566], [-122.39128, 37.78572], [-122.39121, 37.78576], [-122.39115, 37.7858], [-122.3911, 37.78584], [-122.39105, 37.78588], [-122.39096, 37.78594], [-122.3909, 37.78599], [-122.39077, 37.7861], [-122.390615, 37.78624], [-122.39046, 37.78638], [-122.39033, 37.7865], [-122.39025, 37.78657], [-122.39023, 37.78659], [-122.39015, 37.786665], [-122.39007, 37.78674], [-122.38992, 37.786875], [-122.38977, 37.78701], [-122.389635, 37.78714], [-122.3895, 37.78727], [-122.38939, 37.78737], [-122.38929, 37.78747], [-122.38927, 37.78749], [-122.389165, 37.787585], [-122.38906, 37.78768], [-122.388963, 37.787773], [-122.388865, 37.787865], [-122.388768, 37.787958], [-122.38867, 37.78805], [-122.38853, 37.78818], [-122.38839, 37.78831], [-122.38827, 37.78842], [-122.38814, 37.78854], [-122.38801, 37.78866], [-122.38789, 37.78877], [-122.38777, 37.78888], [-122.38761, 37.78902], [-122.3875, 37.78913], [-122.38742, 37.7892], [-122.38728, 37.78934], [-122.38722, 37.78939], [-122.38712, 37.78948], [-122.38702, 37.78957], [-122.386903, 37.789683], [-122.386785, 37.789795], [-122.386668, 37.789908], [-122.38655, 37.79002], [-122.38653, 37.79003], [-122.38638, 37.79017], [-122.38623, 37.79031], [-122.386129, 37.790405], [-122.386028, 37.7905], [-122.385926, 37.790595], [-122.385825, 37.79069], [-122.385724, 37.790785], [-122.385623, 37.79088], [-122.385521, 37.790975], [-122.38542, 37.79107], [-122.3853, 37.79119], [-122.385175, 37.791305], [-122.38505, 37.79142], [-122.38494, 37.791525], [-122.38483, 37.79163], [-122.38469, 37.79177], [-122.38457, 37.79188], [-122.38445, 37.79199], [-122.38433, 37.7921], [-122.38421, 37.79221], [-122.384055, 37.792345], [-122.3839, 37.79248], [-122.383755, 37.792615], [-122.38361, 37.79275], [-122.38352, 37.79284], [-122.38343, 37.79293], [-122.383328, 37.793025], [-122.383225, 37.79312], [-122.383123, 37.793215], [-122.38302, 37.79331], [-122.38288, 37.79344], [-122.38274, 37.79357], [-122.382635, 37.79367], [-122.38253, 37.79377], [-122.382405, 37.79389], [-122.38228, 37.79401], [-122.38216, 37.79412], [-122.38204, 37.79423], [-122.38195, 37.79431], [-122.38189, 37.79437], [-122.3818, 37.79445], [-122.38171, 37.79454], [-122.3816, 37.79465], [-122.381513, 37.794733], [-122.381425, 37.794815], [-122.381338, 37.794898], [-122.38125, 37.79498], [-122.3812, 37.79503], [-122.38106, 37.79516], [-122.38092, 37.79529], [-122.38084, 37.795363], [-122.38076, 37.795435], [-122.38068, 37.795508], [-122.3806, 37.79558], [-122.38048, 37.79569], [-122.38036, 37.79581], [-122.38033, 37.79584], [-122.38028, 37.79589], [-122.38018, 37.79598], [-122.38013, 37.79603], [-122.380025, 37.796125], [-122.37992, 37.79622], [-122.379818, 37.796315], [-122.379715, 37.79641], [-122.379613, 37.796505], [-122.37951, 37.7966], [-122.37941, 37.796695], [-122.37931, 37.79679], [-122.379175, 37.796915], [-122.37904, 37.79704], [-122.3789, 37.79717], [-122.37879, 37.79728], [-122.37868, 37.79738], [-122.37858, 37.797473], [-122.37848, 37.797565], [-122.37838, 37.797658], [-122.37828, 37.79775], [-122.37815, 37.797865], [-122.37802, 37.79798], [-122.37787, 37.79813], [-122.377768, 37.798226], [-122.377665, 37.798323], [-122.377563, 37.798419], [-122.37746, 37.798515], [-122.377358, 37.798611], [-122.377255, 37.798708], [-122.377153, 37.798804], [-122.37705, 37.7989], [-122.376925, 37.799015], [-122.3768, 37.79913], [-122.376691, 37.799231], [-122.376583, 37.799333], [-122.376474, 37.799434], [-122.376365, 37.799535], [-122.376256, 37.799636], [-122.376148, 37.799738], [-122.376039, 37.799839], [-122.37593, 37.79994], [-122.37584, 37.80002], [-122.37569, 37.80016], [-122.37566, 37.80019], [-122.37556, 37.80029], [-122.37545, 37.80039], [-122.375365, 37.80047], [-122.37528, 37.80055], [-122.375195, 37.80063], [-122.37511, 37.80071], [-122.374975, 37.80084], [-122.37484, 37.80097], [-122.374725, 37.80108], [-122.37461, 37.80119], [-122.374505, 37.80128], [-122.3744, 37.80137], [-122.37438, 37.80139], [-122.37424, 37.80153], [-122.3742, 37.80156], [-122.3741, 37.80165], [-122.37408, 37.80167], [-122.37404, 37.80171], [-122.37394, 37.8018], [-122.3739, 37.80184], [-122.373745, 37.80198], [-122.37359, 37.80212], [-122.373483, 37.80222], [-122.373375, 37.80232], [-122.373268, 37.80242], [-122.37316, 37.80252], [-122.37315, 37.80253], [-122.373035, 37.80264], [-122.37292, 37.80275], [-122.37284, 37.80283], [-122.372755, 37.802905], [-122.37267, 37.80298], [-122.37256, 37.803085], [-122.37245, 37.80319], [-122.372315, 37.803318], [-122.37218, 37.803445], [-122.372045, 37.803573], [-122.37191, 37.8037], [-122.37183, 37.80377], [-122.37178, 37.80382], [-122.37175, 37.80385], [-122.37169, 37.8039], [-122.37154, 37.80404], [-122.371385, 37.804185], [-122.37123, 37.80433], [-122.37108, 37.804475], [-122.37093, 37.80462], [-122.370775, 37.804765], [-122.37062, 37.80491], [-122.37054, 37.804983], [-122.37046, 37.805055], [-122.37038, 37.805128], [-122.3703, 37.8052], [-122.37022, 37.805275], [-122.37014, 37.80535], [-122.37006, 37.805425], [-122.36998, 37.8055], [-122.369898, 37.805575], [-122.369815, 37.80565], [-122.369733, 37.805725], [-122.36965, 37.8058], [-122.3695, 37.80594], [-122.36935, 37.80608], [-122.369253, 37.806173], [-122.369155, 37.806265], [-122.369058, 37.806358], [-122.36896, 37.80645], [-122.368875, 37.806528], [-122.36879, 37.806605], [-122.368705, 37.806683], [-122.36862, 37.80676], [-122.368535, 37.80684], [-122.36845, 37.80692], [-122.368365, 37.807], [-122.36828, 37.80708], [-122.368175, 37.80718], [-122.36807, 37.80728], [-122.367965, 37.80738], [-122.36786, 37.80748], [-122.36774, 37.80759], [-122.36762, 37.8077], [-122.36754, 37.807775], [-122.36746, 37.80785], [-122.36731, 37.80799], [-122.36719, 37.8081], [-122.36708, 37.80821], [-122.36697, 37.80831], [-122.36686, 37.80841], [-122.36673, 37.80853], [-122.3666, 37.80865], [-122.36644, 37.80879], [-122.36628, 37.80893], [-122.3662, 37.809], [-122.36613, 37.80907], [-122.36599, 37.8092], [-122.36585, 37.80933], [-122.36571, 37.80946], [-122.36557, 37.80959], [-122.36556, 37.80961], [-122.36542, 37.80974], [-122.36528, 37.80987], [-122.36518, 37.80996], [-122.36515, 37.80999], [-122.36506, 37.81007], [-122.36504, 37.8101], [-122.36497, 37.81016], [-122.36485, 37.810275], [-122.36473, 37.81039], [-122.364645, 37.81047], [-122.36456, 37.81055], [-122.36448, 37.81063], [-122.3644, 37.81071], [-122.36438, 37.81073], [-122.36434, 37.81077], [-122.36431, 37.8108], [-122.364165, 37.810945], [-122.36402, 37.81109], [-122.3639, 37.8112], [-122.36385, 37.81125], [-122.36371, 37.81139], [-122.36365, 37.81145], [-122.36353, 37.81156], [-122.36341, 37.81169], [-122.36328, 37.81181], [-122.36315, 37.81193], [-122.36307, 37.812], [-122.36299, 37.81206], [-122.36292, 37.81212], [-122.36284, 37.81219], [-122.36276, 37.81226], [-122.362675, 37.81233], [-122.36259, 37.8124], [-122.36244, 37.81252], [-122.362325, 37.81261], [-122.36221, 37.8127], [-122.36209, 37.812795], [-122.36197, 37.81289], [-122.36192, 37.81293], [-122.36189, 37.81295], [-122.361795, 37.81302], [-122.3617, 37.81309], [-122.36169, 37.8131], [-122.36164, 37.81314], [-122.36152, 37.81323], [-122.36141, 37.81331], [-122.36122, 37.81343], [-122.36111, 37.81351], [-122.36105, 37.81356], [-122.3609, 37.81366], [-122.36082, 37.81371], [-122.36075, 37.81376], [-122.36063, 37.81383], [-122.36051, 37.8139], [-122.36043, 37.81395], [-122.36025, 37.81405], [-122.36008, 37.81415], [-122.35993, 37.81423], [-122.35978, 37.81432], [-122.35968, 37.81437], [-122.35963, 37.8144], [-122.35946, 37.814495], [-122.35929, 37.81459], [-122.35923, 37.81463], [-122.3591, 37.81471], [-122.35902, 37.81475], [-122.35891, 37.81481], [-122.35876, 37.814895], [-122.35861, 37.81498], [-122.35854, 37.81502], [-122.35851, 37.81504], [-122.35849, 37.81505], [-122.35845, 37.81507], [-122.35841, 37.8151], [-122.35825, 37.81519], [-122.35808, 37.81528], [-122.35806, 37.81529], [-122.357905, 37.81538], [-122.35775, 37.81547], [-122.35765, 37.815525], [-122.35755, 37.81558], [-122.35745, 37.81564], [-122.35735, 37.8157], [-122.35726, 37.81575], [-122.35714, 37.815815], [-122.35702, 37.81588], [-122.356905, 37.81595], [-122.35679, 37.81602], [-122.35663, 37.8161], [-122.35648, 37.81619], [-122.35637, 37.816255], [-122.35626, 37.81632], [-122.35615, 37.81638], [-122.35604, 37.81644], [-122.355915, 37.816515], [-122.35579, 37.81659], [-122.355645, 37.81667], [-122.3555, 37.81675], [-122.35539, 37.81681], [-122.355273, 37.816878], [-122.355155, 37.816945], [-122.355038, 37.817013], [-122.35492, 37.81708], [-122.354818, 37.817138], [-122.354715, 37.817195], [-122.354613, 37.817253], [-122.35451, 37.81731], [-122.35445, 37.81734], [-122.3544, 37.81737], [-122.35435, 37.8174], [-122.35429, 37.81743], [-122.35426, 37.81745], [-122.35422, 37.81747], [-122.35417, 37.81749], [-122.35412, 37.81751], [-122.35408, 37.81754], [-122.35403, 37.81756], [-122.35398, 37.81759], [-122.35392, 37.81761], [-122.35386, 37.81764], [-122.35381, 37.81767], [-122.35377, 37.81769], [-122.35372, 37.81771], [-122.35367, 37.81773], [-122.35362, 37.81775], [-122.35356, 37.81778], [-122.3535, 37.8178], [-122.35346, 37.81782], [-122.35342, 37.81784], [-122.35338, 37.81785], [-122.35334, 37.81787], [-122.35329, 37.81789], [-122.35319, 37.81793], [-122.35305, 37.81798], [-122.35293, 37.81802], [-122.35287, 37.81805], [-122.35281, 37.81807], [-122.35277, 37.81808], [-122.35272, 37.8181], [-122.35266, 37.81812], [-122.35262, 37.81814], [-122.35257, 37.81815], [-122.35252, 37.81817], [-122.35246, 37.81819], [-122.3524, 37.81821], [-122.35235, 37.81823], [-122.35229, 37.81825], [-122.35224, 37.81826], [-122.35213, 37.8183], [-122.35204, 37.81833], [-122.35195, 37.81835], [-122.35187, 37.81837], [-122.35179, 37.8184], [-122.3517, 37.81842], [-122.35167, 37.81843], [-122.35155, 37.81846], [-122.35143, 37.81849], [-122.35126, 37.81853], [-122.35114, 37.81856], [-122.35102, 37.818585], [-122.3509, 37.81861], [-122.35082, 37.81863], [-122.35072, 37.81865], [-122.35063, 37.81867], [-122.35054, 37.81869], [-122.35045, 37.8187], [-122.35034, 37.81872], [-122.35024, 37.81874], [-122.35014, 37.81876], [-122.35003, 37.81877], [-122.34986, 37.8188], [-122.349635, 37.81883], [-122.34941, 37.81886], [-122.349185, 37.818895], [-122.34896, 37.81893], [-122.348823, 37.81895], [-122.348685, 37.81897], [-122.348548, 37.81899], [-122.34841, 37.81901], [-122.348215, 37.81904], [-122.34802, 37.81907], [-122.34789, 37.81909], [-122.34776, 37.81911], [-122.34759, 37.81913], [-122.34737, 37.81916], [-122.347235, 37.81918], [-122.3471, 37.8192], [-122.34693, 37.819225], [-122.34676, 37.81925], [-122.34659, 37.819275], [-122.34642, 37.8193], [-122.34629, 37.81932], [-122.34616, 37.81934], [-122.346025, 37.81936], [-122.34589, 37.81938], [-122.34569, 37.81941], [-122.34549, 37.81944], [-122.34538, 37.81945], [-122.34517, 37.81948], [-122.34506, 37.8195], [-122.34492, 37.81952], [-122.34478, 37.81954], [-122.344645, 37.81956], [-122.34451, 37.81958], [-122.34444, 37.81959], [-122.34434, 37.8196], [-122.344115, 37.819635], [-122.34389, 37.81967], [-122.34376, 37.81969], [-122.34363, 37.81971], [-122.343468, 37.819733], [-122.343305, 37.819755], [-122.343143, 37.819778], [-122.34298, 37.8198], [-122.34287, 37.81982], [-122.342735, 37.81984], [-122.3426, 37.81986], [-122.342425, 37.819885], [-122.34225, 37.81991], [-122.34213, 37.81993], [-122.34201, 37.81995], [-122.34179, 37.81998], [-122.34157, 37.82001], [-122.341375, 37.82004], [-122.34118, 37.82007], [-122.341055, 37.820085], [-122.34093, 37.8201], [-122.34076, 37.82013], [-122.34066, 37.82014], [-122.3405, 37.82017], [-122.34033, 37.82019], [-122.3402, 37.82021], [-122.34007, 37.82023], [-122.33994, 37.82025], [-122.33977, 37.82027], [-122.339595, 37.820295], [-122.33942, 37.82032], [-122.339245, 37.820345], [-122.33907, 37.82037], [-122.33892, 37.8204], [-122.33874, 37.820425], [-122.33856, 37.82045], [-122.33834, 37.82048], [-122.33819, 37.8205], [-122.33803, 37.82053], [-122.33792, 37.82054], [-122.33782, 37.82056], [-122.337645, 37.820585], [-122.33747, 37.82061], [-122.33735, 37.82062], [-122.3372, 37.820645], [-122.33705, 37.82067], [-122.336925, 37.82069], [-122.3368, 37.82071], [-122.336658, 37.82073], [-122.336515, 37.82075], [-122.336373, 37.82077], [-122.33623, 37.82079], [-122.3361, 37.82081], [-122.33597, 37.82083], [-122.3359, 37.82084], [-122.33568, 37.82087], [-122.33567, 37.82087], [-122.33545, 37.82091], [-122.33542, 37.82091], [-122.33536, 37.82092], [-122.33517, 37.82095], [-122.33501, 37.82097], [-122.33491, 37.82099], [-122.33474, 37.82101], [-122.33464, 37.82103], [-122.3345, 37.82105], [-122.33437, 37.82107], [-122.3342, 37.82109], [-122.33413, 37.8211], [-122.33397, 37.821125], [-122.33381, 37.82115], [-122.33366, 37.821175], [-122.33351, 37.8212], [-122.33337, 37.82122], [-122.3333, 37.82123], [-122.33315, 37.82125], [-122.333, 37.82127], [-122.33276, 37.8213], [-122.33253, 37.82133], [-122.33236, 37.82136], [-122.33219, 37.82138], [-122.33202, 37.8214], [-122.33178, 37.82143], [-122.33154, 37.82146], [-122.331385, 37.821475], [-122.33123, 37.82149], [-122.33108, 37.82151], [-122.33093, 37.82153], [-122.330775, 37.82155], [-122.33062, 37.82157], [-122.33042, 37.82159], [-122.33022, 37.82161], [-122.330058, 37.821628], [-122.329895, 37.821645], [-122.329733, 37.821663], [-122.32957, 37.82168], [-122.329385, 37.821695], [-122.3292, 37.82171], [-122.32907, 37.82172], [-122.32884, 37.82174], [-122.32861, 37.82176], [-122.32845, 37.82178], [-122.328285, 37.82179], [-122.32812, 37.8218], [-122.327985, 37.82181], [-122.32785, 37.82182], [-122.327715, 37.82183], [-122.32758, 37.82184], [-122.32737, 37.82185], [-122.32718, 37.82187], [-122.32698, 37.82188], [-122.32691, 37.82189], [-122.326705, 37.821905], [-122.3265, 37.82192], [-122.32634, 37.82193], [-122.32618, 37.82194], [-122.32605, 37.82195], [-122.32592, 37.82196], [-122.32579, 37.82197], [-122.32566, 37.82198], [-122.32546, 37.822], [-122.32528, 37.82201], [-122.32514, 37.82202], [-122.32503, 37.82203], [-122.3249, 37.82204], [-122.32477, 37.82206], [-122.32461, 37.82207], [-122.32442, 37.82209], [-122.32422, 37.82211], [-122.32404, 37.82213], [-122.32391, 37.822145], [-122.32378, 37.82216], [-122.32354, 37.82218], [-122.32336, 37.82221], [-122.3232, 37.82223], [-122.323065, 37.822245], [-122.32293, 37.82226], [-122.322785, 37.82228], [-122.32264, 37.8223], [-122.32244, 37.82233], [-122.32228, 37.822355], [-122.32212, 37.82238], [-122.321905, 37.822415], [-122.32169, 37.82245], [-122.32148, 37.82248], [-122.32147, 37.82248], [-122.32134, 37.822505], [-122.32121, 37.82253], [-122.32105, 37.82256], [-122.32089, 37.82259], [-122.320665, 37.822625], [-122.32044, 37.82266], [-122.320275, 37.82269], [-122.32011, 37.82272], [-122.31995, 37.82275], [-122.31985, 37.82277], [-122.319638, 37.822808], [-122.319425, 37.822845], [-122.319213, 37.822883], [-122.319, 37.82292], [-122.318815, 37.822955], [-122.31863, 37.82299], [-122.318225, 37.823055], [-122.31809, 37.82308], [-122.31806, 37.82308], [-122.317933, 37.823103], [-122.317805, 37.823125], [-122.317678, 37.823148], [-122.31755, 37.82317], [-122.31739, 37.823195], [-122.31723, 37.82322], [-122.31721, 37.82323], [-122.31713, 37.82324], [-122.317, 37.82327], [-122.31677, 37.82331], [-122.31666, 37.82334], [-122.316515, 37.823365], [-122.31637, 37.82339], [-122.316225, 37.823415], [-122.31608, 37.82344], [-122.315935, 37.823465], [-122.31579, 37.82349], [-122.315645, 37.823515], [-122.3155, 37.82354], [-122.31537, 37.82357], [-122.315198, 37.8236], [-122.315025, 37.82363], [-122.314853, 37.82366], [-122.31468, 37.82369], [-122.314505, 37.82372], [-122.31433, 37.82375], [-122.314135, 37.823783], [-122.31394, 37.823815], [-122.313745, 37.823848], [-122.31355, 37.82388], [-122.313373, 37.823913], [-122.313195, 37.823945], [-122.313018, 37.823978], [-122.31284, 37.82401], [-122.31277, 37.82402], [-122.312595, 37.82405], [-122.31242, 37.82408], [-122.312218, 37.824115], [-122.312015, 37.82415], [-122.311813, 37.824185], [-122.31161, 37.82422], [-122.31149, 37.82424], [-122.31137, 37.82426], [-122.311243, 37.82428], [-122.311115, 37.8243], [-122.310988, 37.82432], [-122.31086, 37.82434], [-122.31071, 37.82436], [-122.31056, 37.82438], [-122.31041, 37.8244], [-122.31026, 37.82442], [-122.310105, 37.82444], [-122.30995, 37.82446], [-122.309825, 37.824475], [-122.3097, 37.82449], [-122.30954, 37.824505], [-122.30938, 37.82452], [-122.3092, 37.82454], [-122.30902, 37.82456], [-122.30884, 37.824575], [-122.30866, 37.82459], [-122.30851, 37.824605], [-122.30836, 37.82462], [-122.30822, 37.824635], [-122.30808, 37.82465], [-122.307885, 37.824675], [-122.30769, 37.8247], [-122.30745, 37.82472], [-122.3073, 37.82474], [-122.30707, 37.82476], [-122.30691, 37.82478], [-122.3068, 37.8248], [-122.30668, 37.82481], [-122.30657, 37.82483], [-122.30645, 37.82485], [-122.30621, 37.82488], [-122.30601, 37.82492], [-122.305875, 37.824945], [-122.30574, 37.82497], [-122.30558, 37.825], [-122.305355, 37.82505], [-122.30513, 37.8251], [-122.30491, 37.82515], [-122.30476, 37.82518], [-122.30454, 37.825233], [-122.30432, 37.825285], [-122.3041, 37.825338], [-122.30388, 37.82539], [-122.30372, 37.825425], [-122.30356, 37.82546], [-122.30347, 37.82548], [-122.303325, 37.825515], [-122.30318, 37.82555], [-122.30303, 37.82558], [-122.30283, 37.82563], [-122.30269, 37.82566], [-122.30267, 37.82566], [-122.3025, 37.8257], [-122.30233, 37.82574], [-122.30218, 37.82577], [-122.30201, 37.82581], [-122.30186, 37.82584], [-122.30169, 37.82588], [-122.30154, 37.82591], [-122.30138, 37.82594], [-122.30131, 37.82596], [-122.301125, 37.826], [-122.30094, 37.82604], [-122.30082, 37.826065], [-122.3007, 37.82609], [-122.30055, 37.82613], [-122.300395, 37.826163], [-122.30024, 37.826195], [-122.300085, 37.826228], [-122.29993, 37.82626], [-122.29982, 37.82629], [-122.29977, 37.8263], [-122.29974, 37.8263], [-122.29961, 37.82633], [-122.29955, 37.82634], [-122.29955, 37.82635], [-122.29953, 37.82635], [-122.2993, 37.8264], [-122.29914, 37.826435], [-122.29898, 37.82647], [-122.29887, 37.8265], [-122.298695, 37.826535], [-122.29852, 37.82657], [-122.298315, 37.826615], [-122.29811, 37.82666], [-122.297905, 37.826705], [-122.2977, 37.82675], [-122.29748, 37.8268], [-122.29726, 37.82685], [-122.297055, 37.826895], [-122.29685, 37.82694], [-122.29672, 37.82697], [-122.29659, 37.827], [-122.29642, 37.827035], [-122.29625, 37.82707], [-122.29607, 37.82711], [-122.295853, 37.827162], [-122.295635, 37.827214], [-122.295418, 37.827266], [-122.295201, 37.827319], [-122.295042, 37.827355], [-122.294884, 37.827391], [-122.294726, 37.827427], [-122.294568, 37.827463], [-122.294436, 37.827484], [-122.294305, 37.827505], [-122.294173, 37.827526], [-122.294042, 37.827547], [-122.293809, 37.827539], [-122.293575, 37.82753], [-122.293342, 37.827522], [-122.293108, 37.827513], [-122.29299, 37.827488], [-122.292872, 37.827463], [-122.292754, 37.827437], [-122.292636, 37.827412], [-122.292484, 37.827353], [-122.292331, 37.827295], [-122.292178, 37.827237], [-122.292025, 37.827179], [-122.291872, 37.82712], [-122.291719, 37.827062], [-122.291566, 37.827004], [-122.291413, 37.826946], [-122.291218, 37.826865], [-122.291022, 37.826785], [-122.290826, 37.826704], [-122.29063, 37.826624], [-122.290476, 37.826589], [-122.290322, 37.826554], [-122.290167, 37.826519], [-122.290013, 37.826484], [-122.289859, 37.826449], [-122.289705, 37.826414], [-122.289551, 37.826379], [-122.289396, 37.826344], [-122.289194, 37.826346], [-122.288992, 37.826348], [-122.28879, 37.82635], [-122.288588, 37.826351], [-122.288386, 37.826353], [-122.288185, 37.826355], [-122.287983, 37.826357], [-122.287781, 37.826359], [-122.287636, 37.826399], [-122.287491, 37.826439], [-122.287346, 37.82648], [-122.287201, 37.82652], [-122.286979, 37.826577], [-122.286756, 37.826634], [-122.286533, 37.826691], [-122.286311, 37.826749], [-122.286139, 37.8268], [-122.285967, 37.82685], [-122.285796, 37.826901], [-122.285624, 37.826952], [-122.285393, 37.826997], [-122.285163, 37.827041], [-122.284932, 37.827086], [-122.284701, 37.82713], [-122.284559, 37.827153], [-122.284417, 37.827177], [-122.284275, 37.8272], [-122.284133, 37.827223], [-122.283991, 37.827261], [-122.283848, 37.8273], [-122.283706, 37.827338], [-122.283564, 37.827376], [-122.283431, 37.827419], [-122.283299, 37.827463], [-122.283166, 37.827506], [-122.283033, 37.827549], [-122.2829, 37.827593], [-122.282768, 37.827636], [-122.282635, 37.82768], [-122.282502, 37.827723], [-122.282345, 37.82777], [-122.282187, 37.827817], [-122.28203, 37.827864], [-122.281873, 37.82791], [-122.281648, 37.827972], [-122.281422, 37.828033], [-122.281197, 37.828095], [-122.280972, 37.828156], [-122.280832, 37.828182], [-122.280693, 37.828207], [-122.280553, 37.828232], [-122.280414, 37.828258], [-122.280327, 37.82842], [-122.280499, 37.828395], [-122.280671, 37.828369], [-122.280787, 37.828339], [-122.280904, 37.828308], [-122.281021, 37.828277], [-122.281137, 37.828247], [-122.281254, 37.828216], [-122.281371, 37.828185], [-122.281487, 37.828154], [-122.281604, 37.828124], [-122.28176, 37.828088], [-122.281915, 37.828052], [-122.282071, 37.828016], [-122.282226, 37.82798], [-122.282382, 37.82792], [-122.282538, 37.827861], [-122.282666, 37.827844], [-122.282795, 37.827827], [-122.282924, 37.82781], [-122.283053, 37.827793], [-122.283176, 37.827776], [-122.283299, 37.827759], [-122.283423, 37.827742], [-122.283546, 37.827725], [-122.283755, 37.82767], [-122.283964, 37.827615], [-122.284109, 37.827577], [-122.284254, 37.827539], [-122.284399, 37.827501], [-122.284544, 37.827463], [-122.284689, 37.827425], [-122.284833, 37.827386], [-122.284978, 37.827348], [-122.285123, 37.82731], [-122.285292, 37.827278], [-122.285461, 37.827247], [-122.28563, 37.827215], [-122.285799, 37.827183], [-122.286, 37.827128], [-122.286201, 37.827073], [-122.286403, 37.827018], [-122.286604, 37.826963], [-122.286824, 37.826912], [-122.287044, 37.826861], [-122.287205, 37.826846], [-122.287365, 37.826831], [-122.287526, 37.826816], [-122.287687, 37.826802], [-122.287848, 37.826708], [-122.288058, 37.826725], [-122.288267, 37.826742], [-122.288416, 37.826768], [-122.288564, 37.826793], [-122.288713, 37.826819], [-122.288862, 37.826844], [-122.289011, 37.826869], [-122.28916, 37.826895], [-122.289309, 37.82692], [-122.289458, 37.826946], [-122.289574, 37.826982], [-122.289691, 37.827018], [-122.289808, 37.827054], [-122.289924, 37.82709], [-122.290041, 37.827126], [-122.290158, 37.827162], [-122.290274, 37.827198], [-122.290391, 37.827234], [-122.29052, 37.827276], [-122.290649, 37.827319], [-122.290777, 37.827361], [-122.290906, 37.827403], [-122.291024, 37.827452], [-122.291142, 37.827501], [-122.29126, 37.82755], [-122.291378, 37.827598], [-122.291496, 37.827647], [-122.291614, 37.827696], [-122.291732, 37.827744], [-122.29185, 37.827793], [-122.292014, 37.827886], [-122.292177, 37.82798], [-122.292341, 37.828073], [-122.292505, 37.828166], [-122.292633, 37.828295], [-122.292762, 37.828424], [-122.292891, 37.828554], [-122.29302, 37.828683], [-122.293076, 37.82877], [-122.293132, 37.828857], [-122.293189, 37.828944], [-122.293245, 37.82903], [-122.293288, 37.829183], [-122.293331, 37.829335], [-122.293374, 37.829488], [-122.293417, 37.829641], [-122.293409, 37.829804], [-122.2934, 37.829967], [-122.293392, 37.83013], [-122.293384, 37.830293], [-122.293378, 37.830439], [-122.293371, 37.830585], [-122.293364, 37.830731], [-122.293357, 37.830877], [-122.29335, 37.831022], [-122.293344, 37.831168], [-122.293337, 37.831314], [-122.29333, 37.83146], [-122.29334, 37.83154], [-122.29334, 37.83163], [-122.29337, 37.8318], [-122.29339, 37.83193], [-122.2934, 37.83197], [-122.29341, 37.83202], [-122.29344, 37.83216], [-122.29347, 37.83227], [-122.29351, 37.83242], [-122.29354, 37.83251], [-122.29359, 37.83264], [-122.2936, 37.83266], [-122.29364, 37.83277], [-122.29366, 37.83281], [-122.29369, 37.83288], [-122.29375, 37.833], [-122.29381, 37.83313], [-122.29389, 37.83328], [-122.293975, 37.833433], [-122.29406, 37.833585], [-122.294145, 37.833738], [-122.29423, 37.83389], [-122.294325, 37.83406], [-122.29442, 37.83423], [-122.294522, 37.8344], [-122.294625, 37.83457], [-122.294727, 37.83474], [-122.29483, 37.83491], [-122.2949, 37.83503], [-122.29497, 37.83515], [-122.29491, 37.83525], [-122.2949, 37.83526], [-122.2949, 37.83527], [-122.29491, 37.83529], [-122.29493, 37.83535], [-122.29498, 37.835445], [-122.29503, 37.83554], [-122.29505, 37.83558], [-122.295105, 37.83569], [-122.29516, 37.8358], [-122.29521, 37.83591], [-122.29526, 37.836005], [-122.29531, 37.8361], [-122.29536, 37.8362], [-122.29543, 37.83633], [-122.29548, 37.83642], [-122.29549, 37.83647], [-122.29556, 37.83661], [-122.2956, 37.8367], [-122.29565, 37.8368], [-122.29573, 37.83696], [-122.29578, 37.83705], [-122.29584, 37.83717], [-122.29589, 37.83729], [-122.29591, 37.83733], [-122.29599, 37.83749], [-122.29603, 37.83758], [-122.29608, 37.8377], [-122.2961, 37.83776], [-122.29611, 37.83781], [-122.29612, 37.83783], [-122.29613, 37.8379], [-122.29615, 37.83802], [-122.29617, 37.8381], [-122.29603, 37.83813], [-122.29593, 37.83816], [-122.295775, 37.83819], [-122.29562, 37.83822], [-122.29556, 37.83823], [-122.295415, 37.83826], [-122.29527, 37.83829], [-122.295135, 37.83832], [-122.295, 37.83835], [-122.294845, 37.838385], [-122.29469, 37.83842], [-122.29466, 37.83831], [-122.294625, 37.838195], [-122.29459, 37.83808], [-122.29455, 37.83795], [-122.294515, 37.837855], [-122.29448, 37.83776], [-122.29444, 37.8376], [-122.29443, 37.83756], [-122.2944, 37.83748], [-122.29449, 37.837433], [-122.294307, 37.837325], [-122.294205, 37.837265], [-122.294135, 37.83722], [-122.294057, 37.837182], [-122.293976, 37.837152], [-122.293854, 37.837128], [-122.293779, 37.837125], [-122.293552, 37.837134], [-122.293324, 37.837143], [-122.293097, 37.837155], [-122.293027, 37.837002], [-122.293012, 37.836866], [-122.292995, 37.836687], [-122.292978, 37.836507], [-122.292961, 37.836328], [-122.292944, 37.836149], [-122.292928, 37.835969], [-122.292912, 37.835804], [-122.292897, 37.835625], [-122.292891, 37.835548], [-122.292881, 37.835461], [-122.292878, 37.835316], [-122.292889, 37.835172], [-122.292915, 37.835027], [-122.292954, 37.834885], [-122.293014, 37.834731], [-122.293104, 37.834566], [-122.293128, 37.834521], [-122.293223, 37.834357], [-122.293324, 37.834196], [-122.293348, 37.834158], [-122.293394, 37.834056], [-122.293418, 37.833979], [-122.293457, 37.833835], [-122.293524, 37.833778], [-122.293544, 37.833608], [-122.293608, 37.833435], [-122.293641, 37.833348], [-122.293547, 37.833184], [-122.29346, 37.833031], [-122.2934, 37.832857], [-122.293377, 37.832793], [-122.293318, 37.832647], [-122.293254, 37.832474], [-122.293197, 37.8323], [-122.293178, 37.832244], [-122.293138, 37.832099], [-122.293108, 37.831968], [-122.293076, 37.83179], [-122.293056, 37.831611], [-122.293049, 37.83155], [-122.293039, 37.83137], [-122.293036, 37.831318], [-122.293025, 37.831138], [-122.293015, 37.830959], [-122.293004, 37.830779], [-122.292994, 37.830599], [-122.292988, 37.830506], [-122.292983, 37.830409], [-122.292973, 37.830229], [-122.292963, 37.83005], [-122.292953, 37.82987], [-122.292944, 37.829718], [-122.292925, 37.829584], [-122.292894, 37.829462], [-122.292846, 37.829327], [-122.292793, 37.829227], [-122.292731, 37.829125], [-122.292649, 37.829082], [-122.292606, 37.829034], [-122.292481, 37.82892], [-122.292382, 37.828849], [-122.292274, 37.828786], [-122.292156, 37.828732], [-122.292034, 37.82869], [-122.291904, 37.828657], [-122.29177, 37.828634], [-122.291634, 37.828622], [-122.291506, 37.828626], [-122.291282, 37.828657], [-122.291198, 37.828669], [-122.291082, 37.828696], [-122.290862, 37.828742], [-122.290777, 37.82876], [-122.290555, 37.8288], [-122.290333, 37.82884], [-122.290111, 37.82888], [-122.289928, 37.828913], [-122.28978, 37.828949], [-122.289564, 37.829005], [-122.289347, 37.82906], [-122.289152, 37.82911], [-122.288954, 37.829171], [-122.288733, 37.829214], [-122.28866, 37.829228], [-122.28844, 37.829274], [-122.28822, 37.82932], [-122.288, 37.829366], [-122.28781, 37.829405], [-122.287583, 37.829419], [-122.287356, 37.829433], [-122.287267, 37.829439], [-122.287067, 37.829525], [-122.286938, 37.829581], [-122.286808, 37.829555], [-122.286587, 37.829599], [-122.286488, 37.829618], [-122.286268, 37.829663], [-122.286047, 37.829708], [-122.285827, 37.829753], [-122.285606, 37.829798], [-122.285386, 37.829843], [-122.28516, 37.829869], [-122.284935, 37.829895], [-122.284882, 37.829901], [-122.284669, 37.829966], [-122.284457, 37.83003], [-122.284358, 37.83005], [-122.284137, 37.830093], [-122.283916, 37.830137], [-122.283691, 37.830162], [-122.283465, 37.830187], [-122.283446, 37.830189], [-122.283234, 37.830254], [-122.283022, 37.830319], [-122.28296, 37.830334], [-122.282739, 37.830379], [-122.282519, 37.830423], [-122.282298, 37.830468], [-122.282125, 37.830503], [-122.281904, 37.830548], [-122.281684, 37.830592], [-122.281456, 37.830601], [-122.281322, 37.830607], [-122.281117, 37.830685], [-122.280986, 37.830735], [-122.280774, 37.830781], [-122.280553, 37.830825], [-122.280332, 37.830869], [-122.280112, 37.830913], [-122.279902, 37.830955], [-122.279765, 37.830985], [-122.27954, 37.83101], [-122.279367, 37.83103], [-122.279153, 37.831091], [-122.278939, 37.831153], [-122.278845, 37.83118], [-122.278624, 37.831224], [-122.278403, 37.831268], [-122.278231, 37.831278], [-122.278151, 37.831276], [-122.278063, 37.831266], [-122.277839, 37.831232], [-122.277616, 37.831198], [-122.277392, 37.831164], [-122.277281, 37.831147], [-122.277058, 37.83111], [-122.276835, 37.831073], [-122.276646, 37.831042], [-122.276423, 37.831004], [-122.276201, 37.830965], [-122.275978, 37.830927], [-122.275879, 37.83091], [-122.275656, 37.830872], [-122.275434, 37.830835], [-122.275211, 37.830797], [-122.27511, 37.83078], [-122.274887, 37.830745], [-122.274663, 37.83071], [-122.27444, 37.830675], [-122.274216, 37.830641], [-122.274078, 37.830619], [-122.273937, 37.830592], [-122.273851, 37.830759], [-122.273785, 37.830886], [-122.273773, 37.831066], [-122.273761, 37.831245], [-122.273714, 37.831421], [-122.273679, 37.831553], [-122.273638, 37.83173], [-122.273597, 37.831907], [-122.273556, 37.832084], [-122.273515, 37.832261], [-122.273492, 37.83236], [-122.273448, 37.832536], [-122.273404, 37.832713], [-122.273359, 37.832889], [-122.273315, 37.833066], [-122.273271, 37.833242], [-122.273227, 37.833419], [-122.273183, 37.833595], [-122.273139, 37.833772], [-122.273094, 37.833948], [-122.273015, 37.834117], [-122.272936, 37.834285], [-122.27291, 37.834341], [-122.272944, 37.834519], [-122.272978, 37.834697], [-122.272991, 37.834765], [-122.273002, 37.834831], [-122.273036, 37.835009], [-122.27307, 37.835187], [-122.273107, 37.835364], [-122.273144, 37.835542], [-122.273181, 37.835719], [-122.273218, 37.835897], [-122.27323, 37.835956], [-122.273268, 37.836133], [-122.273305, 37.836311], [-122.273343, 37.836488], [-122.27336, 37.836567], [-122.273397, 37.836744], [-122.273423, 37.836869], [-122.273458, 37.837047], [-122.273471, 37.837136], [-122.273509, 37.837313], [-122.27354, 37.837464], [-122.273528, 37.837644], [-122.273517, 37.837797], [-122.273597, 37.837965], [-122.273677, 37.838134], [-122.273715, 37.838311], [-122.27375, 37.838489], [-122.273786, 37.838667], [-122.273822, 37.838844], [-122.273805, 37.839024], [-122.273795, 37.839138], [-122.27388, 37.839305], [-122.273943, 37.839429], [-122.273979, 37.839607], [-122.274015, 37.839784], [-122.274052, 37.839962], [-122.274088, 37.840139], [-122.274123, 37.840317], [-122.274158, 37.840495], [-122.274171, 37.840559], [-122.274206, 37.840737], [-122.274233, 37.84087], [-122.274274, 37.841047], [-122.274241, 37.841128], [-122.274251, 37.841175], [-122.274304, 37.84135], [-122.274356, 37.841525], [-122.274381, 37.841612], [-122.274398, 37.841702], [-122.274419, 37.841809], [-122.274438, 37.841988], [-122.274456, 37.842168], [-122.274463, 37.842233], [-122.274541, 37.842402], [-122.274588, 37.842505], [-122.27463, 37.842682], [-122.274671, 37.842859], [-122.274713, 37.843035], [-122.274754, 37.843212], [-122.274796, 37.843389], [-122.274837, 37.843566], [-122.274878, 37.843743], [-122.274897, 37.843825], [-122.274929, 37.843953], [-122.274945, 37.844009], [-122.275007, 37.844182], [-122.275055, 37.844294], [-122.274865, 37.844393], [-122.274691, 37.844483], [-122.274529, 37.844609], [-122.274366, 37.844735], [-122.274284, 37.844795], [-122.274113, 37.844914], [-122.273949, 37.845038], [-122.273807, 37.845153], [-122.273654, 37.845286], [-122.2735, 37.845419], [-122.273364, 37.845537], [-122.273218, 37.845675], [-122.273112, 37.845774], [-122.272949, 37.8459], [-122.272847, 37.845978], [-122.272737, 37.846135], [-122.272626, 37.846293], [-122.272553, 37.846377], [-122.272483, 37.846458], [-122.272355, 37.846601], [-122.272266, 37.846708], [-122.272201, 37.846788], [-122.272154, 37.846838], [-122.272105, 37.84688], [-122.272049, 37.846925], [-122.271985, 37.846964], [-122.271795, 37.847063], [-122.271607, 37.847155], [-122.271628, 37.847201], [-122.271644, 37.84726], [-122.271648, 37.847307], [-122.271645, 37.847379], [-122.271636, 37.847452], [-122.271615, 37.847556], [-122.271578, 37.847733], [-122.271541, 37.847911], [-122.271504, 37.848088], [-122.271466, 37.848266], [-122.271457, 37.848309], [-122.271415, 37.848486], [-122.271392, 37.848583], [-122.27133, 37.848756], [-122.271311, 37.848799], [-122.271201, 37.848957], [-122.271091, 37.849115], [-122.271071, 37.849294], [-122.271051, 37.849473], [-122.270987, 37.849646], [-122.270925, 37.849819], [-122.270864, 37.849992], [-122.270803, 37.850166], [-122.270762, 37.850281], [-122.2707, 37.850454], [-122.270638, 37.850627], [-122.270619, 37.850681], [-122.270602, 37.850744], [-122.270521, 37.850912], [-122.270477, 37.851003], [-122.270404, 37.851173], [-122.270357, 37.851284], [-122.270317, 37.85133], [-122.270284, 37.851364], [-122.270245, 37.851417], [-122.270194, 37.851531], [-122.270124, 37.851702], [-122.270057, 37.851874], [-122.270022, 37.851962], [-122.269956, 37.852134], [-122.269891, 37.852307], [-122.269825, 37.852479], [-122.26976, 37.852651], [-122.269635, 37.852801], [-122.269542, 37.852913], [-122.26953, 37.853093], [-122.269519, 37.853272], [-122.269463, 37.853426], [-122.269399, 37.853599], [-122.269334, 37.853771], [-122.26927, 37.853944], [-122.269233, 37.854042], [-122.269167, 37.854214], [-122.269103, 37.854387], [-122.269051, 37.854528], [-122.269021, 37.854616], [-122.26898, 37.854732], [-122.268914, 37.854904], [-122.268849, 37.855076], [-122.268809, 37.855181], [-122.268689, 37.855334], [-122.268619, 37.855424], [-122.268598, 37.855603], [-122.268578, 37.855782], [-122.268514, 37.855955], [-122.268447, 37.856127], [-122.268408, 37.856228], [-122.268344, 37.856401], [-122.268297, 37.856528], [-122.268232, 37.8567], [-122.268166, 37.856873], [-122.268101, 37.857045], [-122.268036, 37.857217], [-122.267971, 37.85739], [-122.267934, 37.857486], [-122.267817, 37.85764], [-122.267728, 37.857758], [-122.267709, 37.857937], [-122.267691, 37.858117], [-122.267627, 37.858289], [-122.26757, 37.858439], [-122.267523, 37.858615], [-122.267477, 37.858791], [-122.26743, 37.858967], [-122.267391, 37.859111], [-122.26737, 37.859193], [-122.267356, 37.859242], [-122.267341, 37.859289], [-122.267314, 37.859337], [-122.267248, 37.859409], [-122.267187, 37.859462], [-122.26715, 37.859499], [-122.267084, 37.859569], [-122.26705, 37.859636], [-122.26704, 37.859691], [-122.26703, 37.859791], [-122.267014, 37.85997], [-122.267005, 37.86006], [-122.26698, 37.860239], [-122.266966, 37.860343], [-122.266946, 37.860522], [-122.266933, 37.860657], [-122.266925, 37.860733], [-122.266929, 37.860807], [-122.266948, 37.860986], [-122.266968, 37.861165], [-122.26698, 37.861265], [-122.267, 37.861444], [-122.26702, 37.861623], [-122.267037, 37.861771], [-122.267015, 37.86195], [-122.266997, 37.862092], [-122.267069, 37.862263], [-122.267105, 37.862348], [-122.267126, 37.862527], [-122.267141, 37.862655], [-122.267162, 37.862834], [-122.267183, 37.863013], [-122.267191, 37.863077], [-122.267213, 37.863256], [-122.267234, 37.863435], [-122.267244, 37.863515], [-122.267231, 37.863695], [-122.267218, 37.863874], [-122.267216, 37.863909], [-122.267269, 37.864084], [-122.267323, 37.864259], [-122.267346, 37.864335], [-122.267365, 37.864514], [-122.267381, 37.86466], [-122.267397, 37.864839], [-122.267402, 37.864894], [-122.267424, 37.865073], [-122.267445, 37.865252], [-122.267467, 37.865431], [-122.267473, 37.865484], [-122.267495, 37.865663], [-122.26751, 37.865791], [-122.26753, 37.86597], [-122.267551, 37.866149], [-122.267571, 37.866328], [-122.267536, 37.866506], [-122.267517, 37.866604], [-122.26759, 37.866774], [-122.267635, 37.866879], [-122.267656, 37.867058], [-122.267677, 37.867237], [-122.267687, 37.867326], [-122.267707, 37.867505], [-122.267718, 37.867601], [-122.267736, 37.86778], [-122.267754, 37.86796], [-122.267772, 37.868139], [-122.267743, 37.868317], [-122.267722, 37.86845], [-122.267787, 37.868622], [-122.267851, 37.868795], [-122.267871, 37.868955], [-122.267881, 37.869077], [-122.267885, 37.869143], [-122.267885, 37.869323], [-122.267883, 37.86939], [-122.267875, 37.869491], [-122.267869, 37.869596], [-122.267827, 37.869773], [-122.267802, 37.86988], [-122.26788, 37.870049], [-122.267958, 37.870218], [-122.268013, 37.870277], [-122.26805, 37.870308], [-122.268092, 37.870377], [-122.268134, 37.870448], [-122.268187, 37.870565], [-122.268228, 37.870684], [-122.268254, 37.870807], [-122.268269, 37.870986], [-122.268285, 37.871166], [-122.268304, 37.871247], [-122.268331, 37.871426], [-122.26834, 37.871485], [-122.268361, 37.871664], [-122.268383, 37.871843], [-122.268388, 37.871886], [-122.268402, 37.872066], [-122.268405, 37.872106], [-122.268407, 37.872185], [-122.268363, 37.872362], [-122.268319, 37.872541], [-122.268396, 37.87271], [-122.268473, 37.872879], [-122.26841, 37.873005], [-122.268416, 37.873052], [-122.268439, 37.873231], [-122.268462, 37.87341], [-122.268485, 37.873589], [-122.268509, 37.873768], [-122.268523, 37.873876], [-122.268429, 37.873884], [-122.268204, 37.873912], [-122.267979, 37.87394], [-122.267754, 37.873969], [-122.267529, 37.873997], [-122.267301, 37.87399], [-122.267073, 37.873984], [-122.266985, 37.873981]]}}]}