{"type": "FeatureCollection", "features": [{"id": "0", "type": "Feature", "properties": {"route": "L", "stop": "Bayside Common Condominiums", "re_ratio": 0.34642069983442547}, "geometry": {"type": "Polygon", "coordinates": [[[-122.305894, 37.8893142], [-122.3069606, 37.89035069999999], [-122.3119706, 37.9005058], [-122.3109991, 37.9027423], [-122.30493790000001, 37.9007572], [-122.3026806, 37.8983234], [-122.3034565, 37.8928878], [-122.30474, 37.8898559], [-122.305894, 37.8893142]]]}}, {"id": "1", "type": "Feature", "properties": {"route": "L", "stop": "Pierce St & Gateview Apts", "re_ratio": 0.2937603804336653}, "geometry": {"type": "Polygon", "coordinates": [[[-122.30530969999998, 37.88750329999999], [-122.3072753, 37.88866399999999], [-122.3074465, 37.8893352], [-122.309812, 37.9001984], [-122.30941250000001, 37.9004251], [-122.30926780000001, 37.90048780000001], [-122.30707709999999, 37.89966849999999], [-122.3056502, 37.89834630000001], [-122.30114440000001, 37.894011599999985], [-122.3032098, 37.8895429], [-122.30325080000001, 37.88946099999999], [-122.30530969999998, 37.88750329999999]]]}}, {"id": "2", "type": "Feature", "properties": {"route": "L", "stop": "Central Av & Yosemite Av", "re_ratio": 0.5747792554607294}, "geometry": {"type": "Polygon", "coordinates": [[[-122.3010324, 37.8967189], [-122.30882020000001, 37.897701099999985], [-122.3129748, 37.9005587], [-122.3131521, 37.901821], [-122.3123016, 37.903795300000006], [-122.31038879999998, 37.9069808], [-122.3085271, 37.9077723], [-122.3058618, 37.907399700000006], [-122.3034146, 37.9066386], [-122.30055330000002, 37.90540709999999], [-122.29790470000002, 37.9020526], [-122.29978520000002, 37.8985933], [-122.30003979999998, 37.8981605], [-122.30070180000001, 37.897089199999996], [-122.3010324, 37.8967189]]]}}, {"id": "3", "type": "Feature", "properties": {"route": "L", "stop": "San Pablo Av & Cutting Blvd-Del Norte BART Stop D1", "re_ratio": 0.5554712676848744}, "geometry": {"type": "Polygon", "coordinates": [[[-122.3136942, 37.918927700000005], [-122.31880559999999, 37.9196274], [-122.31982839999999, 37.9202997], [-122.3235729, 37.92343610000001], [-122.32574060000002, 37.925378499999994], [-122.3223691, 37.930737399999984], [-122.3220736, 37.930687999999996], [-122.3204499, 37.93034680000001], [-122.31693760000002, 37.929401], [-122.3120093, 37.927873099999985], [-122.3110999, 37.927206299999995], [-122.3110732, 37.92651810000001], [-122.31153030000002, 37.9230703], [-122.3136942, 37.918927700000005]]]}}, {"id": "4", "type": "Feature", "properties": {"route": "L", "stop": "San Pablo Av & Lincoln Av", "re_ratio": 0.6117497822610944}, "geometry": {"type": "Polygon", "coordinates": [[[-122.3012765, 37.8977185], [-122.30369349999998, 37.8984038], [-122.3071322, 37.89940299999999], [-122.30938840000002, 37.90039049999999], [-122.3100237, 37.9008239], [-122.3109991, 37.9027423], [-122.30996159999998, 37.9063612], [-122.3090399, 37.90836549999999], [-122.30826720000002, 37.9099896], [-122.3080489, 37.910347400000006], [-122.3079598, 37.9104453], [-122.3077611, 37.910545299999995], [-122.302611, 37.909244300000005], [-122.29888540000002, 37.907981199999995], [-122.2963355, 37.90666429999999], [-122.29790470000002, 37.9020526], [-122.3005318, 37.898420899999984], [-122.3012765, 37.8977185]]]}}, {"id": "5", "type": "Feature", "properties": {"route": "L", "stop": "San Pablo Av & Manila Av (El Cerrito City Hall)", "re_ratio": 0.5676964137171288}, "geometry": {"type": "Polygon", "coordinates": [[[-122.3073491, 37.90957969999999], [-122.30779030000001, 37.909677900000005], [-122.31499460000002, 37.911432], [-122.3169414, 37.9132652], [-122.3170744, 37.91633529999999], [-122.31704180000001, 37.91707860000001], [-122.31674960000001, 37.920680999999995], [-122.3166654, 37.9209088], [-122.316068, 37.92169539999998], [-122.31580210000001, 37.921857799999984], [-122.31520320000001, 37.921822899999995], [-122.3037365, 37.9192112], [-122.3053647, 37.91450389999999], [-122.3073491, 37.90957969999999]]]}}, {"id": "6", "type": "Feature", "properties": {"route": "L", "stop": "San Pablo Av & Moeser Ln", "re_ratio": 0.5767843655650082}, "geometry": {"type": "Polygon", "coordinates": [[[-122.30476150000001, 37.905597300000004], [-122.30569100000001, 37.90582390000001], [-122.31038879999998, 37.9069808], [-122.31209500000001, 37.9078307], [-122.315047, 37.9097065], [-122.31499460000002, 37.911432], [-122.31456329999999, 37.9156237], [-122.31328720000002, 37.9177749], [-122.313024, 37.917971699999995], [-122.3113471, 37.9177216], [-122.30566720000002, 37.9161936], [-122.3032286, 37.91544119999998], [-122.30135920000001, 37.914504399999984], [-122.30120839999998, 37.9143111], [-122.304259, 37.9063849], [-122.30476150000001, 37.905597300000004]]]}}, {"id": "7", "type": "Feature", "properties": {"route": "L", "stop": "San Pablo Av & Potrero Av", "re_ratio": 0.5878706748150884}, "geometry": {"type": "Polygon", "coordinates": [[[-122.31119340000001, 37.9149498], [-122.3165727, 37.9156264], [-122.31784830000001, 37.9163332], [-122.31983119999998, 37.917919999999995], [-122.3236364, 37.9211056], [-122.32015120000001, 37.926140800000006], [-122.31978459999999, 37.926501], [-122.31921780000002, 37.92656509999999], [-122.3165617, 37.92645219999999], [-122.30772400000001, 37.9234878], [-122.30951410000002, 37.91873519999999], [-122.31119340000001, 37.9149498]]]}}, {"id": "8", "type": "Feature", "properties": {"route": "L", "stop": "Pierce St & Central Av", "re_ratio": 0.5435790556027518}, "geometry": {"type": "Polygon", "coordinates": [[[-122.30781660000001, 37.89533180000001], [-122.3174259, 37.899514799999984], [-122.3136529, 37.905579599999996], [-122.3121563, 37.906222400000004], [-122.3068606, 37.90532519999999], [-122.3041229, 37.9047441], [-122.30339430000001, 37.90456139999999], [-122.3016008, 37.9028207], [-122.30156719999998, 37.9027511], [-122.30202400000002, 37.9007564], [-122.30232940000002, 37.9001999], [-122.30369349999998, 37.8984038], [-122.3068362, 37.895357700000005], [-122.30781660000001, 37.89533180000001]]]}}, {"id": "9", "type": "Feature", "properties": {"route": "L", "stop": "Pierce St & Pacific East Mall", "re_ratio": 0.4173847202698567}, "geometry": {"type": "Polygon", "coordinates": [[[-122.30587780000002, 37.8920671], [-122.3068839, 37.8931656], [-122.3129748, 37.9005587], [-122.3131521, 37.901821], [-122.313062, 37.9034719], [-122.3127588, 37.90442590000001], [-122.3109055, 37.904393999999996], [-122.30828770000001, 37.9039083], [-122.3032072, 37.9022599], [-122.3011992, 37.8982057], [-122.3013407, 37.897930099999996], [-122.30520799999998, 37.89288030000001], [-122.30587780000002, 37.8920671]]]}}, {"id": "10", "type": "Feature", "properties": {"route": "L", "stop": "Richmond Pkwy Transit Center (Park & Ride)", "re_ratio": 0.325267833657187}, "geometry": {"type": "Polygon", "coordinates": [[[-122.31915300000001, 37.9816476], [-122.3207325, 37.981797099999994], [-122.3227124, 37.9821416], [-122.3235224, 37.98414459999999], [-122.32228320000002, 37.9890414], [-122.3221973, 37.9891365], [-122.3113897, 37.98875170000001], [-122.3105743, 37.9886603], [-122.3105045, 37.9885609], [-122.3100973, 37.987241700000006], [-122.31915300000001, 37.9816476]]]}}, {"id": "11", "type": "Feature", "properties": {"route": "L", "stop": "San Pablo Av & Garvin Av", "re_ratio": 0.5876738124194213}, "geometry": {"type": "Polygon", "coordinates": [[[-122.3315297, 37.93780889999999], [-122.33736209999999, 37.9436426], [-122.3371769, 37.945173499999996], [-122.3325632, 37.950617300000005], [-122.33232959999998, 37.950689700000005], [-122.3322756, 37.950698499999994], [-122.3314977, 37.95044239999999], [-122.3269272, 37.9488519], [-122.3231446, 37.94362499999999], [-122.3262479, 37.9378427], [-122.3315297, 37.93780889999999]]]}}, {"id": "12", "type": "Feature", "properties": {"route": "L", "stop": "San Pablo Av & Macdonald Av", "re_ratio": 0.6138551083889484}, "geometry": {"type": "Polygon", "coordinates": [[[-122.31921780000002, 37.92656509999999], [-122.32146620000002, 37.9270887], [-122.3304133, 37.931953799999995], [-122.3315148, 37.933383199999994], [-122.33149930000002, 37.9334542], [-122.3301782, 37.93602799999999], [-122.3269782, 37.93934289999999], [-122.3248018, 37.938954599999995], [-122.3221769, 37.938053100000005], [-122.3164635, 37.9357209], [-122.31561240000002, 37.933647], [-122.31596110000001, 37.9318712], [-122.3162562, 37.9313677], [-122.31921780000002, 37.92656509999999]]]}}, {"id": "13", "type": "Feature", "properties": {"route": "L", "stop": "Church Ln & El Portal Dr", "re_ratio": 0.5442248985851376}, "geometry": {"type": "Polygon", "coordinates": [[[-122.3416765, 37.95710960000001], [-122.34431370000001, 37.963354599999995], [-122.3443307, 37.9634591], [-122.3425063, 37.96587289999999], [-122.3424063, 37.965946200000005], [-122.33881210000001, 37.968258399999996], [-122.33205500000001, 37.9667731], [-122.3291944, 37.96299059999998], [-122.3328983, 37.9599869], [-122.33590139999998, 37.95756179999999], [-122.3416765, 37.95710960000001]]]}}, {"id": "14", "type": "Feature", "properties": {"route": "L", "stop": "Church Ln & San Pablo Av", "re_ratio": 0.6137714672969309}, "geometry": {"type": "Polygon", "coordinates": [[[-122.3374895, 37.95413640000001], [-122.3419805, 37.9547191], [-122.3445452, 37.9553202], [-122.3454284, 37.95642809999999], [-122.34697049999998, 37.95861289999999], [-122.3460816, 37.96212870000001], [-122.34570019999998, 37.96296389999999], [-122.345429, 37.9634345], [-122.335451, 37.964835900000004], [-122.3326925, 37.9624377], [-122.33201059999999, 37.958792800000005], [-122.3338118, 37.9543269], [-122.33428690000001, 37.954277299999994], [-122.3374895, 37.95413640000001]]]}}, {"id": "15", "type": "Feature", "properties": {"route": "L", "stop": "13685 San Pablo Av", "re_ratio": 0.5037736183656631}, "geometry": {"type": "Polygon", "coordinates": [[[-122.33383230000001, 37.95234159999999], [-122.3388102, 37.95275060000001], [-122.34451469999999, 37.9562274], [-122.3460042, 37.9583951], [-122.3451658, 37.96223350000001], [-122.3364658, 37.9627206], [-122.3362603, 37.96262229999999], [-122.3349546, 37.9612455], [-122.33237300000002, 37.9558284], [-122.3323857, 37.95435290000001], [-122.3325115, 37.95383799999999], [-122.33315340000001, 37.95262359999999], [-122.33383230000001, 37.95234159999999]]]}}, {"id": "16", "type": "Feature", "properties": {"route": "L", "stop": "San Pablo Av & Kirk Ln", "re_ratio": 0.5673128168474302}, "geometry": {"type": "Polygon", "coordinates": [[[-122.332838, 37.94517329999999], [-122.3367536, 37.9477995], [-122.3388336, 37.9492344], [-122.3409969, 37.9513138], [-122.3409981, 37.951528999999994], [-122.3376001, 37.95670689999999], [-122.3351028, 37.95686270000001], [-122.3291927, 37.95648690000001], [-122.32678870000001, 37.948465299999995], [-122.3267669, 37.94835140000001], [-122.32976850000001, 37.9451987], [-122.332838, 37.94517329999999]]]}}, {"id": "17", "type": "Feature", "properties": {"route": "L", "stop": "San Pablo Av & Vale Rd", "re_ratio": 0.541265445026504}, "geometry": {"type": "Polygon", "coordinates": [[[-122.3323852, 37.94980219999999], [-122.3388407, 37.94986500000001], [-122.3417721, 37.951781499999996], [-122.3423271, 37.9529117], [-122.34266210000001, 37.96035719999998], [-122.3403317, 37.9602322], [-122.3387732, 37.96012679999999], [-122.33119630000002, 37.9587745], [-122.3304473, 37.9555724], [-122.330284, 37.95482890000001], [-122.3300235, 37.952835799999995], [-122.33142260000001, 37.9503896], [-122.331731, 37.94985650000002], [-122.3321548, 37.9498054], [-122.3323852, 37.94980219999999]]]}}, {"id": "18", "type": "Feature", "properties": {"route": "L", "stop": "San Pablo Av & Stockton Av", "re_ratio": 0.6171626326420923}, "geometry": {"type": "Polygon", "coordinates": [[[-122.30326709999999, 37.90146899999999], [-122.30687600000002, 37.90245079999999], [-122.312813, 37.9043476], [-122.3136529, 37.905579599999996], [-122.3124158, 37.9094498], [-122.311363, 37.9120532], [-122.3105445, 37.9140133], [-122.31040319999998, 37.91405879999999], [-122.30954920000002, 37.9140331], [-122.30503209999999, 37.9128557], [-122.29873370000001, 37.9111794], [-122.29862449999999, 37.9104028], [-122.30055330000002, 37.90540709999999], [-122.3024059, 37.9025005], [-122.30309429999998, 37.901542000000006], [-122.30326709999999, 37.90146899999999]]]}}, {"id": "19", "type": "Feature", "properties": {"route": "L", "stop": "Salesforce Transit Center Bay 6", "re_ratio": 0.5173779173613506}, "geometry": {"type": "Polygon", "coordinates": [[[-122.4019653, 37.783342399999995], [-122.40227840000001, 37.7833551], [-122.4027391, 37.7834094], [-122.40390129999999, 37.78492279999999], [-122.40403, 37.78553279999999], [-122.40437410000001, 37.7888137], [-122.4039653, 37.78982169999999], [-122.4038852, 37.789898799999996], [-122.4027481, 37.7909353], [-122.39773630000002, 37.7934983], [-122.39301840000002, 37.79323229999999], [-122.3916701, 37.79215550000001], [-122.3916604, 37.79187230000001], [-122.3916386, 37.7907341], [-122.39164340000002, 37.789145899999994], [-122.3917207, 37.78801789999999], [-122.3941697, 37.7835224], [-122.3942681, 37.783444700000004], [-122.3952328, 37.783415100000006], [-122.39635270000001, 37.783385300000006], [-122.39861260000002, 37.7833526], [-122.4019653, 37.783342399999995]]]}}, {"id": "20", "type": "Feature", "properties": {"route": "L", "stop": "Pierce St & Solano Av", "re_ratio": 0.3060980619736511}, "geometry": {"type": "Polygon", "coordinates": [[[-122.30354060000002, 37.8873616], [-122.3053671, 37.887400099999994], [-122.30649290000001, 37.8874291], [-122.30710439999999, 37.8879693], [-122.3074465, 37.8893352], [-122.3083956, 37.8940972], [-122.3081209, 37.896074299999995], [-122.30304620000001, 37.8943751], [-122.29977779999999, 37.892809899999996], [-122.29799509999998, 37.8903316], [-122.2979316, 37.89012610000001], [-122.29867210000002, 37.88785889999999], [-122.29913039999998, 37.887774900000004], [-122.3009877, 37.887505999999995], [-122.30354060000002, 37.8873616]]]}}, {"id": "21", "type": "Feature", "properties": {"route": "57", "stop": "40th St & Emery St", "re_ratio": 0.5972050549995176}, "geometry": {"type": "Polygon", "coordinates": [[[-122.27809380000001, 37.82499419999999], [-122.2782428, 37.825014499999995], [-122.2803787, 37.82550630000001], [-122.2860704, 37.827235], [-122.2871415, 37.8276192], [-122.288071, 37.828030199999986], [-122.28921059999999, 37.828723], [-122.28943800000002, 37.829059], [-122.28914220000001, 37.829904], [-122.2885994, 37.830645], [-122.28657310000001, 37.833049199999984], [-122.2819797, 37.83700499999999], [-122.27654899999999, 37.83576120000001], [-122.27371700000002, 37.8315585], [-122.2737796, 37.82984299999999], [-122.275488, 37.8272529], [-122.277696, 37.825214], [-122.27782470000001, 37.82510169999999], [-122.27809380000001, 37.82499419999999]]]}}, {"id": "22", "type": "Feature", "properties": {"route": "57", "stop": "40th St & Harlan St", "re_ratio": 0.5085839925637227}, "geometry": {"type": "Polygon", "coordinates": [[[-122.28438469999999, 37.8254031], [-122.2852004, 37.8256734], [-122.28875400000001, 37.8274356], [-122.29076470000001, 37.8287076], [-122.290881, 37.829007899999986], [-122.29081630000002, 37.8301992], [-122.28951119999999, 37.8317792], [-122.28898599999998, 37.8323849], [-122.2867839, 37.8344978], [-122.28125000000001, 37.8350777], [-122.27735060000002, 37.8336455], [-122.2762233, 37.832788900000004], [-122.27593840000002, 37.8309602], [-122.2775419, 37.8275754], [-122.2780134, 37.827006299999994], [-122.28009619999999, 37.82629450000001], [-122.28438469999999, 37.8254031]]]}}, {"id": "23", "type": "Feature", "properties": {"route": "57", "stop": "40th St & Hollis St", "re_ratio": 0.587312159500744}, "geometry": {"type": "Polygon", "coordinates": [[[-122.28470690000002, 37.8232211], [-122.2902897, 37.825535200000004], [-122.29094690000001, 37.82776829999999], [-122.290881, 37.829007899999986], [-122.29081630000002, 37.8301992], [-122.2906843, 37.8317744], [-122.2906152, 37.832417199999995], [-122.29021470000002, 37.83325249999999], [-122.2877694, 37.8361093], [-122.2875828, 37.8361411], [-122.28696940000002, 37.8362081], [-122.2807984, 37.833683199999996], [-122.27795339999999, 37.83238369999999], [-122.27785739999999, 37.832297800000006], [-122.27874900000002, 37.8286755], [-122.2788581, 37.82835589999999], [-122.2803787, 37.82550630000001], [-122.28209730000002, 37.82400820000001], [-122.28380230000002, 37.8233018], [-122.28470690000002, 37.8232211]]]}}, {"id": "24", "type": "Feature", "properties": {"route": "57", "stop": "Christie Av & 65th St", "re_ratio": 0.23491892004949497}, "geometry": {"type": "Polygon", "coordinates": [[[-122.29497710000001, 37.839379199999996], [-122.29638009999998, 37.8400438], [-122.2965323, 37.8405286], [-122.2970444, 37.8425108], [-122.2971157, 37.84280650000001], [-122.29741480000001, 37.8456004], [-122.2971373, 37.84733189999999], [-122.2952275, 37.84852570000001], [-122.2929624, 37.8490379], [-122.2896452, 37.847164099999986], [-122.29298700000001, 37.8408432], [-122.29360720000001, 37.840261], [-122.2948423, 37.83943549999999], [-122.29497710000001, 37.839379199999996]]]}}, {"id": "25", "type": "Feature", "properties": {"route": "57", "stop": "Christie Av & Powell Street Plaza Shopping Center", "re_ratio": 0.47642870195428927}, "geometry": {"type": "Polygon", "coordinates": [[[-122.29318710000001, 37.8322116], [-122.3021865, 37.8371694], [-122.3022798, 37.8374285], [-122.3009978, 37.839199], [-122.2967107, 37.8435962], [-122.29589210000002, 37.8440805], [-122.2956685, 37.84412749999999], [-122.294563, 37.8438486], [-122.28966240000001, 37.841312300000006], [-122.28873719999999, 37.840761099999995], [-122.28821390000002, 37.8396654], [-122.28819970000002, 37.8396198], [-122.2881208, 37.8393663], [-122.2886823, 37.8382887], [-122.29244300000002, 37.832306999999986], [-122.2927003, 37.83224909999999], [-122.29318710000001, 37.8322116]]]}}, {"id": "26", "type": "Feature", "properties": {"route": "57", "stop": "40th St & Horton St", "re_ratio": 0.5501351100741034}, "geometry": {"type": "Polygon", "coordinates": [[[-122.2893389, 37.82396549999999], [-122.29068880000001, 37.8245614], [-122.2928734, 37.827185799999995], [-122.29300670000002, 37.8304906], [-122.29024960000001, 37.836082499999996], [-122.2900365, 37.83613059999998], [-122.2840054, 37.8336035], [-122.2801992, 37.831821], [-122.27992750000001, 37.8316456], [-122.27930209999998, 37.83120160000001], [-122.27960770000001, 37.8303727], [-122.2805817, 37.82844540000001], [-122.2823185, 37.825946800000004], [-122.2836004, 37.8243457], [-122.2893389, 37.82396549999999]]]}}, {"id": "27", "type": "Feature", "properties": {"route": "57", "stop": "40th St & San Pablo Av", "re_ratio": 0.6662506753346505}, "geometry": {"type": "Polygon", "coordinates": [[[-122.27774070000001, 37.82457079999999], [-122.2814656, 37.82574529999999], [-122.28465890000001, 37.827574], [-122.2875763, 37.8294016], [-122.2876065, 37.82949510000001], [-122.2865653, 37.8310542], [-122.2836514, 37.835265699999994], [-122.2818802, 37.83770029999999], [-122.2760193, 37.8371508], [-122.2705591, 37.8301724], [-122.27059200000001, 37.8300653], [-122.2774423, 37.824689199999995], [-122.2775905, 37.82459339999999], [-122.27774070000001, 37.82457079999999]]]}}, {"id": "28", "type": "Feature", "properties": {"route": "57", "stop": "Shellmound St & Bay St", "re_ratio": 0.1436124023405466}, "geometry": {"type": "Polygon", "coordinates": [[[-122.29150919999998, 37.828058], [-122.29171510000002, 37.828073599999996], [-122.29213889999998, 37.8284422], [-122.2928855, 37.83003389999999], [-122.29583279999999, 37.838407], [-122.29577369999998, 37.8386577], [-122.29496990000001, 37.839541999999994], [-122.2936561, 37.8400642], [-122.29362490000001, 37.8400596], [-122.2931221, 37.8399335], [-122.292487, 37.8390319], [-122.2917207, 37.83674049999999], [-122.2916178, 37.836274200000005], [-122.2914952, 37.8354019], [-122.291428, 37.834605], [-122.29140970000002, 37.8341327], [-122.2913083, 37.8304827], [-122.29131349999999, 37.83034750000001], [-122.29139330000001, 37.829267], [-122.29150919999998, 37.828058]]]}}, {"id": "29", "type": "Feature", "properties": {"route": "57", "stop": "Christie Av & Pacific Park Plaza", "re_ratio": 0.365759897484107}, "geometry": {"type": "Polygon", "coordinates": [[[-122.29410039999999, 37.8358246], [-122.29433299999998, 37.835861], [-122.2981686, 37.8377699], [-122.29820320000002, 37.837933799999995], [-122.29741480000001, 37.8456004], [-122.2971373, 37.84733189999999], [-122.2951375, 37.84824360000001], [-122.2919023, 37.8466997], [-122.28966240000001, 37.841312300000006], [-122.289638, 37.84123890000001], [-122.2900829, 37.839700099999995], [-122.29072990000002, 37.8388465], [-122.29236650000001, 37.836946000000005], [-122.2936892, 37.8359049], [-122.29410039999999, 37.8358246]]]}}, {"id": "30", "type": "Feature", "properties": {"route": "57", "stop": "40th St & Broadway", "re_ratio": 0.6496426012971442}, "geometry": {"type": "Polygon", "coordinates": [[[-122.2607862, 37.821296399999994], [-122.2643443, 37.826773499999994], [-122.2657132, 37.8291151], [-122.26563320000001, 37.8292136], [-122.2644014, 37.82998330000001], [-122.25884190000001, 37.832658699999996], [-122.253114, 37.8335924], [-122.2529115, 37.83351239999999], [-122.2525916, 37.8330269], [-122.25125779999999, 37.8309036], [-122.2502952, 37.8291412], [-122.2500014, 37.8263494], [-122.2501007, 37.8254667], [-122.25094430000001, 37.82348339999999], [-122.25105700000002, 37.8233965], [-122.256814, 37.821943], [-122.2607862, 37.821296399999994]]]}}, {"id": "31", "type": "Feature", "properties": {"route": "57", "stop": "40th St & MacArthur BART", "re_ratio": 0.58342374863544}, "geometry": {"type": "Polygon", "coordinates": [[[-122.26581440000001, 37.82414549999999], [-122.2698535, 37.8241729], [-122.27266339999998, 37.827462399999995], [-122.27413680000001, 37.82989870000001], [-122.2739605, 37.8306], [-122.27371700000002, 37.8315585], [-122.2670279, 37.83526129999999], [-122.26322429999999, 37.83437], [-122.26295970000001, 37.8342125], [-122.2626226, 37.83385700000001], [-122.2601915, 37.83101599999999], [-122.2586787, 37.82900539999999], [-122.257962, 37.82794859999998], [-122.2616916, 37.82542279999999], [-122.2653, 37.82420599999999], [-122.26581440000001, 37.82414549999999]]]}}, {"id": "32", "type": "Feature", "properties": {"route": "57", "stop": "40th St & Market St", "re_ratio": 0.6392738053373321}, "geometry": {"type": "Polygon", "coordinates": [[[-122.27553090000002, 37.82388169999999], [-122.2757354, 37.823915], [-122.27984810000001, 37.8273473], [-122.2807147, 37.82814069999999], [-122.28153390000001, 37.8300158], [-122.2815263, 37.8319917], [-122.2814293, 37.8322104], [-122.2809958, 37.83291090000001], [-122.2805286, 37.83351319999999], [-122.273563, 37.837467799999985], [-122.26989380000002, 37.834701], [-122.2678019, 37.83233380000001], [-122.26563320000001, 37.8292136], [-122.26568300000001, 37.82885989999999], [-122.2734339, 37.82463829999999], [-122.27553090000002, 37.82388169999999]]]}}, {"id": "33", "type": "Feature", "properties": {"route": "57", "stop": "40th St & Telegraph Av", "re_ratio": 0.6544359968040048}, "geometry": {"type": "Polygon", "coordinates": [[[-122.26639640000002, 37.8223453], [-122.26643460000001, 37.82235940000001], [-122.2665606, 37.82245060000001], [-122.2694965, 37.82559379999999], [-122.27021120000002, 37.826443299999994], [-122.2720022, 37.8286507], [-122.27266360000002, 37.829667], [-122.27184550000001, 37.8312053], [-122.2710755, 37.8317566], [-122.2639493, 37.83599159999999], [-122.26279949999999, 37.8359252], [-122.26252, 37.835871999999995], [-122.26012500000002, 37.83362569999999], [-122.25806830000002, 37.83126020000001], [-122.2567487, 37.8287065], [-122.2565014, 37.82758789999999], [-122.25660000000002, 37.82712209999999], [-122.25678750000002, 37.82691849999999], [-122.2605402, 37.8246888], [-122.2662994, 37.82234819999999], [-122.26639640000002, 37.8223453]]]}}, {"id": "34", "type": "Feature", "properties": {"route": "57", "stop": "40th St & Webster St", "re_ratio": 0.6281683162993184}, "geometry": {"type": "Polygon", "coordinates": [[[-122.26206220000002, 37.8217042], [-122.26589219999998, 37.8249508], [-122.2669166, 37.8263212], [-122.2693039, 37.82953330000001], [-122.2692168, 37.829845], [-122.26824139999998, 37.83058609999999], [-122.26407150000001, 37.83287880000001], [-122.2636079, 37.83310180000001], [-122.2632799, 37.83321910000001], [-122.2588989, 37.8345709], [-122.2546194, 37.8311896], [-122.2532359, 37.8271494], [-122.25325360000001, 37.825676300000005], [-122.25952340000002, 37.8227003], [-122.26206220000002, 37.8217042]]]}}, {"id": "35", "type": "Feature", "properties": {"route": "57", "stop": "40th St & West St", "re_ratio": 0.637682131371534}, "geometry": {"type": "Polygon", "coordinates": [[[-122.27274970000002, 37.82328890000001], [-122.27911359999999, 37.82935280000001], [-122.2797965, 37.8309954], [-122.27982680000001, 37.8310955], [-122.2795124, 37.83172819999999], [-122.27622709999999, 37.833523899999996], [-122.2731027, 37.8352135], [-122.2693, 37.8370977], [-122.2626262, 37.8292015], [-122.2626852, 37.828995400000004], [-122.2627054, 37.82892639999999], [-122.26434120000002, 37.827671599999995], [-122.2669166, 37.8263212], [-122.27274970000002, 37.82328890000001]]]}}, {"id": "36", "type": "Feature", "properties": {"route": "57", "stop": "Foothill Blvd & Church St", "re_ratio": 0.6094742437397602}, "geometry": {"type": "Polygon", "coordinates": [[[-122.1783806, 37.764698499999994], [-122.18326380000002, 37.765214099999994], [-122.185387, 37.77006589999999], [-122.1854725, 37.77090450000001], [-122.1841521, 37.77240580000001], [-122.18066410000002, 37.7746907], [-122.17753810000002, 37.774782599999995], [-122.1746963, 37.77470100000001], [-122.16990709999999, 37.77069470000001], [-122.16945290000001, 37.769592499999995], [-122.1691074, 37.7671055], [-122.1757059, 37.7648461], [-122.1783806, 37.764698499999994]]]}}, {"id": "37", "type": "Feature", "properties": {"route": "57", "stop": "Foothill Blvd & Eastmont Transit Center", "re_ratio": 0.547560249833213}, "geometry": {"type": "Polygon", "coordinates": [[[-122.17285120000001, 37.7641327], [-122.1783806, 37.764698499999994], [-122.1786326, 37.76494379999998], [-122.1808698, 37.76724459999999], [-122.1826754, 37.7703567], [-122.18269889999999, 37.7705363], [-122.17926700000001, 37.773689], [-122.1756017, 37.7735142], [-122.1737962, 37.77341899999999], [-122.16805000000001, 37.7709472], [-122.16777569999999, 37.7707458], [-122.1669257, 37.7674759], [-122.16715850000001, 37.7653245], [-122.17285120000001, 37.7641327]]]}}, {"id": "38", "type": "Feature", "properties": {"route": "57", "stop": "Foothill Blvd & Havenscourt Blvd", "re_ratio": 0.6646539342272672}, "geometry": {"type": "Polygon", "coordinates": [[[-122.1776577, 37.765440899999994], [-122.18730880000001, 37.76573889999999], [-122.18755720000001, 37.76581879999999], [-122.1895045, 37.7701189], [-122.190055, 37.7714981], [-122.187057, 37.775046999999994], [-122.1853012, 37.7757466], [-122.18332530000002, 37.7757886], [-122.178328, 37.77524100000001], [-122.17753810000002, 37.774782599999995], [-122.17458890000002, 37.7725236], [-122.1725967, 37.76911929999999], [-122.17347820000002, 37.7683617], [-122.17687150000002, 37.76553319999999], [-122.1776577, 37.765440899999994]]]}}, {"id": "39", "type": "Feature", "properties": {"route": "57", "stop": "345 MacArthur Blvd", "re_ratio": 0.35028102833896485}, "geometry": {"type": "Polygon", "coordinates": [[[-122.2517617, 37.80802430000001], [-122.25329710000001, 37.80860530000001], [-122.2538197, 37.8089091], [-122.2545744, 37.809759400000004], [-122.25534660000001, 37.810661499999995], [-122.25674340000002, 37.8139215], [-122.257046, 37.81575629999999], [-122.25341800000001, 37.8179496], [-122.25097990000002, 37.817648], [-122.25038560000002, 37.8172438], [-122.2501335, 37.8170552], [-122.24748959999998, 37.8125338], [-122.2462472, 37.81016159999999], [-122.2462007, 37.8092266], [-122.2462703, 37.8091916], [-122.2488236, 37.808328800000005], [-122.2496411, 37.8081219], [-122.2517617, 37.80802430000001]]]}}, {"id": "40", "type": "Feature", "properties": {"route": "57", "stop": "MacArthur Blvd & 13th Av (Edna Brewer Middle Sch.)", "re_ratio": 0.6454271243782708}, "geometry": {"type": "Polygon", "coordinates": [[[-122.23122960000002, 37.7967313], [-122.2371133, 37.7969793], [-122.2371301, 37.796982899999996], [-122.2372251, 37.797069], [-122.23911049999998, 37.8027193], [-122.2388868, 37.806184199999976], [-122.2310293, 37.807190399999996], [-122.2263232, 37.80681560000001], [-122.22349560000002, 37.8018836], [-122.22389290000001, 37.8006164], [-122.22542110000002, 37.7989169], [-122.2279316, 37.797104899999994], [-122.23122960000002, 37.7967313]]]}}, {"id": "41", "type": "Feature", "properties": {"route": "57", "stop": "MacArthur Blvd & 35th Av", "re_ratio": 0.598795886353653}, "geometry": {"type": "Polygon", "coordinates": [[[-122.1956589, 37.7880073], [-122.2060185, 37.7893373], [-122.2075687, 37.789644999999986], [-122.20751330000002, 37.7925119], [-122.20683799999999, 37.7954477], [-122.2064745, 37.79677480000001], [-122.20636480000002, 37.7969264], [-122.20530780000001, 37.7979596], [-122.2043194, 37.7988074], [-122.1970906, 37.798556], [-122.1938437, 37.79773039999999], [-122.1937798, 37.7976345], [-122.19383160000001, 37.79668429999999], [-122.1942941, 37.7934469], [-122.19514510000002, 37.78890239999999], [-122.1954952, 37.7880951], [-122.1956589, 37.7880073]]]}}, {"id": "42", "type": "Feature", "properties": {"route": "57", "stop": "MacArthur Blvd & 38th Av", "re_ratio": 0.6070869516943065}, "geometry": {"type": "Polygon", "coordinates": [[[-122.19620840000002, 37.785575900000005], [-122.20036220000001, 37.785992799999995], [-122.2027662, 37.78625859999999], [-122.2047697, 37.78675270000001], [-122.20450050000001, 37.79144189999999], [-122.20359920000001, 37.7959213], [-122.20306280000001, 37.796333999999995], [-122.19861279999999, 37.79592219999999], [-122.19427770000001, 37.79542809999999], [-122.1915321, 37.795077799999994], [-122.1919851, 37.7860358], [-122.1921197, 37.785549899999985], [-122.19620840000002, 37.785575900000005]]]}}, {"id": "43", "type": "Feature", "properties": {"route": "57", "stop": "MacArthur Blvd & 77th Av", "re_ratio": 0.5943261924377108}, "geometry": {"type": "Polygon", "coordinates": [[[-122.1676172, 37.7614077], [-122.17636329999999, 37.762858900000005], [-122.1769412, 37.7697719], [-122.17631469999999, 37.7712484], [-122.17406240000001, 37.7716173], [-122.1690152, 37.772439899999995], [-122.1664693, 37.77162129999999], [-122.16390120000001, 37.76753680000001], [-122.163379, 37.7655307], [-122.1635547, 37.76341279999998], [-122.1639022, 37.76153219999999], [-122.1676172, 37.7614077]]]}}, {"id": "44", "type": "Feature", "properties": {"route": "57", "stop": "MacArthur Blvd & 82nd Av", "re_ratio": 0.6205583678307316}, "geometry": {"type": "Polygon", "coordinates": [[[-122.16167500000002, 37.7564521], [-122.16941270000001, 37.758391099999976], [-122.1723183, 37.7591548], [-122.1720179, 37.7614241], [-122.1704422, 37.7674585], [-122.17002580000002, 37.76773059999999], [-122.16627509999998, 37.76820159999999], [-122.1592296, 37.7655093], [-122.158001, 37.76404649999999], [-122.15698139999999, 37.7626153], [-122.1566861, 37.76162089999998], [-122.15739009999999, 37.7604823], [-122.16167500000002, 37.7564521]]]}}, {"id": "45", "type": "Feature", "properties": {"route": "57", "stop": "MacArthur Blvd & 84th Av", "re_ratio": 0.5264672142671986}, "geometry": {"type": "Polygon", "coordinates": [[[-122.16113290000001, 37.75510030000001], [-122.1622269, 37.75523119999999], [-122.1634276, 37.7556524], [-122.1697491, 37.759214699999994], [-122.1707695, 37.7598931], [-122.1711643, 37.760690600000004], [-122.16925880000001, 37.76709199999999], [-122.1691074, 37.7671055], [-122.1677689, 37.7669661], [-122.1607015, 37.7657931], [-122.1592296, 37.7655093], [-122.15819050000002, 37.76152940000001], [-122.1605998, 37.755597599999994], [-122.160769, 37.75518159999999], [-122.16113290000001, 37.75510030000001]]]}}, {"id": "46", "type": "Feature", "properties": {"route": "57", "stop": "MacArthur Blvd & 94th Av", "re_ratio": 0.5509633359010068}, "geometry": {"type": "Polygon", "coordinates": [[[-122.15676039999998, 37.7466991], [-122.1580161, 37.74673389999999], [-122.16296459999998, 37.747917], [-122.1673993, 37.7491331], [-122.16724500000001, 37.7517507], [-122.1664161, 37.754353200000004], [-122.16366920000002, 37.7581377], [-122.16242270000001, 37.758495200000006], [-122.1605392, 37.758343599999996], [-122.1547251, 37.75429779999999], [-122.1532634, 37.7521715], [-122.15676039999998, 37.7466991]]]}}, {"id": "47", "type": "Feature", "properties": {"route": "57", "stop": "MacArthur Blvd & 96th Av", "re_ratio": 0.5750325157946724}, "geometry": {"type": "Polygon", "coordinates": [[[-122.15526890000001, 37.7452274], [-122.1603095, 37.746121200000005], [-122.1672193, 37.7478097], [-122.1669409, 37.749395899999996], [-122.16562150000001, 37.7536609], [-122.163724, 37.756470700000015], [-122.16226930000002, 37.758079899999984], [-122.15962319999998, 37.75715609999999], [-122.15337890000002, 37.75228030000001], [-122.1532634, 37.7521715], [-122.15471680000002, 37.7459452], [-122.15526890000001, 37.7452274]]]}}, {"id": "48", "type": "Feature", "properties": {"route": "57", "stop": "MacArthur Blvd & 98th Av", "re_ratio": 0.6352445670281442}, "geometry": {"type": "Polygon", "coordinates": [[[-122.15372439999999, 37.7441941], [-122.1559036, 37.7442202], [-122.1592785, 37.7447292], [-122.16421390000001, 37.74570539999999], [-122.16618520000002, 37.7464056], [-122.1650274, 37.750735500000005], [-122.1640661, 37.7531854], [-122.1631261, 37.75481549999999], [-122.16167500000002, 37.7564521], [-122.1520582, 37.75414279999999], [-122.1520699, 37.75392420000001], [-122.1523534, 37.7486622], [-122.15286999999998, 37.7463717], [-122.15372439999999, 37.7441941]]]}}, {"id": "49", "type": "Feature", "properties": {"route": "57", "stop": "MacArthur Blvd & 99th Av", "re_ratio": 0.6058286772164826}, "geometry": {"type": "Polygon", "coordinates": [[[-122.1542637, 37.741513299999994], [-122.15998310000002, 37.742844], [-122.1650049, 37.74483370000001], [-122.1630174, 37.7497724], [-122.16136140000002, 37.7524538], [-122.1605674, 37.753444], [-122.1593918, 37.7533663], [-122.1537184, 37.75192559999999], [-122.1536529, 37.7518839], [-122.1536306, 37.7518697], [-122.15142640000002, 37.7489055], [-122.1495569, 37.7446519], [-122.1510885, 37.74229969999999], [-122.15125000000002, 37.7420931], [-122.1519199, 37.741872099999995], [-122.1542637, 37.741513299999994]]]}}, {"id": "50", "type": "Feature", "properties": {"route": "57", "stop": "MacArthur Blvd & Adams St", "re_ratio": 0.4386418410375837}, "geometry": {"type": "Polygon", "coordinates": [[[-122.25146420000002, 37.80986010000001], [-122.25154140000001, 37.809867399999995], [-122.25534660000001, 37.810661499999995], [-122.25896730000001, 37.8121078], [-122.2595987, 37.8128338], [-122.2593847, 37.8147762], [-122.2585102, 37.8170995], [-122.254065, 37.819989799999995], [-122.25257730000001, 37.81988069999999], [-122.25257040000001, 37.819880000000005], [-122.25243039999998, 37.8198572], [-122.2522865, 37.819824399999995], [-122.2499985, 37.8192327], [-122.249562, 37.8189194], [-122.2487311, 37.81832020000001], [-122.2481201, 37.81750259999999], [-122.2485892, 37.8100914], [-122.24863310000002, 37.8099568], [-122.25146420000002, 37.80986010000001]]]}}, {"id": "51", "type": "Feature", "properties": {"route": "57", "stop": "MacArthur Blvd & Adell Ct", "re_ratio": 0.6128816980642321}, "geometry": {"type": "Polygon", "coordinates": [[[-122.2214463, 37.795034699999995], [-122.22167480000002, 37.79508229999999], [-122.22503239999999, 37.7981111], [-122.226853, 37.8011809], [-122.226511, 37.802444799999996], [-122.2254726, 37.80359059999999], [-122.2215703, 37.8056224], [-122.21914110000002, 37.8066469], [-122.214502, 37.80478589999999], [-122.2117218, 37.80214440000001], [-122.21075960000002, 37.799], [-122.212444, 37.797565399999996], [-122.21587960000001, 37.7960645], [-122.2175775, 37.79538980000001], [-122.2214463, 37.795034699999995]]]}}, {"id": "52", "type": "Feature", "properties": {"route": "57", "stop": "MacArthur Blvd & Athol Av", "re_ratio": 0.5103507563688677}, "geometry": {"type": "Polygon", "coordinates": [[[-122.24240200000001, 37.801345299999994], [-122.2461618, 37.8015702], [-122.24754620000002, 37.802371599999994], [-122.2485166, 37.8052384], [-122.24903100000002, 37.80857230000001], [-122.2490353, 37.81016290000001], [-122.2475482, 37.810671799999994], [-122.2425539, 37.811731], [-122.2422512, 37.811696899999994], [-122.2419803, 37.81159550000001], [-122.23372430000002, 37.80404109999999], [-122.23365200000002, 37.803883199999994], [-122.2406332, 37.801758699999986], [-122.2422981, 37.80135249999999], [-122.24240200000001, 37.801345299999994]]]}}, {"id": "53", "type": "Feature", "properties": {"route": "57", "stop": "MacArthur Blvd & Beaumont Av", "re_ratio": 0.6159620380325593}, "geometry": {"type": "Polygon", "coordinates": [[[-122.2333402, 37.79449639999999], [-122.2360134, 37.79842159999999], [-122.23653160000002, 37.80070529999999], [-122.23571239999998, 37.803532199999985], [-122.23394450000002, 37.8051942], [-122.2335749, 37.805294599999996], [-122.2259949, 37.805744499999996], [-122.2233817, 37.8032053], [-122.2208374, 37.80004019999999], [-122.22611960000002, 37.7954764], [-122.2333402, 37.79449639999999]]]}}, {"id": "54", "type": "Feature", "properties": {"route": "57", "stop": "MacArthur Blvd & Boston Av", "re_ratio": 0.6243588255691711}, "geometry": {"type": "Polygon", "coordinates": [[[-122.2163061, 37.7936861], [-122.21720299999998, 37.794412499999986], [-122.2180251, 37.79565310000001], [-122.22078700000002, 37.7999658], [-122.2212895, 37.80147649999999], [-122.21996859999999, 37.802575899999994], [-122.2151686, 37.8039654], [-122.20960509999999, 37.804206599999986], [-122.2067376, 37.8031983], [-122.2059164, 37.8012827], [-122.2045654, 37.797142], [-122.2059797, 37.7963294], [-122.2112768, 37.79417970000001], [-122.2132866, 37.7937519], [-122.2148911, 37.793682199999985], [-122.2163061, 37.7936861]]]}}, {"id": "55", "type": "Feature", "properties": {"route": "57", "stop": "MacArthur Blvd & Byron Av", "re_ratio": 0.5972215061333117}, "geometry": {"type": "Polygon", "coordinates": [[[-122.15338020000002, 37.739557299999994], [-122.15947040000002, 37.7415272], [-122.1629547, 37.74364500000001], [-122.1632339, 37.744348499999994], [-122.1609776, 37.74932410000001], [-122.1605299, 37.75010429999999], [-122.1597731, 37.7512832], [-122.15686980000001, 37.750813699999995], [-122.15142640000002, 37.7489055], [-122.1478668, 37.7447598], [-122.14732630000002, 37.74325319999999], [-122.14872809999999, 37.740874100000006], [-122.15114860000001, 37.74016820000001], [-122.15196400000002, 37.7399374], [-122.15338020000002, 37.739557299999994]]]}}, {"id": "56", "type": "Feature", "properties": {"route": "57", "stop": "MacArthur Blvd & Coolidge Av (Bret Harte Junior H)", "re_ratio": 0.6000173394110261}, "geometry": {"type": "Polygon", "coordinates": [[[-122.21422369999999, 37.792528899999986], [-122.2164471, 37.7977037], [-122.21673729999999, 37.7986376], [-122.21676850000001, 37.800506], [-122.2167357, 37.80058820000001], [-122.21590179999998, 37.800989399999985], [-122.21487059999998, 37.80142610000001], [-122.211588, 37.80227469999999], [-122.20329599999998, 37.8038735], [-122.2027572, 37.8010986], [-122.20207959999999, 37.797087999999995], [-122.2024044, 37.795408699999996], [-122.20350310000002, 37.7943124], [-122.2064329, 37.7937349], [-122.21422369999999, 37.792528899999986]]]}}, {"id": "57", "type": "Feature", "properties": {"route": "57", "stop": "MacArthur Blvd & Grand Av", "re_ratio": 0.7044782356876933}, "geometry": {"type": "Polygon", "coordinates": [[[-122.2508808, 37.8041796], [-122.25103310000001, 37.8041817], [-122.25205109999999, 37.804396499999996], [-122.2559612, 37.80748959999999], [-122.2571534, 37.80891919999999], [-122.25723610000001, 37.80906029999999], [-122.2568963, 37.81106850000001], [-122.2568534, 37.8111866], [-122.25239709999998, 37.816066899999996], [-122.2454537, 37.81655709999998], [-122.2414663, 37.8124793], [-122.24140389999998, 37.80691899999999], [-122.2508808, 37.8041796]]]}}, {"id": "58", "type": "Feature", "properties": {"route": "57", "stop": "MacArthur Blvd & Laguna Av", "re_ratio": 0.6149386687810787}, "geometry": {"type": "Polygon", "coordinates": [[[-122.21346649999998, 37.793517099999995], [-122.2154008, 37.794867800000006], [-122.21684800000001, 37.79652690000001], [-122.2173036, 37.7972025], [-122.2192127, 37.80097289999999], [-122.2184368, 37.8015333], [-122.2152417, 37.802900599999994], [-122.21096819999998, 37.80395479999999], [-122.20960509999999, 37.804206599999986], [-122.205397, 37.8045251], [-122.2044056, 37.8020025], [-122.20318220000001, 37.7962408], [-122.2031298, 37.7959832], [-122.20456760000002, 37.7951771], [-122.20798460000002, 37.794386100000004], [-122.21346649999998, 37.793517099999995]]]}}, {"id": "59", "type": "Feature", "properties": {"route": "57", "stop": "MacArthur Blvd & Lakeshore Av", "re_ratio": 0.5727233918053507}, "geometry": {"type": "Polygon", "coordinates": [[[-122.25045550000002, 37.805126599999994], [-122.250693, 37.805200799999994], [-122.25388690000001, 37.8083756], [-122.2539837, 37.8086607], [-122.2539519, 37.808918799999994], [-122.2536218, 37.81052369999999], [-122.25252030000001, 37.8130146], [-122.251519, 37.814151], [-122.2479823, 37.81587309999999], [-122.24552400000002, 37.8163375], [-122.2443787, 37.81610990000001], [-122.24115870000001, 37.81370170000001], [-122.24057600000002, 37.8131603], [-122.23948909999999, 37.8104535], [-122.23949269999999, 37.80977049999999], [-122.241016, 37.80675589999999], [-122.2481377, 37.8054497], [-122.25045550000002, 37.805126599999994]]]}}, {"id": "60", "type": "Feature", "properties": {"route": "57", "stop": "MacArthur Blvd & Laurel Av", "re_ratio": 0.5747591299549526}, "geometry": {"type": "Polygon", "coordinates": [[[-122.197747, 37.7905763], [-122.20478280000002, 37.79127650000001], [-122.2093905, 37.79335189999999], [-122.21090900000002, 37.7990377], [-122.20722320000002, 37.80055900000001], [-122.20210150000001, 37.801338200000004], [-122.200804, 37.8014632], [-122.1983975, 37.80004340000001], [-122.19668189999999, 37.798021600000006], [-122.19673400000002, 37.7959921], [-122.1976568, 37.7906285], [-122.197747, 37.7905763]]]}}, {"id": "61", "type": "Feature", "properties": {"route": "57", "stop": "MacArthur Blvd & Maple Av", "re_ratio": 0.6113806629291645}, "geometry": {"type": "Polygon", "coordinates": [[[-122.20561090000001, 37.792050599999996], [-122.20852910000002, 37.7920801], [-122.2106464, 37.793043899999994], [-122.212444, 37.797565399999996], [-122.21282020000001, 37.7995095], [-122.21256759999999, 37.799845], [-122.20831959999998, 37.801634500000006], [-122.20266760000001, 37.802744], [-122.19960739999999, 37.802647], [-122.19861279999999, 37.79592219999999], [-122.19864609999999, 37.7938707], [-122.1991494, 37.79211969999999], [-122.1995898, 37.79207469999999], [-122.20561090000001, 37.792050599999996]]]}}, {"id": "62", "type": "Feature", "properties": {"route": "57", "stop": "MacArthur Blvd & Maybelle Av", "re_ratio": 0.608849581699323}, "geometry": {"type": "Polygon", "coordinates": [[[-122.1939221, 37.783347799999994], [-122.200719, 37.78431139999999], [-122.2008607, 37.78444809999999], [-122.2020905, 37.787969100000005], [-122.20210329999999, 37.789163499999994], [-122.20128749999999, 37.79378559999999], [-122.2008862, 37.794017700000005], [-122.19190699999999, 37.79350349999999], [-122.18965469999999, 37.7928361], [-122.189265, 37.79243480000001], [-122.188594, 37.7904792], [-122.1886525, 37.78471119999999], [-122.19152209999999, 37.7837418], [-122.1939221, 37.783347799999994]]]}}, {"id": "63", "type": "Feature", "properties": {"route": "57", "stop": "MacArthur Blvd & Park Blvd", "re_ratio": 0.5792417956176049}, "geometry": {"type": "Polygon", "coordinates": [[[-122.22963839999998, 37.7987898], [-122.2348655, 37.7989108], [-122.23556539999998, 37.798990700000004], [-122.2404061, 37.8009918], [-122.2420898, 37.8023255], [-122.2421609, 37.80241459999999], [-122.2421706, 37.80379690000001], [-122.24140389999998, 37.80691899999999], [-122.241172, 37.807010700000006], [-122.23177720000001, 37.8078967], [-122.22822220000002, 37.80793129999999], [-122.22796180000002, 37.80767719999999], [-122.2272748, 37.80694929999999], [-122.2264106, 37.80376139999999], [-122.226511, 37.802444799999996], [-122.22738910000001, 37.8000743], [-122.22931100000001, 37.798971099999996], [-122.22963839999998, 37.7987898]]]}}, {"id": "64", "type": "Feature", "properties": {"route": "57", "stop": "MacArthur Blvd & Parker Av", "re_ratio": 0.535778657297635}, "geometry": {"type": "Polygon", "coordinates": [[[-122.1630244, 37.7601504], [-122.17179930000002, 37.761525899999995], [-122.17291470000002, 37.761963200000004], [-122.1743626, 37.76317339999999], [-122.17458570000001, 37.7638975], [-122.17493490000001, 37.769458199999995], [-122.1749278, 37.7695406], [-122.17207029999999, 37.77042779999999], [-122.1700429, 37.7707872], [-122.16805000000001, 37.7709472], [-122.1607015, 37.7657931], [-122.1630244, 37.7601504]]]}}, {"id": "65", "type": "Feature", "properties": {"route": "57", "stop": "MacArthur Blvd & Sheffield Av", "re_ratio": 0.612999584998345}, "geometry": {"type": "Polygon", "coordinates": [[[-122.2231745, 37.7943221], [-122.22580469999998, 37.7964613], [-122.2290954, 37.7997114], [-122.22917600000001, 37.8003478], [-122.22916739999998, 37.801617500000006], [-122.22760920000002, 37.802713], [-122.2215703, 37.8056224], [-122.21720059999998, 37.80510019999999], [-122.2150632, 37.802856999999996], [-122.2134453, 37.80046519999999], [-122.2134147, 37.7978096], [-122.2179982, 37.7948978], [-122.2231745, 37.7943221]]]}}, {"id": "66", "type": "Feature", "properties": {"route": "57", "stop": "MacArthur Blvd & Van Buren Av", "re_ratio": 0.5285706501197072}, "geometry": {"type": "Polygon", "coordinates": [[[-122.25071510000001, 37.8055347], [-122.2558196, 37.807433399999994], [-122.2559612, 37.80748959999999], [-122.25710559999999, 37.8080951], [-122.2581259, 37.81007569999999], [-122.2571879, 37.812620499999994], [-122.253377, 37.8159746], [-122.25235689999998, 37.8162073], [-122.2495736, 37.81597599999999], [-122.2461767, 37.8143922], [-122.2452725, 37.813594599999995], [-122.24294320000001, 37.8109876], [-122.2429933, 37.81067], [-122.2432746, 37.810290499999994], [-122.24392100000001, 37.8094767], [-122.2457249, 37.80771409999999], [-122.24905719999998, 37.80609859999999], [-122.25071510000001, 37.8055347]]]}}, {"id": "67", "type": "Feature", "properties": {"route": "57", "stop": "MacArthur Blvd & Vernon St", "re_ratio": 0.5362455487937092}, "geometry": {"type": "Polygon", "coordinates": [[[-122.25149840000002, 37.8109196], [-122.2551523, 37.8116231], [-122.2598164, 37.81264709999999], [-122.25975539999999, 37.8147874], [-122.2590741, 37.8174514], [-122.25577520000002, 37.8228269], [-122.25308370000002, 37.8227778], [-122.2491549, 37.821065000000004], [-122.2470876, 37.8196168], [-122.24704090000002, 37.8184007], [-122.24850629999999, 37.813770100000006], [-122.25149840000002, 37.8109196]]]}}, {"id": "68", "type": "Feature", "properties": {"route": "57", "stop": "MacArthur Blvd & Warner Av", "re_ratio": 0.5863971611559746}, "geometry": {"type": "Polygon", "coordinates": [[[-122.15348319999998, 37.7424962], [-122.1584121, 37.7435624], [-122.1638065, 37.7451492], [-122.1651066, 37.7469091], [-122.1635502, 37.7514337], [-122.16166360000001, 37.754445499999996], [-122.16113290000001, 37.75510030000001], [-122.15355540000002, 37.7524119], [-122.1534398, 37.7523271], [-122.15337890000002, 37.75228030000001], [-122.1532634, 37.7521715], [-122.15142640000002, 37.7489055], [-122.1510954, 37.748149100000006], [-122.1513108, 37.7450838], [-122.15348319999998, 37.7424962]]]}}, {"id": "69", "type": "Feature", "properties": {"route": "57", "stop": "MacArthur Blvd & Wesley Av", "re_ratio": 0.5319705972812203}, "geometry": {"type": "Polygon", "coordinates": [[[-122.2474453, 37.802443900000014], [-122.25103310000001, 37.8041817], [-122.2527909, 37.8085667], [-122.2526135, 37.8106603], [-122.2521221, 37.811139], [-122.2472286, 37.813484200000005], [-122.24642080000001, 37.81371560000001], [-122.24158479999998, 37.8121877], [-122.2414883, 37.81210939999999], [-122.23871730000002, 37.80620040000001], [-122.2393808, 37.8052614], [-122.2474453, 37.802443900000014]]]}}, {"id": "70", "type": "Feature", "properties": {"route": "57", "stop": "MacArthur Blvd & Woodruff Av", "re_ratio": 0.6272030547357842}, "geometry": {"type": "Polygon", "coordinates": [[[-122.2214463, 37.795034699999995], [-122.225881, 37.795427], [-122.2271612, 37.79568289999999], [-122.2299305, 37.7986946], [-122.23114299999999, 37.8000852], [-122.2307894, 37.80288869999998], [-122.2236659, 37.806010300000004], [-122.2209999, 37.8065343], [-122.22064039999998, 37.8063476], [-122.2173348, 37.803512299999994], [-122.2165099, 37.80267979999999], [-122.21577639999998, 37.801559899999994], [-122.21486130000001, 37.80011450000001], [-122.21504960000001, 37.79909630000001], [-122.2153815, 37.79825], [-122.21737970000001, 37.7970515], [-122.2214463, 37.795034699999995]]]}}, {"id": "71", "type": "Feature", "properties": {"route": "57", "stop": "W MacArthur Blvd & Fairmount Av", "re_ratio": 0.5911340214928139}, "geometry": {"type": "Polygon", "coordinates": [[[-122.2587405, 37.8161549], [-122.2605167, 37.81836779999999], [-122.2615843, 37.8208103], [-122.2617451, 37.8213039], [-122.26175290000002, 37.82514319999999], [-122.2616916, 37.82542279999999], [-122.2615659, 37.825521], [-122.2604699, 37.8260488], [-122.2569042, 37.826954099999995], [-122.25247139999999, 37.8265077], [-122.25066010000002, 37.82556979999998], [-122.24923440000002, 37.82366900000001], [-122.24919660000002, 37.8236139], [-122.24810180000001, 37.821991999999995], [-122.2483939, 37.8199386], [-122.2487311, 37.81832020000001], [-122.2501335, 37.8170552], [-122.2509226, 37.81641640000001], [-122.25235689999998, 37.8162073], [-122.2587405, 37.8161549]]]}}, {"id": "72", "type": "Feature", "properties": {"route": "57", "stop": "40th St & Martin Luther King Jr Way", "re_ratio": 0.619120035715483}, "geometry": {"type": "Polygon", "coordinates": [[[-122.27011439999998, 37.82280229999999], [-122.2701973, 37.822814099999995], [-122.2703215, 37.822833299999985], [-122.27461599999998, 37.82798879999999], [-122.27665520000001, 37.83108299999999], [-122.2679411, 37.8363572], [-122.26757469999998, 37.8362334], [-122.2636079, 37.83310180000001], [-122.2597576, 37.828536199999995], [-122.25974610000002, 37.828272199999994], [-122.2598841, 37.828051499999994], [-122.26349970000001, 37.82581909999999], [-122.27011439999998, 37.82280229999999]]]}}, {"id": "73", "type": "Feature", "properties": {"route": "57", "stop": "MacArthur Blvd & High St", "re_ratio": 0.6035538393492094}, "geometry": {"type": "Polygon", "coordinates": [[[-122.19309680000002, 37.7820712], [-122.19586180000002, 37.7822539], [-122.2018094, 37.7837515], [-122.2017005, 37.785250099999985], [-122.2010185, 37.7881429], [-122.1997396, 37.79277569999999], [-122.188861, 37.79133070000001], [-122.1881874, 37.79075889999999], [-122.18717700000002, 37.785326999999995], [-122.1873363, 37.784794], [-122.18804420000001, 37.78331399999999], [-122.18825659999999, 37.78318190000001], [-122.19309680000002, 37.7820712]]]}}, {"id": "74", "type": "Feature", "properties": {"route": "57", "stop": "MacArthur Blvd & Pierson St.(Mills College)", "re_ratio": 0.5738642677646465}, "geometry": {"type": "Polygon", "coordinates": [[[-122.18875340000001, 37.7765858], [-122.1897209, 37.776884599999995], [-122.19164299999998, 37.7780972], [-122.19207170000001, 37.7788849], [-122.19399570000002, 37.783456400000006], [-122.1939674, 37.7865622], [-122.19389490000002, 37.7866127], [-122.1930853, 37.78702179999999], [-122.1885225, 37.78880960000001], [-122.18578590000001, 37.788461], [-122.1841665, 37.78694140000001], [-122.18080120000002, 37.78262799999999], [-122.1807534, 37.7825175], [-122.18037280000001, 37.780641200000005], [-122.1804621, 37.780502], [-122.18462779999999, 37.777529], [-122.1871964, 37.77677829999999], [-122.18875340000001, 37.7765858]]]}}, {"id": "75", "type": "Feature", "properties": {"route": "57", "stop": "MacArthur Blvd & 90th Av", "re_ratio": 0.44632458117027307}, "geometry": {"type": "Polygon", "coordinates": [[[-122.1600484, 37.74939739999999], [-122.1627804, 37.74988299999999], [-122.1650274, 37.750735500000005], [-122.16802870000001, 37.7525449], [-122.1681001, 37.75350430000002], [-122.1674134, 37.755697099999985], [-122.16641129999998, 37.757730699999996], [-122.16427989999998, 37.76196409999999], [-122.16403260000001, 37.76194770000001], [-122.16257839999999, 37.761575], [-122.15618150000002, 37.752962], [-122.15595059999998, 37.7525437], [-122.1568004, 37.7507249], [-122.15977010000002, 37.749401599999985], [-122.1600484, 37.74939739999999]]]}}, {"id": "76", "type": "Feature", "properties": {"route": "57", "stop": "MacArthur Blvd & Millsbrae Av", "re_ratio": 0.5855100239947737}, "geometry": {"type": "Polygon", "coordinates": [[[-122.1818623, 37.7704254], [-122.1913524, 37.7708577], [-122.19231529999999, 37.77650779999999], [-122.191944, 37.781023], [-122.1897779, 37.78141130000001], [-122.18054299999999, 37.779694], [-122.1804787, 37.77963470000001], [-122.17919730000001, 37.776081900000015], [-122.17923880000001, 37.7746392], [-122.17926700000001, 37.773689], [-122.1816333, 37.77064299999999], [-122.1818623, 37.7704254]]]}}, {"id": "77", "type": "Feature", "properties": {"route": "57", "stop": "14th Av & E 33rd St", "re_ratio": 0.563484882163467}, "geometry": {"type": "Polygon", "coordinates": [[[-122.232636, 37.79524159999999], [-122.23473540000002, 37.799806499999995], [-122.23528129999998, 37.80171419999999], [-122.2346036, 37.8033954], [-122.233804, 37.8039865], [-122.23372430000002, 37.80404109999999], [-122.232999, 37.804457899999996], [-122.2247544, 37.80623210000001], [-122.2210918, 37.8021104], [-122.21977569999999, 37.79983409999999], [-122.2198405, 37.7995916], [-122.2211274, 37.798846999999995], [-122.2271612, 37.79568289999999], [-122.22913369999999, 37.7954801], [-122.232636, 37.79524159999999]]]}}, {"id": "78", "type": "Feature", "properties": {"route": "57", "stop": "W MacArthur Blvd & Piedmont Av", "re_ratio": 0.6699409773122444}, "geometry": {"type": "Polygon", "coordinates": [[[-122.2557064, 37.8176766], [-122.2597859, 37.8179336], [-122.26231439999998, 37.8181064], [-122.26250570000002, 37.818141700000005], [-122.2629199, 37.818723], [-122.26381110000001, 37.82056029999999], [-122.2646903, 37.8259693], [-122.2597519, 37.8282779], [-122.25780079999998, 37.8285179], [-122.25594810000001, 37.828632899999995], [-122.25058220000001, 37.828072799999994], [-122.25031720000001, 37.82801459999999], [-122.2502477, 37.8279594], [-122.24985850000002, 37.8262688], [-122.2499997, 37.822790100000006], [-122.25043759999998, 37.8195512], [-122.2514056, 37.8189128], [-122.2516188, 37.81877359999999], [-122.25341800000001, 37.8179496], [-122.2557064, 37.8176766]]]}}, {"id": "79", "type": "Feature", "properties": {"route": "57", "stop": "106th Av & MacArthur Blvd", "re_ratio": 0.6057826367216107}, "geometry": {"type": "Polygon", "coordinates": [[[-122.15110570000002, 37.7376839], [-122.15799169999998, 37.7397237], [-122.1601673, 37.7406073], [-122.1592057, 37.745068599999996], [-122.1580161, 37.74673389999999], [-122.15722440000002, 37.74738729999999], [-122.15142640000002, 37.7489055], [-122.1451352, 37.745663], [-122.1452879, 37.741112799999996], [-122.1455335, 37.7393721], [-122.15110570000002, 37.7376839]]]}}, {"id": "80", "type": "Feature", "properties": {"route": "57", "stop": "MacArthur Blvd & Fruitvale Av", "re_ratio": 0.6520812768027233}, "geometry": {"type": "Polygon", "coordinates": [[[-122.21875200000001, 37.7938302], [-122.22382740000002, 37.8004563], [-122.22389290000001, 37.8006164], [-122.223143, 37.803159699999995], [-122.2189096, 37.80513520000001], [-122.2150525, 37.80602169999999], [-122.20960509999999, 37.804206599999986], [-122.2085845, 37.801298200000005], [-122.207845, 37.7986701], [-122.2086529, 37.7979471], [-122.21096840000001, 37.796301599999985], [-122.2134362, 37.79514629999999], [-122.2169712, 37.7939968], [-122.21875200000001, 37.7938302]]]}}, {"id": "81", "type": "Feature", "properties": {"route": "57", "stop": "MacArthur Blvd & Randolph Av", "re_ratio": 0.6211581148321541}, "geometry": {"type": "Polygon", "coordinates": [[[-122.225881, 37.795427], [-122.2271612, 37.79568289999999], [-122.23074660000002, 37.7974027], [-122.231176, 37.7976613], [-122.23185219999999, 37.79825350000001], [-122.2320365, 37.7984591], [-122.2330474, 37.8011118], [-122.2323966, 37.80401199999999], [-122.225103, 37.806699699999996], [-122.2242615, 37.80655749999999], [-122.2215703, 37.8056224], [-122.21714050000001, 37.8010958], [-122.21661700000001, 37.799236199999996], [-122.21676040000001, 37.798778], [-122.22001710000002, 37.79701759999999], [-122.225881, 37.795427]]]}}, {"id": "82", "type": "Feature", "properties": {"route": "57", "stop": "MacArthur Blvd & 88th Av", "re_ratio": 0.4345678124441569}, "geometry": {"type": "Polygon", "coordinates": [[[-122.159398, 37.75070459999999], [-122.1629675, 37.7516924], [-122.1681001, 37.75350430000002], [-122.1690872, 37.7548344], [-122.1658395, 37.763772], [-122.1650337, 37.7636647], [-122.1635547, 37.76341279999998], [-122.1573713, 37.7538097], [-122.1578004, 37.75201129999999], [-122.159398, 37.75070459999999]]]}}, {"id": "83", "type": "Feature", "properties": {"route": "57", "stop": "MacArthur Blvd & 55th Av", "re_ratio": 0.5474044398486098}, "geometry": {"type": "Polygon", "coordinates": [[[-122.18734420000001, 37.7726423], [-122.1887137, 37.7727112], [-122.19494019999999, 37.773284100000005], [-122.1943832, 37.7772779], [-122.19357189999998, 37.78300380000001], [-122.18830399999999, 37.7837948], [-122.18689989999999, 37.78340099999999], [-122.18599560000001, 37.78262839999999], [-122.1825266, 37.777388], [-122.18224910000002, 37.77558719999998], [-122.1822172, 37.77388], [-122.18260080000002, 37.772901499999996], [-122.18453450000001, 37.7727416], [-122.18734420000001, 37.7726423]]]}}, {"id": "84", "type": "Feature", "properties": {"route": "57", "stop": "W MacArthur Blvd & Howe St", "re_ratio": 0.6687350420494124}, "geometry": {"type": "Polygon", "coordinates": [[[-122.2612032, 37.8184307], [-122.2621255, 37.818587], [-122.2642067, 37.8219533], [-122.2654878, 37.82537279999999], [-122.26557610000002, 37.82562759999999], [-122.2658446, 37.82642219999999], [-122.2656784, 37.8265294], [-122.25963609999998, 37.8292925], [-122.2550674, 37.82989609999999], [-122.2511412, 37.82851049999999], [-122.25066010000002, 37.82556979999998], [-122.25128069999998, 37.8203361], [-122.252928, 37.8186914], [-122.25554150000002, 37.81847249999999], [-122.2612032, 37.8184307]]]}}, {"id": "85", "type": "Feature", "properties": {"route": "57", "stop": "Foothill Blvd & 108th Av", "re_ratio": 0.471763105252783}, "geometry": {"type": "Polygon", "coordinates": [[[-122.1436423, 37.7378175], [-122.14938900000001, 37.73827450000001], [-122.1515949, 37.7389668], [-122.15368930000001, 37.74020269999999], [-122.1545681, 37.742193199999996], [-122.15544770000001, 37.7454255], [-122.15142640000002, 37.7489055], [-122.14429460000001, 37.745415099999995], [-122.14224600000001, 37.737964399999996], [-122.1436423, 37.7378175]]]}}, {"id": "86", "type": "Feature", "properties": {"route": "57", "stop": "MacArthur Blvd & Ritchie St", "re_ratio": 0.5818135262554891}, "geometry": {"type": "Polygon", "coordinates": [[[-122.1623823, 37.75838399999999], [-122.17017080000001, 37.76019169999999], [-122.17366999999999, 37.76112379999999], [-122.17404899999998, 37.7614383], [-122.1739894, 37.7633275], [-122.17267840000001, 37.76918599999999], [-122.17226439999999, 37.769355600000004], [-122.16945290000001, 37.769592499999995], [-122.16543100000001, 37.7688379], [-122.1592296, 37.7655093], [-122.15950250000002, 37.763177400000004], [-122.1623823, 37.75838399999999]]]}}, {"id": "87", "type": "Feature", "properties": {"route": "57", "stop": "Camden St & 62nd Av (Frick Middle School)", "re_ratio": 0.5942815836232193}, "geometry": {"type": "Polygon", "coordinates": [[[-122.17966870000001, 37.76801540000001], [-122.18819389999999, 37.76897859999998], [-122.1888462, 37.7695349], [-122.1895045, 37.7701189], [-122.1907676, 37.7712685], [-122.18934959999999, 37.77880879999999], [-122.1818772, 37.7781859], [-122.17807950000001, 37.7772205], [-122.1769067, 37.7761383], [-122.1766047, 37.7728602], [-122.1776715, 37.76987260000001], [-122.17966870000001, 37.76801540000001]]]}}, {"id": "88", "type": "Feature", "properties": {"route": "57", "stop": "Camden St & 64th Av", "re_ratio": 0.6279077341158145}, "geometry": {"type": "Polygon", "coordinates": [[[-122.18322520000001, 37.766593], [-122.1834374, 37.766607], [-122.18819389999999, 37.76897859999998], [-122.1888462, 37.7695349], [-122.1895045, 37.7701189], [-122.190055, 37.7714981], [-122.1878139, 37.7773418], [-122.18772680000001, 37.777401999999995], [-122.18265660000002, 37.7774711], [-122.17807950000001, 37.7772205], [-122.1763485, 37.7768995], [-122.17546349999999, 37.77517039999999], [-122.1754065, 37.7749571], [-122.1759491, 37.769675199999995], [-122.17596789999999, 37.7695996], [-122.178238, 37.76724949999999], [-122.1782999, 37.7672089], [-122.17857429999998, 37.7670404], [-122.18322520000001, 37.766593]]]}}, {"id": "89", "type": "Feature", "properties": {"route": "57", "stop": "MacArthur Blvd & Castlemont High School", "re_ratio": 0.4189525745361632}, "geometry": {"type": "Polygon", "coordinates": [[[-122.1605674, 37.753444], [-122.1613109, 37.7536468], [-122.1648836, 37.75500429999999], [-122.16949910000001, 37.761234], [-122.16891390000002, 37.7631189], [-122.16777039999998, 37.7660145], [-122.1656706, 37.7658015], [-122.1608717, 37.7646791], [-122.16033129999998, 37.7626303], [-122.15921009999998, 37.7559007], [-122.1605674, 37.753444]]]}}, {"id": "90", "type": "Feature", "properties": {"route": "57", "stop": "MacArthur Blvd & Alma Av (Oakland High School)", "re_ratio": 0.47374002821798306}, "geometry": {"type": "Polygon", "coordinates": [[[-122.2413833, 37.800545199999995], [-122.24240200000001, 37.801345299999994], [-122.24244549999999, 37.80139539999998], [-122.2435338, 37.8028943], [-122.24475840000001, 37.80466570000001], [-122.24490969999998, 37.80872809999999], [-122.24392100000001, 37.8094767], [-122.23047120000001, 37.80614059999999], [-122.2294329, 37.8044477], [-122.2303052, 37.801347], [-122.2413833, 37.800545199999995]]]}}, {"id": "91", "type": "Feature", "properties": {"route": "1T", "stop": "Downtown San Leandro SB", "re_ratio": 0.49251376387679985}, "geometry": {"type": "Polygon", "coordinates": [[[-122.1550509, 37.72074229999998], [-122.15790369999999, 37.720809200000005], [-122.16006359999999, 37.721219899999994], [-122.1629263, 37.72203519999999], [-122.16429910000001, 37.722992], [-122.164243, 37.72343999999999], [-122.1632728, 37.726699999999994], [-122.1609668, 37.731530299999996], [-122.1580014, 37.7307262], [-122.15509789999999, 37.7299124], [-122.1510272, 37.72735219999999], [-122.1512925, 37.7262669], [-122.15234639999998, 37.722407499999996], [-122.15427750000002, 37.721069699999994], [-122.1550509, 37.72074229999998]]]}}, {"id": "92", "type": "Feature", "properties": {"route": "1T", "stop": "San Leandro Civic Center SB", "re_ratio": 0.6109758336851663}, "geometry": {"type": "Polygon", "coordinates": [[[-122.15623610000002, 37.72257329999999], [-122.15987159999999, 37.7231903], [-122.16155260000001, 37.72357], [-122.16532890000002, 37.7270148], [-122.16546070000001, 37.7271951], [-122.1653619, 37.72863799999999], [-122.1638258, 37.73306079999999], [-122.16299390000002, 37.73426289999999], [-122.1623673, 37.734477999999996], [-122.15627270000002, 37.7331181], [-122.15515600000002, 37.7327211], [-122.15359470000001, 37.7320104], [-122.1522232, 37.731334600000004], [-122.1507285, 37.730403599999995], [-122.152952, 37.723813799999995], [-122.1533522, 37.7231671], [-122.154887, 37.722646799999985], [-122.15623610000002, 37.72257329999999]]]}}, {"id": "93", "type": "Feature", "properties": {"route": "1T", "stop": "Georgia Way SB", "re_ratio": 0.5660199599474675}, "geometry": {"type": "Polygon", "coordinates": [[[-122.1580911, 37.726125999999994], [-122.1647072, 37.72749670000001], [-122.1656647, 37.7280631], [-122.16868090000001, 37.73145469999999], [-122.168615, 37.7316285], [-122.1663393, 37.73758899999999], [-122.1659544, 37.73811390000001], [-122.1658437, 37.73816339999999], [-122.1644632, 37.73799620000001], [-122.161472, 37.737468899999996], [-122.15949570000001, 37.7368803], [-122.1555345, 37.73403889999999], [-122.15465290000002, 37.7328273], [-122.15569580000002, 37.7297729], [-122.15727700000001, 37.7263328], [-122.1578313, 37.7261326], [-122.1580911, 37.726125999999994]]]}}, {"id": "94", "type": "Feature", "properties": {"route": "1T", "stop": "Durant Avenue", "re_ratio": 0.5851173723171349}, "geometry": {"type": "Polygon", "coordinates": [[[-122.159451, 37.7294849], [-122.1644714, 37.7303947], [-122.16970129999999, 37.7315503], [-122.1701707, 37.731915400000005], [-122.1706431, 37.734347899999996], [-122.16863700000002, 37.74140919999999], [-122.16850360000001, 37.7415417], [-122.16838599999998, 37.74158959999999], [-122.1591418, 37.73940469999999], [-122.1570132, 37.738529099999994], [-122.1572168, 37.7363535], [-122.1579641, 37.73350119999999], [-122.159451, 37.7294849]]]}}, {"id": "95", "type": "Feature", "properties": {"route": "1T", "stop": "103rd Avenue", "re_ratio": 0.597235005687224}, "geometry": {"type": "Polygon", "coordinates": [[[-122.1634993, 37.73483339999999], [-122.164751, 37.734998], [-122.17270330000001, 37.7364448], [-122.17461119999999, 37.7373798], [-122.17475610000001, 37.738992200000006], [-122.17214970000002, 37.746451099999994], [-122.17200100000001, 37.746454799999995], [-122.16869730000002, 37.74592799999999], [-122.1650049, 37.74483370000001], [-122.15998310000002, 37.742844], [-122.15969340000001, 37.742106899999996], [-122.1601673, 37.7406073], [-122.1629277, 37.7352468], [-122.1634993, 37.73483339999999]]]}}, {"id": "96", "type": "Feature", "properties": {"route": "1T", "stop": "98th Avenue", "re_ratio": 0.5947204010450273}, "geometry": {"type": "Polygon", "coordinates": [[[-122.16543310000002, 37.73751420000001], [-122.16665300000001, 37.7376854], [-122.1753094, 37.73961160000001], [-122.17694830000002, 37.741327500000004], [-122.17707619999999, 37.741626799999985], [-122.1770076, 37.742077800000004], [-122.1744835, 37.7495999], [-122.17434170000001, 37.749642], [-122.1640357, 37.747411699999994], [-122.1629547, 37.74364500000001], [-122.16543310000002, 37.73751420000001]]]}}, {"id": "97", "type": "Feature", "properties": {"route": "1T", "stop": "95th Avenue", "re_ratio": 0.5950711834658351}, "geometry": {"type": "Polygon", "coordinates": [[[-122.1672405, 37.7398356], [-122.1675553, 37.7398887], [-122.17627260000002, 37.741660100000004], [-122.1786268, 37.74285849999999], [-122.1779272, 37.7465158], [-122.17685959999999, 37.7496614], [-122.17609510000001, 37.7517889], [-122.17591590000002, 37.7517655], [-122.1639991, 37.74931380000001], [-122.16561, 37.7437258], [-122.1672405, 37.7398356]]]}}, {"id": "98", "type": "Feature", "properties": {"route": "1T", "stop": "90th Avenue", "re_ratio": 0.5844066416368187}, "geometry": {"type": "Polygon", "coordinates": [[[-122.1699829, 37.74352609999998], [-122.17020100000002, 37.743529099999996], [-122.171683, 37.74382839999999], [-122.17990140000002, 37.74560249999998], [-122.1814417, 37.7475097], [-122.1795317, 37.75324299999999], [-122.17881630000001, 37.7549854], [-122.17855430000002, 37.7551626], [-122.1734907, 37.75446319999999], [-122.1734277, 37.75445069999999], [-122.1668059, 37.7531092], [-122.16940069999998, 37.744905499999994], [-122.16979819999999, 37.743736], [-122.16986600000001, 37.7435818], [-122.1699829, 37.74352609999998]]]}}, {"id": "99", "type": "Feature", "properties": {"route": "1T", "stop": "86th Avenue", "re_ratio": 0.6036687178353107}, "geometry": {"type": "Polygon", "coordinates": [[[-122.1718899, 37.7463004], [-122.17205440000001, 37.746322099999986], [-122.1828797, 37.74876849999999], [-122.1833856, 37.7503905], [-122.18253480000001, 37.757034299999994], [-122.17861310000002, 37.757476100000005], [-122.1777385, 37.7575131], [-122.17457970000001, 37.757215200000005], [-122.17285509999999, 37.756781999999994], [-122.16998840000001, 37.75605590000001], [-122.1690872, 37.7548344], [-122.1707607, 37.7487185], [-122.17174959999998, 37.746363499999994], [-122.1718899, 37.7463004]]]}}, {"id": "100", "type": "Feature", "properties": {"route": "1T", "stop": "82nd Avenue", "re_ratio": 0.5958873025603749}, "geometry": {"type": "Polygon", "coordinates": [[[-122.17476770000002, 37.74997200000001], [-122.1758316, 37.7501398], [-122.1849081, 37.75173209999999], [-122.1866034, 37.75255669999999], [-122.18689860000002, 37.75594059999999], [-122.1871049, 37.7592108], [-122.1806314, 37.7603038], [-122.1788456, 37.7604914], [-122.1743906, 37.75975660000001], [-122.17220230000001, 37.75921300000001], [-122.17227540000002, 37.75810039999999], [-122.1744094, 37.7505903], [-122.17476770000002, 37.74997200000001]]]}}, {"id": "101", "type": "Feature", "properties": {"route": "1T", "stop": "77th Avenue", "re_ratio": 0.6055857588095819}, "geometry": {"type": "Polygon", "coordinates": [[[-122.18504750000001, 37.7532891], [-122.1904841, 37.75363699999999], [-122.19149890000001, 37.754704999999994], [-122.19184789999998, 37.76152799999999], [-122.18626430000002, 37.7624667], [-122.1819955, 37.76265359999999], [-122.1776032, 37.76127519999999], [-122.17704350000001, 37.759697100000004], [-122.1768926, 37.7559269], [-122.17757369999998, 37.7537836], [-122.18504750000001, 37.7532891]]]}}, {"id": "102", "type": "Feature", "properties": {"route": "1T", "stop": "73rd Avenue", "re_ratio": 0.5818958486997426}, "geometry": {"type": "Polygon", "coordinates": [[[-122.1891754, 37.7552975], [-122.19225080000001, 37.7554429], [-122.1950984, 37.75671199999999], [-122.1956954, 37.7619157], [-122.1958243, 37.763290500000004], [-122.19055770000001, 37.764661100000005], [-122.18363230000001, 37.7642503], [-122.1818833, 37.762563599999986], [-122.18090389999999, 37.7591653], [-122.1807914, 37.75788550000001], [-122.1807468, 37.75617939999999], [-122.1891754, 37.7552975]]]}}, {"id": "103", "type": "Feature", "properties": {"route": "1T", "stop": "67th Avenue", "re_ratio": 0.5795462373154742}, "geometry": {"type": "Polygon", "coordinates": [[[-122.19092569999998, 37.7568031], [-122.1957603, 37.7571491], [-122.19846310000001, 37.7586597], [-122.1988578, 37.7601303], [-122.1993136, 37.765008], [-122.196582, 37.7658199], [-122.19085920000002, 37.766264499999984], [-122.1873605, 37.76595650000001], [-122.1872037, 37.7658052], [-122.185726, 37.76418869999999], [-122.18459500000002, 37.76082619999999], [-122.1840933, 37.75783379999999], [-122.19092569999998, 37.7568031]]]}}, {"id": "104", "type": "Feature", "properties": {"route": "1T", "stop": "63rd Avenue", "re_ratio": 0.5957454105294439}, "geometry": {"type": "Polygon", "coordinates": [[[-122.19846310000001, 37.7586597], [-122.20235340000002, 37.760369700000005], [-122.2034532, 37.766383899999994], [-122.20268770000001, 37.76702019999999], [-122.2006489, 37.76795349999998], [-122.19863329999998, 37.7682267], [-122.18903690000002, 37.7674411], [-122.18845450000002, 37.7619528], [-122.18823580000002, 37.759801899999985], [-122.1882976, 37.75972120000001], [-122.1929194, 37.7589758], [-122.19846310000001, 37.7586597]]]}}, {"id": "105", "type": "Feature", "properties": {"route": "1T", "stop": "Seminary", "re_ratio": 0.618792993386323}, "geometry": {"type": "Polygon", "coordinates": [[[-122.2031721, 37.7607314], [-122.2055531, 37.76088069999999], [-122.20666910000001, 37.7625434], [-122.20713710000001, 37.7632619], [-122.20803989999999, 37.76903269999999], [-122.2080505, 37.769181599999996], [-122.2007944, 37.770921799999996], [-122.19596390000001, 37.7700885], [-122.1939299, 37.769047], [-122.19337859999999, 37.7666861], [-122.1930802, 37.764786099999995], [-122.1929084, 37.7619664], [-122.19899590000001, 37.76080249999999], [-122.2031721, 37.7607314]]]}}, {"id": "106", "type": "Feature", "properties": {"route": "1T", "stop": "48th Avenue", "re_ratio": 0.6246881699590902}, "geometry": {"type": "Polygon", "coordinates": [[[-122.21348170000002, 37.7642552], [-122.213952, 37.764587], [-122.21429330000001, 37.7650961], [-122.21555499999998, 37.7671783], [-122.21646399999999, 37.7729871], [-122.2162253, 37.7731498], [-122.2073292, 37.775078099999995], [-122.2036036, 37.774536499999996], [-122.2029744, 37.77350469999999], [-122.2021911, 37.7717697], [-122.2016864, 37.7661255], [-122.20960770000002, 37.764308899999996], [-122.21348170000002, 37.7642552]]]}}, {"id": "107", "type": "Feature", "properties": {"route": "1T", "stop": "High Street", "re_ratio": 0.6101786041260154}, "geometry": {"type": "Polygon", "coordinates": [[[-122.2121003, 37.7663747], [-122.21459590000002, 37.76677800000001], [-122.219939, 37.7685181], [-122.2202729, 37.7726984], [-122.2203899, 37.7742107], [-122.2203197, 37.775016199999996], [-122.2202681, 37.775086400000006], [-122.2202156, 37.775157799999995], [-122.21413180000002, 37.7767372], [-122.20961380000001, 37.7768401], [-122.20685980000002, 37.7737919], [-122.2058832, 37.771785799999996], [-122.20555510000001, 37.7680058], [-122.2092002, 37.7666049], [-122.2121003, 37.7663747]]]}}, {"id": "108", "type": "Feature", "properties": {"route": "1T", "stop": "28th Avenue", "re_ratio": 0.5606928365876314}, "geometry": {"type": "Polygon", "coordinates": [[[-122.2307603, 37.77455900000001], [-122.23207729999999, 37.774949400000004], [-122.23339280000002, 37.7754058], [-122.23352, 37.77545409999999], [-122.2342365, 37.7767812], [-122.23668790000002, 37.781676299999994], [-122.2368736, 37.78242289999999], [-122.237097, 37.7839777], [-122.23697789999999, 37.78414], [-122.2323603, 37.7847659], [-122.2275138, 37.784960899999994], [-122.22599030000002, 37.7847067], [-122.2245341, 37.7842797], [-122.22345960000001, 37.779983699999995], [-122.22270390000001, 37.77625570000001], [-122.22293720000002, 37.776078600000005], [-122.2258219, 37.77532939999999], [-122.2271764, 37.77498949999999], [-122.2307603, 37.77455900000001]]]}}, {"id": "109", "type": "Feature", "properties": {"route": "1T", "stop": "24th Avenue", "re_ratio": 0.4704015729688929}, "geometry": {"type": "Polygon", "coordinates": [[[-122.23068399999998, 37.777594099999995], [-122.2316685, 37.77823149999999], [-122.23668790000002, 37.781676299999994], [-122.24076930000001, 37.78458799999999], [-122.24091590000002, 37.78486099999999], [-122.24143800000002, 37.786041999999995], [-122.2413077, 37.7866164], [-122.24065400000002, 37.7868812], [-122.23881460000001, 37.7870922], [-122.2369747, 37.78729740000001], [-122.23513690000001, 37.78750209999999], [-122.2320267, 37.78760379999999], [-122.2296404, 37.78743779999999], [-122.22819520000002, 37.78660039999999], [-122.2268081, 37.78443029999999], [-122.22720540000002, 37.7783145], [-122.2272757, 37.7782374], [-122.23068399999998, 37.777594099999995]]]}}, {"id": "110", "type": "Feature", "properties": {"route": "1T", "stop": "20th Avenue", "re_ratio": 0.4592422186781102}, "geometry": {"type": "Polygon", "coordinates": [[[-122.2370816, 37.78041830000001], [-122.24653390000002, 37.7877751], [-122.24666650000002, 37.7885116], [-122.24629870000001, 37.789349999999985], [-122.24570800000001, 37.7898812], [-122.24560840000001, 37.7899518], [-122.2451684, 37.7902563], [-122.23999339999999, 37.7910576], [-122.2366983, 37.791045], [-122.2346002, 37.789789600000006], [-122.2330147, 37.7848075], [-122.23314800000001, 37.782387599999986], [-122.2334305, 37.7819014], [-122.2343974, 37.7814072], [-122.2348747, 37.7811896], [-122.2370816, 37.78041830000001]]]}}, {"id": "111", "type": "Feature", "properties": {"route": "1T", "stop": "14th Avenue SB", "re_ratio": 0.47670043054717626}, "geometry": {"type": "Polygon", "coordinates": [[[-122.2432634, 37.78404610000001], [-122.24358719999998, 37.7841326], [-122.25334240000001, 37.790476299999995], [-122.25372999999999, 37.7911557], [-122.2532656, 37.7921907], [-122.2525241, 37.79273089999999], [-122.25231720000001, 37.792880200000006], [-122.2513785, 37.7935485], [-122.2503027, 37.79430529999999], [-122.24765719999999, 37.79420280000001], [-122.24006240000001, 37.7938814], [-122.2397233, 37.7895936], [-122.2403897, 37.7854085], [-122.2405789, 37.7852058], [-122.24091590000002, 37.78486099999999], [-122.2432634, 37.78404610000001]]]}}, {"id": "112", "type": "Feature", "properties": {"route": "1T", "stop": "10th Avenue SB", "re_ratio": 0.401905364569429}, "geometry": {"type": "Polygon", "coordinates": [[[-122.2440279, 37.786951], [-122.2450487, 37.7872527], [-122.24653390000002, 37.7877751], [-122.25487790000001, 37.7909599], [-122.25552080000001, 37.79120569999999], [-122.25604560000001, 37.791543399999995], [-122.2568846, 37.792272], [-122.2545834, 37.79566969999999], [-122.2534301, 37.7958194], [-122.2464732, 37.79513300000001], [-122.2441489, 37.7947297], [-122.2433072, 37.79390389999999], [-122.2427245, 37.791580200000006], [-122.24262399999999, 37.790022199999996], [-122.2428416, 37.7881982], [-122.2438585, 37.78696070000001], [-122.2440279, 37.786951]]]}}, {"id": "113", "type": "Feature", "properties": {"route": "1T", "stop": "San Leandro BART", "re_ratio": 0.5190511230219371}, "geometry": {"type": "Polygon", "coordinates": [[[-122.16010970000002, 37.71641209999999], [-122.1617006, 37.7168433], [-122.16524559999999, 37.7212241], [-122.1659568, 37.72227449999999], [-122.1659734, 37.722397199999996], [-122.1656934, 37.7245066], [-122.16503160000002, 37.72541340000001], [-122.163751, 37.72712299999999], [-122.16366210000001, 37.7271954], [-122.16219770000001, 37.7271584], [-122.1620679, 37.7271407], [-122.15781990000002, 37.726361499999996], [-122.1551779, 37.725209199999995], [-122.15267189999999, 37.7238874], [-122.1545292, 37.71647709999999], [-122.16010970000002, 37.71641209999999]]]}}, {"id": "114", "type": "Feature", "properties": {"route": "1T", "stop": "5th Avenue SB", "re_ratio": 0.5766874042447006}, "geometry": {"type": "Polygon", "coordinates": [[[-122.24732620000002, 37.788336799999996], [-122.2597184, 37.7911302], [-122.2603234, 37.7931348], [-122.2593715, 37.797668600000016], [-122.25885720000001, 37.79864899999998], [-122.2571739, 37.7989318], [-122.25477230000001, 37.799073199999995], [-122.25046699999999, 37.79890120000001], [-122.24952880000001, 37.7988267], [-122.24664070000001, 37.7982734], [-122.24700400000002, 37.788668099999995], [-122.24732620000002, 37.788336799999996]]]}}, {"id": "115", "type": "Feature", "properties": {"route": "1T", "stop": "2nd Avenue SB", "re_ratio": 0.5540617535505454}, "geometry": {"type": "Polygon", "coordinates": [[[-122.2508493, 37.7915747], [-122.2532523, 37.791681600000004], [-122.25882770000001, 37.7921963], [-122.26070979999999, 37.7939403], [-122.2625101, 37.79564249999999], [-122.2631029, 37.796261900000005], [-122.26351890000001, 37.7968378], [-122.2636921, 37.7972224], [-122.26379640000002, 37.7974805], [-122.26385250000001, 37.7984453], [-122.2639103, 37.799656799999994], [-122.26338219999998, 37.80051519999999], [-122.2628288, 37.800906399999995], [-122.2539748, 37.801753299999994], [-122.24958420000002, 37.800234599999996], [-122.2508493, 37.7915747]]]}}, {"id": "116", "type": "Feature", "properties": {"route": "1T", "stop": "Madison SB", "re_ratio": 0.5856523313742215}, "geometry": {"type": "Polygon", "coordinates": [[[-122.2662628, 37.7941764], [-122.26719000000001, 37.79418629999999], [-122.2699837, 37.7944086], [-122.2715691, 37.79761520000001], [-122.2727752, 37.80065549999999], [-122.2730163, 37.80172079999999], [-122.2730751, 37.8024892], [-122.2722536, 37.8029285], [-122.27097750000001, 37.80328620000001], [-122.2642551, 37.80502589999999], [-122.26363410000002, 37.8047791], [-122.2612842, 37.803844000000005], [-122.2608365, 37.80366440000001], [-122.25832399999999, 37.7994141], [-122.2581162, 37.7982942], [-122.2590379, 37.7959527], [-122.263088, 37.7946291], [-122.2641487, 37.7943817], [-122.2662628, 37.7941764]]]}}, {"id": "117", "type": "Feature", "properties": {"route": "1T", "stop": "Uptown Oakland SB", "re_ratio": 0.6513061248425134}, "geometry": {"type": "Polygon", "coordinates": [[[-122.2719762, 37.802814599999984], [-122.2736545, 37.8051967], [-122.27371740000001, 37.8053126], [-122.2750594, 37.8078916], [-122.27559400000001, 37.8091551], [-122.2745195, 37.81223570000001], [-122.2742419, 37.812961200000004], [-122.26809999999999, 37.8154442], [-122.2644782, 37.8154063], [-122.26371729999998, 37.81469179999999], [-122.2615973, 37.81137699999999], [-122.26141060000002, 37.8110312], [-122.2613952, 37.81059779999999], [-122.2621614, 37.805309699999995], [-122.2624251, 37.8051143], [-122.2703146, 37.803120899999996], [-122.2719762, 37.802814599999984]]]}}, {"id": "118", "type": "Feature", "properties": {"route": "1T", "stop": "14th Street SB", "re_ratio": 0.628484441733074}, "geometry": {"type": "Polygon", "coordinates": [[[-122.2722416, 37.79873859999999], [-122.2729854, 37.799027599999995], [-122.27746610000001, 37.8025022], [-122.2778089, 37.80348959999999], [-122.27869230000002, 37.80722010000001], [-122.27427569999999, 37.81046290000001], [-122.2733314, 37.8108954], [-122.27323420000002, 37.8109176], [-122.27309720000001, 37.810948700000004], [-122.26923980000001, 37.810961899999995], [-122.2675661, 37.8100323], [-122.26653749999998, 37.8091147], [-122.26472599999998, 37.805045099999994], [-122.263805, 37.801965499999994], [-122.2639336, 37.80158060000001], [-122.2640603, 37.8013548], [-122.2650807, 37.8009244], [-122.2670947, 37.8001415], [-122.2688442, 37.79963699999999], [-122.2722416, 37.79873859999999]]]}}, {"id": "119", "type": "Feature", "properties": {"route": "1T", "stop": "City Center SB", "re_ratio": 0.6295855158437506}, "geometry": {"type": "Polygon", "coordinates": [[[-122.27353970000001, 37.7958076], [-122.2760704, 37.7976662], [-122.2765554, 37.7982175], [-122.2788674, 37.80390089999999], [-122.2784526, 37.80459639999999], [-122.27231530000002, 37.8079381], [-122.26766589999998, 37.80779890000001], [-122.26753899999999, 37.807753], [-122.2672364, 37.80730059999999], [-122.26704300000002, 37.8070002], [-122.26605590000001, 37.8054244], [-122.2641314, 37.8011376], [-122.26348880000002, 37.799494200000005], [-122.26385250000001, 37.7984453], [-122.2645712, 37.798187799999994], [-122.2682588, 37.797172100000004], [-122.27353970000001, 37.7958076]]]}}, {"id": "120", "type": "Feature", "properties": {"route": "1T", "stop": "Harrison SB", "re_ratio": 0.6037867445106996}, "geometry": {"type": "Polygon", "coordinates": [[[-122.26955149999999, 37.795100999999995], [-122.27193190000001, 37.796035999999994], [-122.2720887, 37.79609760000001], [-122.2731046, 37.796503799999996], [-122.2750622, 37.80155440000001], [-122.2751939, 37.8025399], [-122.27505249999999, 37.80317540000001], [-122.27496660000001, 37.803349399999995], [-122.27466210000001, 37.8038555], [-122.2744214, 37.80397010000001], [-122.27145699999998, 37.80504499999999], [-122.2654977, 37.80631959999998], [-122.26538170000002, 37.80627869999999], [-122.26324170000001, 37.80543329999999], [-122.26160510000001, 37.802102], [-122.2600891, 37.79876399999999], [-122.26086550000001, 37.796941999999994], [-122.2624696, 37.7964422], [-122.2636573, 37.796098], [-122.2637083, 37.7960854], [-122.26483280000001, 37.79581879999999], [-122.2663391, 37.795541799999995], [-122.26955149999999, 37.795100999999995]]]}}, {"id": "121", "type": "Feature", "properties": {"route": "1T", "stop": "31st  Avenue", "re_ratio": 0.5580729438015056}, "geometry": {"type": "Polygon", "coordinates": [[[-122.22471460000001, 37.7734442], [-122.23277060000001, 37.7754411], [-122.2339159, 37.782192999999985], [-122.2227692, 37.7837412], [-122.22062170000001, 37.779851400000005], [-122.2188932, 37.77441359999999], [-122.21912069999999, 37.774242699999995], [-122.2208331, 37.77363919999999], [-122.22471460000001, 37.7734442]]]}}, {"id": "122", "type": "Feature", "properties": {"route": "1T", "stop": "Fruitvale", "re_ratio": 0.5444897751306158}, "geometry": {"type": "Polygon", "coordinates": [[[-122.22126800000001, 37.77138769999999], [-122.2243955, 37.772240000000004], [-122.22737010000002, 37.77458179999999], [-122.2307333, 37.77762659999999], [-122.2308505, 37.777853099999994], [-122.2309613, 37.77834630000001], [-122.2309239, 37.7803935], [-122.2206554, 37.78302660000001], [-122.220603, 37.78300759999999], [-122.2195099, 37.78167089999999], [-122.2188401, 37.7807872], [-122.21815030000002, 37.77901489999999], [-122.21627940000002, 37.77360350000001], [-122.2162253, 37.7731498], [-122.21646399999999, 37.7729871], [-122.2180324, 37.772348199999996], [-122.21967910000001, 37.7718306], [-122.22126800000001, 37.77138769999999]]]}}, {"id": "123", "type": "Feature", "properties": {"route": "1T", "stop": "39th Avenue", "re_ratio": 0.5558858586561171}, "geometry": {"type": "Polygon", "coordinates": [[[-122.2160879, 37.76978080000001], [-122.21814049999999, 37.76988399999999], [-122.2189066, 37.7700691], [-122.2254549, 37.7725941], [-122.226878, 37.7756036], [-122.227155, 37.7781782], [-122.2180542, 37.78022730000001], [-122.21589350000002, 37.7796176], [-122.214721, 37.7785613], [-122.21449769999998, 37.778360099999986], [-122.21367980000001, 37.7766412], [-122.21250969999998, 37.774112], [-122.21212839999998, 37.7726272], [-122.21198369999999, 37.7708141], [-122.2160879, 37.76978080000001]]]}}, {"id": "124", "type": "Feature", "properties": {"route": "1T", "stop": "54th Avenue", "re_ratio": 0.5996355128470028}, "geometry": {"type": "Polygon", "coordinates": [[[-122.20855420000001, 37.763401], [-122.2092198, 37.763729900000016], [-122.2121003, 37.7663747], [-122.2126736, 37.7693341], [-122.2130435, 37.771358899999996], [-122.2130031, 37.77160479999999], [-122.20296169999999, 37.77437400000001], [-122.2018922, 37.7735539], [-122.20079340000001, 37.7726274], [-122.1998253, 37.7717614], [-122.19876469999998, 37.7705826], [-122.1979794, 37.764375300000005], [-122.20855420000001, 37.763401]]]}}, {"id": "125", "type": "Feature", "properties": {"route": "F", "stop": "Adeline St & Alcatraz Av", "re_ratio": 0.6531205342830789}, "geometry": {"type": "Polygon", "coordinates": [[[-122.27244079999998, 37.842526499999984], [-122.276525, 37.8438402], [-122.27958169999998, 37.84766669999999], [-122.27523609999999, 37.852308199999996], [-122.27331719999998, 37.8540952], [-122.2691272, 37.85559880000001], [-122.26903099999998, 37.8555761], [-122.2677316, 37.855136599999994], [-122.2663237, 37.8538206], [-122.2629013, 37.8498827], [-122.2663216, 37.84573660000001], [-122.26805499999999, 37.84410789999999], [-122.26913500000002, 37.84315229999999], [-122.2702063, 37.842759], [-122.2704502, 37.8427335], [-122.27226519999999, 37.8425443], [-122.27244079999998, 37.842526499999984]]]}}, {"id": "126", "type": "Feature", "properties": {"route": "F", "stop": "Adeline St & Ashby Av", "re_ratio": 0.62996278570744}, "geometry": {"type": "Polygon", "coordinates": [[[-122.2713242, 37.8485701], [-122.2770448, 37.85361290000001], [-122.27318459999998, 37.8577637], [-122.2716633, 37.8593829], [-122.26955450000001, 37.8609342], [-122.26742880000002, 37.8622016], [-122.2662636, 37.8615186], [-122.26172800000002, 37.85829469999999], [-122.260271, 37.85626930000001], [-122.26024209999999, 37.8561151], [-122.2611051, 37.855025499999996], [-122.2658629, 37.8503309], [-122.2713242, 37.8485701]]]}}, {"id": "127", "type": "Feature", "properties": {"route": "F", "stop": "Adeline St & Ashby BART", "re_ratio": 0.6326609373967886}, "geometry": {"type": "Polygon", "coordinates": [[[-122.2727991, 37.84657399999999], [-122.276199, 37.8499315], [-122.2766346, 37.851761999999994], [-122.2744381, 37.85566839999999], [-122.27157039999999, 37.8585589], [-122.2693513, 37.859125999999996], [-122.2673158, 37.85963239999999], [-122.266927, 37.85944889999999], [-122.2649763, 37.8579555], [-122.2638755, 37.857092200000004], [-122.2624726, 37.855821899999995], [-122.2610174, 37.85376819999999], [-122.26185410000001, 37.85274429999999], [-122.26565420000001, 37.848763000000005], [-122.27112340000001, 37.8467025], [-122.2722144, 37.8465961], [-122.2727991, 37.84657399999999]]]}}, {"id": "128", "type": "Feature", "properties": {"route": "F", "stop": "Adeline St & Fairview St", "re_ratio": 0.6245853465329728}, "geometry": {"type": "Polygon", "coordinates": [[[-122.2705249, 37.844273599999994], [-122.2729155, 37.8448173], [-122.27541600000002, 37.8463897], [-122.2783376, 37.84964810000001], [-122.2784821, 37.850672], [-122.27681930000001, 37.85265429999999], [-122.27290609999999, 37.8564333], [-122.2721133, 37.8569816], [-122.2677893, 37.85772409999999], [-122.2677208, 37.8577079], [-122.266612, 37.85674279999999], [-122.26444440000002, 37.854798999999986], [-122.264291, 37.8540793], [-122.2640113, 37.8526982], [-122.265558, 37.848041599999995], [-122.2705249, 37.844273599999994]]]}}, {"id": "129", "type": "Feature", "properties": {"route": "F", "stop": "Adeline St & Oregon St", "re_ratio": 0.6260002554061292}, "geometry": {"type": "Polygon", "coordinates": [[[-122.27033460000001, 37.8508513], [-122.27597260000002, 37.8563675], [-122.2759958, 37.856478], [-122.27543800000001, 37.85747149999999], [-122.27354509999999, 37.8595505], [-122.2691167, 37.86327319999999], [-122.2683771, 37.86384700000001], [-122.2671613, 37.8641945], [-122.2666019, 37.86407650000001], [-122.26543729999999, 37.86331189999999], [-122.2597741, 37.859466399999995], [-122.2593622, 37.858603], [-122.25938720000002, 37.858422899999994], [-122.259938, 37.857611299999995], [-122.2641477, 37.8533649], [-122.26613689999999, 37.8523844], [-122.27033460000001, 37.8508513]]]}}, {"id": "130", "type": "Feature", "properties": {"route": "F", "stop": "Shattuck Av & Durant Av", "re_ratio": 0.6026787279384915}, "geometry": {"type": "Polygon", "coordinates": [[[-122.2673879, 37.8601658], [-122.27219020000001, 37.863001], [-122.27460959999999, 37.864877199999995], [-122.27331319999999, 37.8687894], [-122.27269330000001, 37.8697075], [-122.2685888, 37.8733241], [-122.26592180000002, 37.87255569999999], [-122.26428220000001, 37.871876], [-122.25995250000001, 37.8687001], [-122.2589406, 37.86791560000001], [-122.2589086, 37.86774479999999], [-122.2596169, 37.86682170000001], [-122.2647029, 37.8615697], [-122.26615270000002, 37.860461699999995], [-122.2666678, 37.860253199999995], [-122.2673018, 37.860175899999994], [-122.2673879, 37.8601658]]]}}, {"id": "131", "type": "Feature", "properties": {"route": "F", "stop": "Shattuck Av & Dwight Way", "re_ratio": 0.6273656656143459}, "geometry": {"type": "Polygon", "coordinates": [[[-122.26675640000002, 37.85711119999999], [-122.2684521, 37.8573348], [-122.27554540000001, 37.86291320000001], [-122.269819, 37.8691399], [-122.26772650000001, 37.87090830000001], [-122.2676391, 37.8709133], [-122.26564730000001, 37.869734], [-122.25837680000001, 37.865137100000005], [-122.25835960000002, 37.865081], [-122.2641353, 37.8588464], [-122.2663227, 37.8571656], [-122.2666543, 37.85712399999999], [-122.26675640000002, 37.85711119999999]]]}}, {"id": "132", "type": "Feature", "properties": {"route": "F", "stop": "Shattuck Av & Kittredge St", "re_ratio": 0.6087727898527495}, "geometry": {"type": "Polygon", "coordinates": [[[-122.26682870000002, 37.8613635], [-122.27054420000002, 37.86356529999999], [-122.2724369, 37.865161], [-122.2750441, 37.86849660000001], [-122.27404850000002, 37.87044350000001], [-122.27301, 37.8714413], [-122.26902730000002, 37.874755], [-122.2683768, 37.87496790000001], [-122.26584319999999, 37.8741961], [-122.2630855, 37.8729422], [-122.2608751, 37.8713386], [-122.25975680000002, 37.8687253], [-122.26047189999998, 37.8677118], [-122.26061160000002, 37.86752279999999], [-122.26115560000001, 37.86693300000001], [-122.26682870000002, 37.8613635]]]}}, {"id": "133", "type": "Feature", "properties": {"route": "F", "stop": "Shattuck Av & Parker St", "re_ratio": 0.6163226588689359}, "geometry": {"type": "Polygon", "coordinates": [[[-122.26903099999998, 37.85554340000001], [-122.2691272, 37.85559880000001], [-122.27354509999999, 37.8595505], [-122.273724, 37.860394299999996], [-122.27390990000002, 37.8612849], [-122.27409540000001, 37.862195], [-122.2737148, 37.8631523], [-122.2695954, 37.8673639], [-122.26812100000001, 37.86852], [-122.2676664, 37.8686015], [-122.26694730000001, 37.868623199999995], [-122.2657934, 37.8680457], [-122.25914480000002, 37.864129299999995], [-122.2581723, 37.863328300000006], [-122.26000470000001, 37.8612652], [-122.26190030000001, 37.85914129999999], [-122.26371510000001, 37.85718459999999], [-122.2637889, 37.8571477], [-122.26903099999998, 37.85554340000001]]]}}, {"id": "134", "type": "Feature", "properties": {"route": "F", "stop": "Shattuck Av & University Av", "re_ratio": 0.6555286207411417}, "geometry": {"type": "Polygon", "coordinates": [[[-122.2677944, 37.865687099999995], [-122.2682457, 37.865695300000006], [-122.27032499999999, 37.86685669999999], [-122.2727865, 37.8683024], [-122.27571970000001, 37.870227099999994], [-122.2761603, 37.8710997], [-122.2762172, 37.87150409999999], [-122.27540920000001, 37.8731048], [-122.2734219, 37.875117], [-122.2713389, 37.877214200000004], [-122.2692614, 37.879241099999994], [-122.26256479999999, 37.8762528], [-122.2616056, 37.8750859], [-122.26028109999999, 37.873074], [-122.2601801, 37.8724422], [-122.2601719, 37.87237679999999], [-122.260214, 37.8720618], [-122.2611585, 37.86981709999999], [-122.26734520000001, 37.8657559], [-122.2677944, 37.865687099999995]]]}}, {"id": "135", "type": "Feature", "properties": {"route": "F", "stop": "40th St & Emery St", "re_ratio": 0.5972050549995176}, "geometry": {"type": "Polygon", "coordinates": [[[-122.27809380000001, 37.82499419999999], [-122.2782428, 37.825014499999995], [-122.2803787, 37.82550630000001], [-122.2860704, 37.827235], [-122.2871415, 37.8276192], [-122.288071, 37.828030199999986], [-122.28921059999999, 37.828723], [-122.28943800000002, 37.829059], [-122.28914220000001, 37.829904], [-122.2885994, 37.830645], [-122.28657310000001, 37.833049199999984], [-122.2819797, 37.83700499999999], [-122.27654899999999, 37.83576120000001], [-122.27371700000002, 37.8315585], [-122.2737796, 37.82984299999999], [-122.275488, 37.8272529], [-122.277696, 37.825214], [-122.27782470000001, 37.82510169999999], [-122.27809380000001, 37.82499419999999]]]}}, {"id": "136", "type": "Feature", "properties": {"route": "F", "stop": "40th St & Harlan St", "re_ratio": 0.5085839925637227}, "geometry": {"type": "Polygon", "coordinates": [[[-122.28438469999999, 37.8254031], [-122.2852004, 37.8256734], [-122.28875400000001, 37.8274356], [-122.29076470000001, 37.8287076], [-122.290881, 37.829007899999986], [-122.29081630000002, 37.8301992], [-122.28951119999999, 37.8317792], [-122.28898599999998, 37.8323849], [-122.2867839, 37.8344978], [-122.28125000000001, 37.8350777], [-122.27735060000002, 37.8336455], [-122.2762233, 37.832788900000004], [-122.27593840000002, 37.8309602], [-122.2775419, 37.8275754], [-122.2780134, 37.827006299999994], [-122.28009619999999, 37.82629450000001], [-122.28438469999999, 37.8254031]]]}}, {"id": "137", "type": "Feature", "properties": {"route": "F", "stop": "40th St & Hollis St", "re_ratio": 0.587312159500744}, "geometry": {"type": "Polygon", "coordinates": [[[-122.28470690000002, 37.8232211], [-122.2902897, 37.825535200000004], [-122.29094690000001, 37.82776829999999], [-122.290881, 37.829007899999986], [-122.29081630000002, 37.8301992], [-122.2906843, 37.8317744], [-122.2906152, 37.832417199999995], [-122.29021470000002, 37.83325249999999], [-122.2877694, 37.8361093], [-122.2875828, 37.8361411], [-122.28696940000002, 37.8362081], [-122.2807984, 37.833683199999996], [-122.27795339999999, 37.83238369999999], [-122.27785739999999, 37.832297800000006], [-122.27874900000002, 37.8286755], [-122.2788581, 37.82835589999999], [-122.2803787, 37.82550630000001], [-122.28209730000002, 37.82400820000001], [-122.28380230000002, 37.8233018], [-122.28470690000002, 37.8232211]]]}}, {"id": "138", "type": "Feature", "properties": {"route": "F", "stop": "Christie Av & Powell Street Plaza Shopping Center", "re_ratio": 0.47642870195428927}, "geometry": {"type": "Polygon", "coordinates": [[[-122.29318710000001, 37.8322116], [-122.3021865, 37.8371694], [-122.3022798, 37.8374285], [-122.3009978, 37.839199], [-122.2967107, 37.8435962], [-122.29589210000002, 37.8440805], [-122.2956685, 37.84412749999999], [-122.294563, 37.8438486], [-122.28966240000001, 37.841312300000006], [-122.28873719999999, 37.840761099999995], [-122.28821390000002, 37.8396654], [-122.28819970000002, 37.8396198], [-122.2881208, 37.8393663], [-122.2886823, 37.8382887], [-122.29244300000002, 37.832306999999986], [-122.2927003, 37.83224909999999], [-122.29318710000001, 37.8322116]]]}}, {"id": "139", "type": "Feature", "properties": {"route": "F", "stop": "40th St & Horton St", "re_ratio": 0.5501351100741034}, "geometry": {"type": "Polygon", "coordinates": [[[-122.2893389, 37.82396549999999], [-122.29068880000001, 37.8245614], [-122.2928734, 37.827185799999995], [-122.29300670000002, 37.8304906], [-122.29024960000001, 37.836082499999996], [-122.2900365, 37.83613059999998], [-122.2840054, 37.8336035], [-122.2801992, 37.831821], [-122.27992750000001, 37.8316456], [-122.27930209999998, 37.83120160000001], [-122.27960770000001, 37.8303727], [-122.2805817, 37.82844540000001], [-122.2823185, 37.825946800000004], [-122.2836004, 37.8243457], [-122.2893389, 37.82396549999999]]]}}, {"id": "140", "type": "Feature", "properties": {"route": "F", "stop": "40th St & San Pablo Av", "re_ratio": 0.6708912888685608}, "geometry": {"type": "Polygon", "coordinates": [[[-122.27790689999999, 37.8244127], [-122.2814656, 37.82574529999999], [-122.28465890000001, 37.827574], [-122.28671509999998, 37.8288441], [-122.2875763, 37.8294016], [-122.2876065, 37.82949510000001], [-122.2865653, 37.8310542], [-122.2836514, 37.835265699999994], [-122.2819609, 37.8376884], [-122.2818802, 37.83770029999999], [-122.2760193, 37.8371508], [-122.2705591, 37.8301724], [-122.27059200000001, 37.8300653], [-122.27760539999998, 37.8244425], [-122.27790689999999, 37.8244127]]]}}, {"id": "141", "type": "Feature", "properties": {"route": "F", "stop": "Shellmound St & Bay St", "re_ratio": 0.1436124023405466}, "geometry": {"type": "Polygon", "coordinates": [[[-122.29150919999998, 37.828058], [-122.29171510000002, 37.828073599999996], [-122.29213889999998, 37.8284422], [-122.2928855, 37.83003389999999], [-122.29583279999999, 37.838407], [-122.29577369999998, 37.8386577], [-122.29496990000001, 37.839541999999994], [-122.2936561, 37.8400642], [-122.29362490000001, 37.8400596], [-122.2931221, 37.8399335], [-122.292487, 37.8390319], [-122.2917207, 37.83674049999999], [-122.2916178, 37.836274200000005], [-122.2914952, 37.8354019], [-122.291428, 37.834605], [-122.29140970000002, 37.8341327], [-122.2913083, 37.8304827], [-122.29131349999999, 37.83034750000001], [-122.29139330000001, 37.829267], [-122.29150919999998, 37.828058]]]}}, {"id": "142", "type": "Feature", "properties": {"route": "F", "stop": "Market St & 40th St", "re_ratio": 0.6355296750916772}, "geometry": {"type": "Polygon", "coordinates": [[[-122.27553090000002, 37.82388169999999], [-122.2757354, 37.823915], [-122.27984810000001, 37.8273473], [-122.2807147, 37.82814069999999], [-122.28153390000001, 37.8300158], [-122.2815263, 37.8319917], [-122.2814293, 37.8322104], [-122.2809958, 37.83291090000001], [-122.2805286, 37.83351319999999], [-122.273563, 37.837467799999985], [-122.26989380000002, 37.834701], [-122.268182, 37.83297389999999], [-122.26563320000001, 37.8292136], [-122.2657132, 37.8291151], [-122.2661704, 37.8287329], [-122.2735713, 37.824669499999985], [-122.27553090000002, 37.82388169999999]]]}}, {"id": "143", "type": "Feature", "properties": {"route": "F", "stop": "Market St & 45th St", "re_ratio": 0.5917563703865034}, "geometry": {"type": "Polygon", "coordinates": [[[-122.27466930000001, 37.82777719999999], [-122.2775911, 37.8304294], [-122.2803558, 37.83299360000001], [-122.28097760000001, 37.8346507], [-122.2785515, 37.83741789999999], [-122.2747288, 37.84087889999999], [-122.2744168, 37.8411289], [-122.27420670000001, 37.84116629999999], [-122.2694895, 37.8385821], [-122.26858480000001, 37.83773729999999], [-122.2679177, 37.8370366], [-122.26524439999999, 37.8332361], [-122.26811140000001, 37.831103], [-122.272821, 37.8284751], [-122.2738518, 37.827975200000004], [-122.27466930000001, 37.82777719999999]]]}}, {"id": "144", "type": "Feature", "properties": {"route": "F", "stop": "Market St & 55th St", "re_ratio": 0.6160063751199791}, "geometry": {"type": "Polygon", "coordinates": [[[-122.27351630000001, 37.8323628], [-122.2787106, 37.83506859999999], [-122.28026779999999, 37.836595300000006], [-122.28036, 37.840008399999995], [-122.2788422, 37.84254289999999], [-122.2762171, 37.845436799999995], [-122.27273179999999, 37.8459741], [-122.272566, 37.8459187], [-122.2705249, 37.844273599999994], [-122.2675487, 37.841675], [-122.2673897, 37.8409119], [-122.26722450000001, 37.8401146], [-122.26704549999998, 37.839228799999994], [-122.26686420000001, 37.8383244], [-122.2679411, 37.8363572], [-122.26989380000002, 37.834701], [-122.27351630000001, 37.8323628]]]}}, {"id": "145", "type": "Feature", "properties": {"route": "F", "stop": "Market St & Arlington Av", "re_ratio": 0.6383724099426957}, "geometry": {"type": "Polygon", "coordinates": [[[-122.27654899999999, 37.83576120000001], [-122.279942, 37.838706099999996], [-122.281141, 37.8419076], [-122.2805883, 37.84348430000001], [-122.2793915, 37.846771999999994], [-122.277831, 37.84884949999999], [-122.2760394, 37.8491286], [-122.2736171, 37.84845500000001], [-122.27194950000002, 37.8477534], [-122.26835140000001, 37.8454775], [-122.2669714, 37.8442597], [-122.2667836, 37.84334750000001], [-122.2675487, 37.841675], [-122.26959860000001, 37.83889620000001], [-122.273257, 37.8359728], [-122.27654899999999, 37.83576120000001]]]}}, {"id": "146", "type": "Feature", "properties": {"route": "F", "stop": "Stanford Av & King St", "re_ratio": 0.3249432472540158}, "geometry": {"type": "Polygon", "coordinates": [[[-122.2751103, 37.83987509999999], [-122.278601, 37.84177089999999], [-122.27928670000001, 37.84279889999999], [-122.2793157, 37.842861], [-122.2792071, 37.8458907], [-122.2779326, 37.847885299999994], [-122.2758398, 37.84816279999999], [-122.27194950000002, 37.8477534], [-122.27097239999999, 37.84697140000001], [-122.26815160000001, 37.8445817], [-122.26913500000002, 37.84315229999999], [-122.2700631, 37.8420775], [-122.27191399999998, 37.840434900000005], [-122.2751103, 37.83987509999999]]]}}, {"id": "147", "type": "Feature", "properties": {"route": "F", "stop": "Salesforce Transit Center Bay 32", "re_ratio": 0.6153447239881958}, "geometry": {"type": "Polygon", "coordinates": [[[-122.3949517, 37.78465810000001], [-122.40069729999999, 37.784781599999995], [-122.4020536, 37.786116099999994], [-122.4027481, 37.7909353], [-122.40259830000001, 37.791909000000004], [-122.4019738, 37.7929634], [-122.4004671, 37.7945628], [-122.39962989999998, 37.79543590000001], [-122.39902229999998, 37.795513499999984], [-122.39899850000002, 37.7955164], [-122.3966747, 37.7956942], [-122.39247150000001, 37.794965], [-122.390839, 37.7945037], [-122.390751, 37.794409099999996], [-122.3891946, 37.7912015], [-122.3892725, 37.78653610000001], [-122.38948060000001, 37.786226500000005], [-122.38965340000001, 37.78608959999998], [-122.39472569999998, 37.78466929999999], [-122.3949517, 37.78465810000001]]]}}, {"id": "148", "type": "Feature", "properties": {"route": "F", "stop": "Market St & 53rd St", "re_ratio": 0.6607570366864759}, "geometry": {"type": "Polygon", "coordinates": [[[-122.2739323, 37.830706599999985], [-122.27800920000001, 37.83223670000001], [-122.2791332, 37.83328050000001], [-122.28052769999998, 37.83470080000001], [-122.28145580000002, 37.836383399999995], [-122.2814629, 37.83716749999999], [-122.2752317, 37.8441367], [-122.2749777, 37.8442698], [-122.27273110000002, 37.84398689999999], [-122.26722450000001, 37.8401146], [-122.2658311, 37.838463499999996], [-122.2673102, 37.83428889999998], [-122.2717314, 37.831633499999995], [-122.2739323, 37.830706599999985]]]}}, {"id": "149", "type": "Feature", "properties": {"route": "F", "stop": "Shattuck Av & Allston Way", "re_ratio": 0.6301638771435785}, "geometry": {"type": "Polygon", "coordinates": [[[-122.26700969999999, 37.86302729999999], [-122.26748970000001, 37.8630352], [-122.273763, 37.866830400000005], [-122.2761168, 37.8683569], [-122.27373359999999, 37.8717622], [-122.2731164, 37.8724585], [-122.27107000000001, 37.8744982], [-122.2689605, 37.8765963], [-122.26645580000002, 37.8756509], [-122.2655031, 37.8752686], [-122.26392360000001, 37.8744958], [-122.26123099999998, 37.8728664], [-122.25997230000002, 37.8717393], [-122.2599077, 37.87155799999999], [-122.25987900000001, 37.86997830000001], [-122.26215689999998, 37.86740669999999], [-122.2652107, 37.86407909999999], [-122.26700969999999, 37.86302729999999]]]}}, {"id": "150", "type": "Feature", "properties": {"route": "F", "stop": "Hearst Av & Walnut St", "re_ratio": 0.6397462264223573}, "geometry": {"type": "Polygon", "coordinates": [[[-122.2675657, 37.8677068], [-122.2699446, 37.86900330000001], [-122.2712255, 37.8697238], [-122.2738314, 37.871399499999995], [-122.27362259999998, 37.87333559999999], [-122.2734219, 37.875117], [-122.2713389, 37.877214200000004], [-122.2692614, 37.879241099999994], [-122.268164, 37.879972], [-122.26708350000001, 37.8805156], [-122.2613786, 37.877703800000006], [-122.25999810000002, 37.877023], [-122.25839029999999, 37.87525229999999], [-122.26079829999999, 37.87013079999999], [-122.2611585, 37.86981709999999], [-122.2616712, 37.869460499999995], [-122.2653436, 37.8678474], [-122.2660821, 37.867751], [-122.2675657, 37.8677068]]]}}, {"id": "151", "type": "Feature", "properties": {"route": "F", "stop": "Stanford Av & Market St", "re_ratio": 0.7055508202002091}, "geometry": {"type": "Polygon", "coordinates": [[[-122.273563, 37.837467799999985], [-122.2757921, 37.83775599999999], [-122.276015, 37.837804399999996], [-122.28271299999999, 37.84084630000001], [-122.2827519, 37.840900100000006], [-122.28279840000002, 37.8421535], [-122.2811591, 37.8465371], [-122.2786384, 37.8503512], [-122.27846760000001, 37.8506078], [-122.2783391, 37.8506276], [-122.27639890000002, 37.8509143], [-122.2707215, 37.849836], [-122.2705237, 37.849713099999995], [-122.2695193, 37.8490048], [-122.2669714, 37.8442597], [-122.26786740000001, 37.8432068], [-122.27012729999998, 37.840667199999984], [-122.273563, 37.837467799999985]]]}}, {"type": "Feature", "properties": {"route": "28", "stop": "Somerset Av & Sprague Ct", "re_ratio": 0.5812}, "geometry": {"type": "Polygon", "coordinates": [[[-122.0902849, 37.6948124], [-122.09326540000002, 37.6961035], [-122.0941336, 37.696527], [-122.09672090000001, 37.6978305], [-122.0977522, 37.698909400000005], [-122.09789619999998, 37.70365399999999], [-122.0938769, 37.70550279999999], [-122.08985940000001, 37.7059786], [-122.08904800000002, 37.705757399999996], [-122.0863883, 37.7046209], [-122.08315499999999, 37.702787099999995], [-122.08186549999999, 37.701736700000005], [-122.08186259999998, 37.701610699999996], [-122.08587970000002, 37.697434], [-122.0902849, 37.6948124]]]}}, {"type": "Feature", "properties": {"route": "28", "stop": "Castro Valley BART", "re_ratio": 0.5007}, "geometry": {"type": "Polygon", "coordinates": [[[-122.0735685, 37.68553509999999], [-122.0821054, 37.6911012], [-122.07899840000002, 37.695522], [-122.07838939999999, 37.6961703], [-122.07780290000001, 37.696610899999996], [-122.07434069999998, 37.698106], [-122.0739528, 37.6981691], [-122.0690004, 37.6949065], [-122.0677335, 37.6936124], [-122.0675864, 37.693435], [-122.0676166, 37.6933807], [-122.0707251, 37.68897939999999], [-122.0735685, 37.68553509999999]]]}}, {"type": "Feature", "properties": {"route": "28", "stop": "Miramar Av & Saratoga St", "re_ratio": 0.4942}, "geometry": {"type": "Polygon", "coordinates": [[[-122.1113304, 37.696207099999995], [-122.1114694, 37.6963304], [-122.1115693, 37.696449], [-122.11229010000001, 37.6986306], [-122.11246250000002, 37.7046728], [-122.11111790000001, 37.705431499999996], [-122.10268300000001, 37.7059663], [-122.10168249999998, 37.70547239999999], [-122.0986142, 37.70347540000001], [-122.1011323, 37.70000449999999], [-122.103375, 37.6976798], [-122.1051092, 37.6970425], [-122.1082864, 37.6962567], [-122.1113304, 37.696207099999995]]]}}, {"type": "Feature", "properties": {"route": "28", "stop": "Castro Valley Blvd & Baker Rd", "re_ratio": 0.4356}, "geometry": {"type": "Polygon", "coordinates": [[[-122.08403989999998, 37.69111230000001], [-122.08982150000001, 37.692459299999996], [-122.09023460000002, 37.69269090000001], [-122.0909471, 37.69375019999998], [-122.0910134, 37.69406430000001], [-122.0904638, 37.6954203], [-122.0850303, 37.6997589], [-122.0837213, 37.700631], [-122.08242959999998, 37.700416999999995], [-122.0810238, 37.6997297], [-122.0769185, 37.695896399999995], [-122.07720829999998, 37.695025099999995], [-122.0794427, 37.6911217], [-122.0811687, 37.69110570000001], [-122.0820363, 37.6911012], [-122.0821054, 37.6911012], [-122.08403989999998, 37.69111230000001]]]}}, {"type": "Feature", "properties": {"route": "28", "stop": "Stanton Av & Stanton Heights Ct", "re_ratio": 0.4518}, "geometry": {"type": "Polygon", "coordinates": [[[-122.0912605, 37.69812099999999], [-122.0977522, 37.698909400000005], [-122.1001308, 37.699839600000004], [-122.10350560000002, 37.70128569999999], [-122.1042003, 37.7024762], [-122.10463070000002, 37.7033469], [-122.10225999999999, 37.70770850000002], [-122.1017623, 37.7079364], [-122.0903149, 37.703516], [-122.089114, 37.7010137], [-122.0912605, 37.69812099999999]]]}}, {"type": "Feature", "properties": {"route": "28", "stop": "Miramar Av & Rolando Av", "re_ratio": 0.5279}, "geometry": {"type": "Polygon", "coordinates": [[[-122.09896879999998, 37.69766099999999], [-122.10363349999999, 37.69798589999999], [-122.1083442, 37.700105499999985], [-122.1090841, 37.7012313], [-122.10848879999999, 37.7032887], [-122.1060496, 37.7077758], [-122.1041656, 37.7073754], [-122.0946561, 37.70497519999999], [-122.09382480000001, 37.7014622], [-122.09706140000002, 37.6984532], [-122.09896879999998, 37.69766099999999]]]}}, {"type": "Feature", "properties": {"route": "28", "stop": "164th Av & Helo Dr", "re_ratio": 0.4562}, "geometry": {"type": "Polygon", "coordinates": [[[-122.1142194, 37.691297599999984], [-122.11716519999999, 37.69313970000001], [-122.1176717, 37.69755969999999], [-122.11354710000002, 37.70165060000001], [-122.1105981, 37.7022698], [-122.1083834, 37.7023776], [-122.10779170000002, 37.702248], [-122.106669, 37.701478099999996], [-122.1064973, 37.7012149], [-122.1063005, 37.7009069], [-122.10608700000002, 37.69838769999999], [-122.1094829, 37.69234479999999], [-122.1100874, 37.691837099999994], [-122.1142194, 37.691297599999984]]]}}, {"type": "Feature", "properties": {"route": "28", "stop": "164th Av & Foothill Blvd", "re_ratio": 0.5901}, "geometry": {"type": "Polygon", "coordinates": [[[-122.1053531, 37.693951000000006], [-122.11277729999999, 37.69417369999999], [-122.1142521, 37.69440279999999], [-122.11481420000001, 37.69669470000001], [-122.1151143, 37.7020066], [-122.11409379999999, 37.7042275], [-122.11246250000002, 37.7046728], [-122.1073177, 37.7042335], [-122.103517, 37.70389999999999], [-122.10220809999998, 37.702707], [-122.10288969999999, 37.69590749999999], [-122.10346810000001, 37.695444800000004], [-122.1053531, 37.693951000000006]]]}}, {"type": "Feature", "properties": {"route": "28", "stop": "E 14th St & 159th Av", "re_ratio": 0.6344}, "geometry": {"type": "Polygon", "coordinates": [[[-122.11897910000002, 37.6934862], [-122.121399, 37.69429389999999], [-122.1255621, 37.69640840000002], [-122.12646089999998, 37.6969098], [-122.12652270000001, 37.69695209999998], [-122.1272408, 37.6975709], [-122.1273341, 37.70438190000001], [-122.12347130000002, 37.7056006], [-122.1204637, 37.7058268], [-122.11768540000001, 37.70521229999999], [-122.1171648, 37.704965], [-122.1168916, 37.7048352], [-122.11572200000002, 37.703454699999995], [-122.1142547, 37.6997934], [-122.114109, 37.69921239999999], [-122.11396750000002, 37.695347899999994], [-122.1140264, 37.69506379999999], [-122.11897910000002, 37.6934862]]]}}, {"type": "Feature", "properties": {"route": "28", "stop": "Center St & Ravenwood Pl", "re_ratio": 0.5248}, "geometry": {"type": "Polygon", "coordinates": [[[-122.0628637, 37.6885071], [-122.064501, 37.688790699999984], [-122.06754440000002, 37.691660600000006], [-122.06927350000001, 37.6939487], [-122.0691507, 37.694184799999995], [-122.06721650000001, 37.697131099999986], [-122.0658849, 37.698297499999995], [-122.06563110000002, 37.69849760000001], [-122.06114040000001, 37.7010014], [-122.0609309, 37.70097770000001], [-122.06049239999999, 37.7009279], [-122.05527280000001, 37.69576330000001], [-122.0545103, 37.6947226], [-122.054495, 37.6946629], [-122.0619323, 37.68869430000001], [-122.0628637, 37.6885071]]]}}, {"type": "Feature", "properties": {"route": "28", "stop": "Alvarado St & Teagarden St", "re_ratio": 0.4292}, "geometry": {"type": "Polygon", "coordinates": [[[-122.14988589999999, 37.70060099999999], [-122.1528784, 37.70186820000001], [-122.157944, 37.7048712], [-122.1583845, 37.7056463], [-122.15896859999998, 37.7068491], [-122.15652089999999, 37.71167810000001], [-122.1564085, 37.711896599999996], [-122.1518058, 37.7105137], [-122.1478823, 37.70764349999999], [-122.14695160000001, 37.70692840000001], [-122.1464601, 37.7052628], [-122.1465944, 37.70388049999999], [-122.1486425, 37.70064119999999], [-122.14988589999999, 37.70060099999999]]]}}, {"type": "Feature", "properties": {"route": "28", "stop": "Halcyon Dr & Hesperian Blvd", "re_ratio": 0.6181}, "geometry": {"type": "Polygon", "coordinates": [[[-122.1301413, 37.69597679999999], [-122.13921610000001, 37.7017452], [-122.137764, 37.70509650000002], [-122.1320406, 37.70767449999999], [-122.1302883, 37.7079968], [-122.1275042, 37.7071638], [-122.12370510000001, 37.70540749999999], [-122.12351100000001, 37.7007537], [-122.12514220000001, 37.698553], [-122.1266338, 37.69722479999999], [-122.12973530000001, 37.69597619999999], [-122.1301413, 37.69597679999999]]]}}, {"type": "Feature", "properties": {"route": "28", "stop": "Seven Hills Rd & Castro Valley Adult School", "re_ratio": 0.453}, "geometry": {"type": "Polygon", "coordinates": [[[-122.07403520000001, 37.7054663], [-122.07672729999999, 37.7074277], [-122.07966990000001, 37.7101957], [-122.07384439999998, 37.714340699999994], [-122.0668486, 37.7119302], [-122.06365550000001, 37.70980109999999], [-122.0637812, 37.7091247], [-122.0638948, 37.70856689999999], [-122.06425, 37.7071456], [-122.0664138, 37.70599669999999], [-122.0686333, 37.7055197], [-122.07403520000001, 37.7054663]]]}}, {"type": "Feature", "properties": {"route": "28", "stop": "Miramar Av & Dalmatia Pl", "re_ratio": 0.5524}, "geometry": {"type": "Polygon", "coordinates": [[[-122.0995389, 37.69725470000001], [-122.103375, 37.6976798], [-122.1083442, 37.700105499999985], [-122.1090841, 37.7012313], [-122.10848879999999, 37.7032887], [-122.1063554, 37.7082035], [-122.0946561, 37.70497519999999], [-122.09382480000001, 37.7014622], [-122.09706140000002, 37.6984532], [-122.0995389, 37.69725470000001]]]}}, {"type": "Feature", "properties": {"route": "28", "stop": "Center St & Circle Av", "re_ratio": 0.5208}, "geometry": {"type": "Polygon", "coordinates": [[[-122.0626812, 37.69322900000001], [-122.0633286, 37.6932669], [-122.0635681, 37.69344039999999], [-122.069015, 37.69874430000001], [-122.06901520000001, 37.69907539999999], [-122.0690138, 37.6991127], [-122.06706980000001, 37.702519099999996], [-122.0614727, 37.70583320000001], [-122.0581676, 37.70445149999999], [-122.0571956, 37.7032913], [-122.0561313, 37.70154599999999], [-122.055787, 37.698381799999986], [-122.06015839999999, 37.6944083], [-122.06101239999998, 37.6939179], [-122.06220340000002, 37.69335800000001], [-122.0626812, 37.69322900000001]]]}}, {"type": "Feature", "properties": {"route": "28", "stop": "Lake Chabot & Eden Medical Center", "re_ratio": 0.3622}, "geometry": {"type": "Polygon", "coordinates": [[[-122.0899837, 37.69374260000001], [-122.0933806, 37.6966688], [-122.09376870000001, 37.6976545], [-122.0919732, 37.700475499999996], [-122.0892621, 37.7041319], [-122.0875508, 37.70336549999999], [-122.0838548, 37.7016985], [-122.08243760000002, 37.700575099999995], [-122.0824081, 37.7002676], [-122.0822967, 37.6988257], [-122.08317749999999, 37.6965295], [-122.0899837, 37.69374260000001]]]}}, {"type": "Feature", "properties": {"route": "28", "stop": "Monterey Blvd & Arguello Dr", "re_ratio": 0.4332}, "geometry": {"type": "Polygon", "coordinates": [[[-122.1515049, 37.6960212], [-122.1528784, 37.70186820000001], [-122.15353869999998, 37.705271599999996], [-122.15310749999999, 37.70693139999999], [-122.1524346, 37.7068053], [-122.14664100000002, 37.7047456], [-122.1421055, 37.70204139999999], [-122.14203500000002, 37.701878699999995], [-122.14198619999999, 37.7014705], [-122.143203, 37.69621840000001], [-122.1515049, 37.6960212]]]}}, {"type": "Feature", "properties": {"route": "28", "stop": "159th Av & E 14th St", "re_ratio": 0.6121}, "geometry": {"type": "Polygon", "coordinates": [[[-122.1215183, 37.693701299999994], [-122.1289562, 37.6976826], [-122.12836590000002, 37.6995595], [-122.12695710000001, 37.70380740000001], [-122.12590100000001, 37.7042335], [-122.1230837, 37.705358700000005], [-122.12115070000002, 37.7056386], [-122.1171648, 37.704965], [-122.1168916, 37.7048352], [-122.11572200000002, 37.703454699999995], [-122.11513259999998, 37.69903459999999], [-122.11489549999999, 37.69573890000001], [-122.1189468, 37.6940601], [-122.1215183, 37.693701299999994]]]}}, {"type": "Feature", "properties": {"route": "28", "stop": "164th Av & Gordon Way", "re_ratio": 0.5115}, "geometry": {"type": "Polygon", "coordinates": [[[-122.1141919, 37.69310620000001], [-122.1162817, 37.6952936], [-122.1142876, 37.70216919999999], [-122.10995919999999, 37.7035725], [-122.1089771, 37.7037967], [-122.1036067, 37.70254149999999], [-122.1035653, 37.702400299999994], [-122.10327880000001, 37.6956998], [-122.10346810000001, 37.695444800000004], [-122.1061058, 37.694812199999994], [-122.1135501, 37.693211], [-122.1141919, 37.69310620000001]]]}}, {"type": "Feature", "properties": {"route": "28", "stop": "Castro Valley Blvd & San Miguel Av", "re_ratio": 0.5057}, "geometry": {"type": "Polygon", "coordinates": [[[-122.08403989999998, 37.69111230000001], [-122.08923320000001, 37.6929931], [-122.08932080000001, 37.6931187], [-122.0898609, 37.6940601], [-122.08927190000001, 37.6953189], [-122.0849583, 37.700484700000004], [-122.0838548, 37.7016985], [-122.0810815, 37.7017495], [-122.07993729999998, 37.700891199999994], [-122.07622779999998, 37.697464800000006], [-122.0751524, 37.6955444], [-122.075149, 37.6954629], [-122.0771576, 37.693237700000005], [-122.0794427, 37.6911217], [-122.0811687, 37.69110570000001], [-122.0820363, 37.6911012], [-122.0821054, 37.6911012], [-122.08403989999998, 37.69111230000001]]]}}, {"type": "Feature", "properties": {"route": "28", "stop": "Somerset Av & Bernal St", "re_ratio": 0.5781}, "geometry": {"type": "Polygon", "coordinates": [[[-122.09059680000001, 37.69587239999999], [-122.09706140000002, 37.6984532], [-122.09702419999999, 37.702979000000006], [-122.0902252, 37.70710809999999], [-122.08759560000001, 37.70586019999999], [-122.0803357, 37.70176569999999], [-122.0843723, 37.6976297], [-122.09059680000001, 37.69587239999999]]]}}, {"type": "Feature", "properties": {"route": "28", "stop": "Stanton Av & Acorn St", "re_ratio": 0.5753}, "geometry": {"type": "Polygon", "coordinates": [[[-122.09075220000001, 37.6963844], [-122.09896879999998, 37.69766099999999], [-122.1028326, 37.7024867], [-122.1015343, 37.706695], [-122.0945293, 37.70647979999999], [-122.0894442, 37.7046983], [-122.08667399999999, 37.70144520000001], [-122.0886606, 37.69868169999999], [-122.09075220000001, 37.6963844]]]}}, {"type": "Feature", "properties": {"route": "28", "stop": "E 14th St & Ashland Av", "re_ratio": 0.5983}, "geometry": {"type": "Polygon", "coordinates": [[[-122.12041659999998, 37.6928969], [-122.12062990000001, 37.6930442], [-122.1219517, 37.6940239], [-122.12213600000001, 37.69419630000001], [-122.12618380000002, 37.698161899999995], [-122.125963, 37.7034882], [-122.12312429999999, 37.704485600000005], [-122.1197552, 37.7046927], [-122.11704610000001, 37.70395920000001], [-122.113022, 37.69998069999998], [-122.11275479999999, 37.6954488], [-122.11277729999999, 37.69417369999999], [-122.1141807, 37.693846], [-122.1177686, 37.693145099999995], [-122.1187015, 37.693033400000004], [-122.12041659999998, 37.6928969]]]}}, {"type": "Feature", "properties": {"route": "28", "stop": "Redwood Rd & Hyer Av", "re_ratio": 0.5681}, "geometry": {"type": "Polygon", "coordinates": [[[-122.07395680000002, 37.698543699999995], [-122.0755291, 37.699532899999994], [-122.0795617, 37.702489], [-122.080538, 37.7078157], [-122.07735499999998, 37.7101717], [-122.07393100000002, 37.712271199999996], [-122.0720014, 37.7108763], [-122.0713823, 37.710384799999986], [-122.0668275, 37.70610459999999], [-122.0667373, 37.7043743], [-122.0681605, 37.7030998], [-122.07118160000002, 37.700587899999995], [-122.07195840000001, 37.69996199999999], [-122.07395680000002, 37.698543699999995]]]}}, {"type": "Feature", "properties": {"route": "28", "stop": "Floresta Blvd & Fremont Av", "re_ratio": 0.4893}, "geometry": {"type": "Polygon", "coordinates": [[[-122.1456491, 37.696778699999996], [-122.1487193, 37.698581100000006], [-122.1504554, 37.7000956], [-122.15083570000002, 37.7021174], [-122.14957410000001, 37.70377299999999], [-122.1488965, 37.704601499999995], [-122.1443874, 37.7067088], [-122.14382380000002, 37.7064339], [-122.13573529999998, 37.701922899999985], [-122.13573510000002, 37.701638799999984], [-122.13573510000002, 37.7016358], [-122.1358364, 37.70131279999999], [-122.1373684, 37.6988431], [-122.13938800000001, 37.69705729999999], [-122.1456491, 37.696778699999996]]]}}, {"type": "Feature", "properties": {"route": "28", "stop": "Floresta Blvd & Monterey Blvd", "re_ratio": 0.5909}, "geometry": {"type": "Polygon", "coordinates": [[[-122.1519693, 37.694012300000004], [-122.1535859, 37.69528869999999], [-122.153395, 37.6973252], [-122.1528784, 37.70186820000001], [-122.1523747, 37.703960800000004], [-122.1518349, 37.705028500000004], [-122.15151139999999, 37.70501850000001], [-122.14664100000002, 37.7047456], [-122.14576620000001, 37.7045903], [-122.1432153, 37.70386249999999], [-122.14189880000002, 37.7030641], [-122.1405331, 37.7017528], [-122.1402656, 37.70105240000001], [-122.1406495, 37.6962863], [-122.14148789999999, 37.69556539999999], [-122.14242840000001, 37.6948921], [-122.1519693, 37.694012300000004]]]}}, {"type": "Feature", "properties": {"route": "28", "stop": "164th Av & E 14th St", "re_ratio": 0.5894}, "geometry": {"type": "Polygon", "coordinates": [[[-122.11518710000001, 37.68950110000001], [-122.11893350000001, 37.69189359999999], [-122.1202877, 37.69317220000001], [-122.1200917, 37.6991537], [-122.1200305, 37.69920900000001], [-122.1081336, 37.7006187], [-122.10795660000001, 37.700213399999996], [-122.1074683, 37.69686049999999], [-122.1072885, 37.6918387], [-122.10741640000002, 37.690468], [-122.1074847, 37.690392299999985], [-122.1142494, 37.689495699999995], [-122.11518710000001, 37.68950110000001]]]}}, {"type": "Feature", "properties": {"route": "28", "stop": "Castro Valley Blvd & Lake Chabot Rd", "re_ratio": 0.4268}, "geometry": {"type": "Polygon", "coordinates": [[[-122.0821054, 37.6911012], [-122.0891685, 37.691307699999996], [-122.0907252, 37.691430499999996], [-122.09145190000001, 37.6915706], [-122.0915432, 37.6918032], [-122.0926944, 37.69495729999999], [-122.0910416, 37.6973937], [-122.08358190000001, 37.699606799999984], [-122.08098010000002, 37.698203299999996], [-122.079818, 37.69722809999999], [-122.0787598, 37.695606999999995], [-122.07936080000002, 37.6943372], [-122.0807051, 37.69174619999999], [-122.0820363, 37.6911012], [-122.0821054, 37.6911012]]]}}, {"type": "Feature", "properties": {"route": "28", "stop": "Marina Blvd & San Leandro", "re_ratio": 0.5658}, "geometry": {"type": "Polygon", "coordinates": [[[-122.1557082, 37.7108533], [-122.1561439, 37.710908999999994], [-122.15846629999999, 37.7112187], [-122.1607026, 37.7118918], [-122.16200190000002, 37.7124538], [-122.160757, 37.71749450000001], [-122.15955860000001, 37.72003089999999], [-122.1591624, 37.720803199999985], [-122.1566888, 37.7213283], [-122.1522108, 37.72031839999999], [-122.1480241, 37.71918910000001], [-122.14742440000002, 37.71361110000001], [-122.14755640000001, 37.7134173], [-122.14816120000002, 37.7127866], [-122.14842050000001, 37.71266279999999], [-122.1557082, 37.7108533]]]}}, {"type": "Feature", "properties": {"route": "28", "stop": "Redwood Rd & Castro Valley Blvd", "re_ratio": 0.5412}, "geometry": {"type": "Polygon", "coordinates": [[[-122.0736059, 37.687946700000005], [-122.0794427, 37.6911217], [-122.0811087, 37.695504299999996], [-122.07910980000001, 37.697787399999996], [-122.0784529, 37.69848629999999], [-122.0740794, 37.7015119], [-122.06683070000001, 37.693967199999996], [-122.0669804, 37.6934846], [-122.06740520000001, 37.6930242], [-122.07306790000001, 37.688217699999996], [-122.0736059, 37.687946700000005]]]}}, {"type": "Feature", "properties": {"route": "28", "stop": "Redwood Rd & Seven Hills Rd", "re_ratio": 0.6016}, "geometry": {"type": "Polygon", "coordinates": [[[-122.07397210000002, 37.7020589], [-122.0740773, 37.70206069999998], [-122.07461050000002, 37.702342900000005], [-122.07609810000001, 37.70340560000001], [-122.080538, 37.7078157], [-122.08163410000002, 37.7098805], [-122.0815234, 37.71037820000001], [-122.0782899, 37.7145218], [-122.07377230000002, 37.716108299999995], [-122.0736534, 37.7160886], [-122.0709528, 37.7138514], [-122.0701131, 37.713123100000004], [-122.068141, 37.71049820000001], [-122.0671747, 37.708755], [-122.06845029999998, 37.7065462], [-122.071816, 37.7035824], [-122.07397210000002, 37.7020589]]]}}, {"type": "Feature", "properties": {"route": "28", "stop": "Castro Valley Blvd & Anita Av", "re_ratio": 0.4757}, "geometry": {"type": "Polygon", "coordinates": [[[-122.08403989999998, 37.69111230000001], [-122.08506619999999, 37.691127699999996], [-122.0883975, 37.6923486], [-122.0887569, 37.69253179999999], [-122.08923320000001, 37.6929931], [-122.0899837, 37.69374260000001], [-122.0901148, 37.6942344], [-122.08927190000001, 37.6953189], [-122.0840605, 37.7016938], [-122.0838548, 37.7016985], [-122.0836817, 37.701702000000004], [-122.08106240000001, 37.7010821], [-122.0800208, 37.70007770000001], [-122.07643269999998, 37.696604400000005], [-122.0761987, 37.6961705], [-122.0761222, 37.6954571], [-122.0767763, 37.69434179999999], [-122.077178, 37.69383979999999], [-122.0794427, 37.6911217], [-122.0811687, 37.69110570000001], [-122.0820363, 37.6911012], [-122.0821054, 37.6911012], [-122.08403989999998, 37.69111230000001]]]}}, {"type": "Feature", "properties": {"route": "28", "stop": "Alvarado St & Teagarden St", "re_ratio": 0.4523}, "geometry": {"type": "Polygon", "coordinates": [[[-122.1504554, 37.7000956], [-122.157944, 37.7048712], [-122.159512, 37.70656129999999], [-122.15920660000002, 37.7072032], [-122.15659769999999, 37.711813899999996], [-122.15647500000001, 37.71198439999999], [-122.15638, 37.7120197], [-122.1518058, 37.7105137], [-122.1478823, 37.70764349999999], [-122.14695160000001, 37.70692840000001], [-122.1464601, 37.7052628], [-122.1465944, 37.70388049999999], [-122.1486425, 37.70064119999999], [-122.1504554, 37.7000956]]]}}, {"type": "Feature", "properties": {"route": "28", "stop": "E 14th St & 163rd Av", "re_ratio": 0.5418}, "geometry": {"type": "Polygon", "coordinates": [[[-122.11296699999998, 37.69127790000001], [-122.1156153, 37.69131049999999], [-122.121399, 37.69429389999999], [-122.12244370000002, 37.70102730000001], [-122.1216684, 37.70106940000001], [-122.11539259999999, 37.701388800000004], [-122.1150756, 37.7013665], [-122.1127454, 37.70112149999999], [-122.1102551, 37.700281], [-122.1096275, 37.6997925], [-122.1093934, 37.69823459999999], [-122.1091834, 37.69256250000001], [-122.10918510000002, 37.69212149999999], [-122.11026409999998, 37.6916724], [-122.11296699999998, 37.69127790000001]]]}}, {"type": "Feature", "properties": {"route": "28", "stop": "Marina Blvd & Railroad Crossing", "re_ratio": 0.5158}, "geometry": {"type": "Polygon", "coordinates": [[[-122.1543473, 37.708795900000005], [-122.15507810000001, 37.708937], [-122.162535, 37.71088109999999], [-122.1634589, 37.7111648], [-122.1639601, 37.7113621], [-122.16419930000002, 37.7118359], [-122.1635322, 37.7136038], [-122.16239380000002, 37.71641339999999], [-122.16130480000001, 37.71837180000001], [-122.1608216, 37.718602700000005], [-122.16074199999998, 37.7186356], [-122.1600561, 37.71873889999999], [-122.1571652, 37.7187468], [-122.15214299999998, 37.71859539999999], [-122.15083939999998, 37.7180145], [-122.14952699999999, 37.71434260000001], [-122.1543473, 37.708795900000005]]]}}, {"type": "Feature", "properties": {"route": "28", "stop": "164th Av & Helo Dr", "re_ratio": 0.4943}, "geometry": {"type": "Polygon", "coordinates": [[[-122.1142194, 37.691297599999984], [-122.11580990000002, 37.69256529999999], [-122.1163855, 37.69438970000001], [-122.1172134, 37.6972283], [-122.1137067, 37.70176209999999], [-122.11363329999999, 37.7018291], [-122.1105167, 37.7023529], [-122.1095606, 37.70250500000001], [-122.1080902, 37.702557799999994], [-122.1054509, 37.701727600000005], [-122.105207, 37.6954593], [-122.1098135, 37.692085], [-122.1142194, 37.691297599999984]]]}}, {"type": "Feature", "properties": {"route": "28", "stop": "Coelho Dr & Mooney Av", "re_ratio": 0.5535}, "geometry": {"type": "Polygon", "coordinates": [[[-122.12041659999998, 37.6928969], [-122.12571829999999, 37.6940657], [-122.1301404, 37.69511119999999], [-122.1311501, 37.695778600000004], [-122.13213349999998, 37.696687399999995], [-122.1322005, 37.69706089999999], [-122.13135240000001, 37.70065299999999], [-122.12978000000001, 37.7017196], [-122.12666600000001, 37.7037478], [-122.1261303, 37.7037784], [-122.12546380000002, 37.7037172], [-122.12315060000002, 37.70349269999999], [-122.11871269999999, 37.70203480000001], [-122.11848329999998, 37.7014476], [-122.11819700000001, 37.7005728], [-122.1178713, 37.69782519999998], [-122.12041659999998, 37.6928969]]]}}, {"type": "Feature", "properties": {"route": "28", "stop": "Hesperian Blvd & Halcyon Dr", "re_ratio": 0.5434}, "geometry": {"type": "Polygon", "coordinates": [[[-122.1301413, 37.69597679999999], [-122.137862, 37.701306], [-122.1379853, 37.70165399999999], [-122.1381061, 37.7021987], [-122.13651440000001, 37.70422610000001], [-122.1314227, 37.707244599999996], [-122.13008399999998, 37.707282500000005], [-122.1276253, 37.70706959999999], [-122.12423490000002, 37.70506579999999], [-122.1240913, 37.70496909999999], [-122.1235772, 37.7019278], [-122.12351100000001, 37.7007537], [-122.1254142, 37.6981468], [-122.12629760000002, 37.697202000000004], [-122.1264246, 37.69708119999999], [-122.129102, 37.696064699999994], [-122.12973530000001, 37.69597619999999], [-122.1301413, 37.69597679999999]]]}}, {"type": "Feature", "properties": {"route": "28", "stop": "Bay Fair BART Station", "re_ratio": 0.5193}, "geometry": {"type": "Polygon", "coordinates": [[[-122.1257107, 37.6926524], [-122.1297271, 37.693958699999996], [-122.1301356, 37.69422920000001], [-122.1334959, 37.6968549], [-122.13135240000001, 37.70065299999999], [-122.12978000000001, 37.7017196], [-122.12860860000002, 37.701848899999995], [-122.12578370000001, 37.702099000000004], [-122.1244631, 37.70203519999999], [-122.1236399, 37.701974000000014], [-122.120612, 37.700473], [-122.1204433, 37.7003629], [-122.1181578, 37.693989699999996], [-122.11855090000002, 37.69314200000001], [-122.1187015, 37.693033400000004], [-122.12041659999998, 37.6928969], [-122.1257107, 37.6926524]]]}}, {"type": "Feature", "properties": {"route": "28", "stop": "Center St & P And R Lot", "re_ratio": 0.4761}, "geometry": {"type": "Polygon", "coordinates": [[[-122.06352599999998, 37.6846892], [-122.063605, 37.6847006], [-122.06828930000002, 37.6868984], [-122.06860739999999, 37.693475899999996], [-122.06846639999999, 37.6937345], [-122.0683144, 37.693889799999994], [-122.06381540000001, 37.69684399999999], [-122.061641, 37.6980489], [-122.05680920000002, 37.694317699999985], [-122.05682909999999, 37.694117899999995], [-122.05753380000002, 37.6929392], [-122.06258860000001, 37.6853212], [-122.06352599999998, 37.6846892]]]}}, {"type": "Feature", "properties": {"route": "28", "stop": "Miramar Av & Stanton Av", "re_ratio": 0.417}, "geometry": {"type": "Polygon", "coordinates": [[[-122.09706140000002, 37.6984532], [-122.09854020000002, 37.69865299999999], [-122.1054509, 37.701727600000005], [-122.10565440000002, 37.704452], [-122.10225999999999, 37.70770850000002], [-122.1017623, 37.7079364], [-122.0946561, 37.70497519999999], [-122.09271130000002, 37.7030761], [-122.0911331, 37.7006365], [-122.09125050000002, 37.70003659999999], [-122.09706140000002, 37.6984532]]]}}, {"type": "Feature", "properties": {"route": "28", "stop": "Heyer Av & Center St", "re_ratio": 0.5537}, "geometry": {"type": "Polygon", "coordinates": [[[-122.061641, 37.6980489], [-122.06719769999998, 37.70167570000001], [-122.0687515, 37.702789700000004], [-122.070756, 37.7046154], [-122.06985439999998, 37.7052394], [-122.0638948, 37.70856689999999], [-122.0612132, 37.70985989999999], [-122.0601593, 37.7092009], [-122.05627760000002, 37.7065451], [-122.0545225, 37.705203], [-122.05416810000001, 37.7038427], [-122.0538286, 37.7024257], [-122.05662890000002, 37.7005489], [-122.06014940000001, 37.698508], [-122.061641, 37.6980489]]]}}, {"type": "Feature", "properties": {"route": "28", "stop": "San Leandro Blvd & Marina Blvd", "re_ratio": 0.5814}, "geometry": {"type": "Polygon", "coordinates": [[[-122.1576396, 37.711526899999996], [-122.1614589, 37.712576299999995], [-122.16167589999999, 37.7157548], [-122.1617006, 37.7168433], [-122.16000480000001, 37.72067379999999], [-122.1597613, 37.7211237], [-122.15961830000002, 37.7213137], [-122.1595135, 37.72135559999999], [-122.1584576, 37.72165569999999], [-122.1553816, 37.7212466], [-122.15427750000002, 37.721069699999994], [-122.1483725, 37.7194495], [-122.1480241, 37.71918910000001], [-122.14672030000001, 37.713369699999994], [-122.14696750000002, 37.71316259999998], [-122.14842050000001, 37.71266279999999], [-122.156169, 37.7115413], [-122.1576396, 37.711526899999996]]]}}, {"type": "Feature", "properties": {"route": "28", "stop": "Stanton Av & Carlton Av", "re_ratio": 0.6109}, "geometry": {"type": "Polygon", "coordinates": [[[-122.0904638, 37.6954203], [-122.09672090000001, 37.6978305], [-122.0977522, 37.698909400000005], [-122.10110580000001, 37.70284370000001], [-122.10117800000002, 37.7030025], [-122.10013610000001, 37.705429499999994], [-122.09566789999998, 37.7075353], [-122.08985940000001, 37.7059786], [-122.08904800000002, 37.705757399999996], [-122.0863883, 37.7046209], [-122.08501870000002, 37.70167500000001], [-122.08535, 37.7010514], [-122.0878041, 37.6977826], [-122.0900113, 37.6954934], [-122.0904638, 37.6954203]]]}}, {"type": "Feature", "properties": {"route": "28", "stop": "Center St & Heyer Av", "re_ratio": 0.5743}, "geometry": {"type": "Polygon", "coordinates": [[[-122.0618074, 37.69654469999998], [-122.06189700000002, 37.6965544], [-122.0634912, 37.697824499999996], [-122.0676351, 37.702583], [-122.0685424, 37.7039783], [-122.0684596, 37.70450299999999], [-122.06817200000002, 37.705016099999995], [-122.0668275, 37.70610459999999], [-122.0612132, 37.70985989999999], [-122.0601593, 37.7092009], [-122.054603, 37.7055604], [-122.0534494, 37.7024798], [-122.053508, 37.702289300000004], [-122.05355570000002, 37.702244699999994], [-122.0564566, 37.6996021], [-122.0618074, 37.69654469999998]]]}}, {"type": "Feature", "properties": {"route": "28", "stop": "Seven Hills Rd & Brickell Way", "re_ratio": 0.5124}, "geometry": {"type": "Polygon", "coordinates": [[[-122.0650118, 37.704234899999996], [-122.07224699999999, 37.70467799999999], [-122.0740309, 37.7059976], [-122.077384, 37.70997369999999], [-122.07393100000002, 37.712271199999996], [-122.07125399999998, 37.713860100000005], [-122.0646524, 37.712390899999995], [-122.0634558, 37.7115942], [-122.0614725, 37.708327], [-122.06127310000001, 37.7074418], [-122.0650118, 37.704234899999996]]]}}, {"type": "Feature", "properties": {"route": "28", "stop": "Heyer Av & Madison Av", "re_ratio": 0.5844}, "geometry": {"type": "Polygon", "coordinates": [[[-122.0676484, 37.69912399999999], [-122.0691842, 37.7002511], [-122.0697734, 37.7007888], [-122.0739884, 37.70474779999999], [-122.0686606, 37.70882259999999], [-122.06346470000001, 37.71077700000001], [-122.0576795, 37.70503329999999], [-122.05675940000002, 37.703811], [-122.0567544, 37.7037376], [-122.0570926, 37.7029925], [-122.06129070000001, 37.70012029999999], [-122.0676484, 37.69912399999999]]]}}, {"type": "Feature", "properties": {"route": "28", "stop": "Coelho Dr & Mooney Av", "re_ratio": 0.5674}, "geometry": {"type": "Polygon", "coordinates": [[[-122.12062990000001, 37.6930442], [-122.12571829999999, 37.6940657], [-122.1301404, 37.69511119999999], [-122.1311501, 37.695778600000004], [-122.13213349999998, 37.696687399999995], [-122.1322005, 37.69706089999999], [-122.13135240000001, 37.70065299999999], [-122.12978000000001, 37.7017196], [-122.12666600000001, 37.7037478], [-122.12312429999999, 37.704485600000005], [-122.11871269999999, 37.70203480000001], [-122.11848329999998, 37.7014476], [-122.11819700000001, 37.7005728], [-122.1178713, 37.69782519999998], [-122.12062990000001, 37.6930442]]]}}, {"type": "Feature", "properties": {"route": "28", "stop": "San Leandro Blvd & Castro St", "re_ratio": 0.6215}, "geometry": {"type": "Polygon", "coordinates": [[[-122.15814070000002, 37.712718499999994], [-122.1648521, 37.71452680000001], [-122.16460179999999, 37.715630999999995], [-122.1625534, 37.720820200000006], [-122.1610591, 37.7235685], [-122.15964360000001, 37.7234462], [-122.156838, 37.72288919999999], [-122.154727, 37.722404899999994], [-122.1507035, 37.72148030000001], [-122.1491654, 37.720039899999996], [-122.1500459, 37.71412279999999], [-122.15076309999999, 37.7138171], [-122.15274269999999, 37.7131612], [-122.15694540000001, 37.71272139999999], [-122.15814070000002, 37.712718499999994]]]}}, {"type": "Feature", "properties": {"route": "28", "stop": "Center St & Circle Av", "re_ratio": 0.5208}, "geometry": {"type": "Polygon", "coordinates": [[[-122.0626812, 37.69322900000001], [-122.0633286, 37.6932669], [-122.0635681, 37.69344039999999], [-122.069015, 37.69874430000001], [-122.06901520000001, 37.69907539999999], [-122.0690138, 37.6991127], [-122.06706980000001, 37.702519099999996], [-122.0614727, 37.70583320000001], [-122.0581676, 37.70445149999999], [-122.0571956, 37.7032913], [-122.0561313, 37.70154599999999], [-122.055787, 37.698381799999986], [-122.06015839999999, 37.6944083], [-122.06101239999998, 37.6939179], [-122.06220340000002, 37.69335800000001], [-122.0626812, 37.69322900000001]]]}}, {"type": "Feature", "properties": {"route": "28", "stop": "Bay Fair BART", "re_ratio": 0.5375}, "geometry": {"type": "Polygon", "coordinates": [[[-122.11893350000001, 37.69189359999999], [-122.1257107, 37.6926524], [-122.1297271, 37.693958699999996], [-122.1301356, 37.69422920000001], [-122.1334959, 37.6968549], [-122.13135240000001, 37.70065299999999], [-122.12978000000001, 37.7017196], [-122.12860860000002, 37.701848899999995], [-122.126921, 37.7019694], [-122.1258897, 37.7019853], [-122.1236399, 37.701974000000014], [-122.1204433, 37.7003629], [-122.1181578, 37.693989699999996], [-122.11885430000001, 37.69192159999999], [-122.11893350000001, 37.69189359999999]]]}}, {"type": "Feature", "properties": {"route": "28", "stop": "San Leandro Blvd & Williams St", "re_ratio": 0.5839}, "geometry": {"type": "Polygon", "coordinates": [[[-122.1578278, 37.7140399], [-122.1580778, 37.714072599999994], [-122.1595801, 37.714281], [-122.1646358, 37.71561689999999], [-122.16333749999998, 37.722656], [-122.16237770000001, 37.72457589999999], [-122.1622417, 37.72474909999999], [-122.1621648, 37.7247803], [-122.16207680000001, 37.7248143], [-122.15965529999998, 37.72462409999999], [-122.1589371, 37.724522099999994], [-122.15434030000002, 37.723349799999994], [-122.15280150000001, 37.722748499999994], [-122.1514788, 37.72218819999999], [-122.1502607, 37.7214224], [-122.1511485, 37.7170789], [-122.15121199999999, 37.7168363], [-122.15184860000001, 37.714646200000004], [-122.151898, 37.7145872], [-122.1578278, 37.7140399]]]}}, {"type": "Feature", "properties": {"route": "28", "stop": "Center St & David St", "re_ratio": 0.5183}, "geometry": {"type": "Polygon", "coordinates": [[[-122.0624247, 37.68899579999999], [-122.06261329999998, 37.68901730000001], [-122.06349530000001, 37.68934419999999], [-122.06754440000002, 37.691660600000006], [-122.0679404, 37.69355500000001], [-122.0678886, 37.69662300000001], [-122.066245, 37.6991155], [-122.0628247, 37.701521], [-122.0608437, 37.7027328], [-122.058935, 37.70075829999999], [-122.05793619999999, 37.69910029999999], [-122.05559360000001, 37.6945723], [-122.0624247, 37.68899579999999]]]}}, {"type": "Feature", "properties": {"route": "28", "stop": "Lake Chabot Rd & Castro Valley Blvd", "re_ratio": 0.4085}, "geometry": {"type": "Polygon", "coordinates": [[[-122.0872989, 37.69117769999999], [-122.0891685, 37.691307699999996], [-122.0907252, 37.691430499999996], [-122.09145190000001, 37.6915706], [-122.0915432, 37.6918032], [-122.0929989, 37.6955623], [-122.09185180000001, 37.696956599999986], [-122.0911479, 37.69775190000001], [-122.0835231, 37.6991466], [-122.0825866, 37.6988498], [-122.0809726, 37.697941799999995], [-122.079818, 37.69722809999999], [-122.07927120000001, 37.6949433], [-122.08072129999998, 37.692510199999994], [-122.08292639999999, 37.6915468], [-122.0872989, 37.69117769999999]]]}}, {"type": "Feature", "properties": {"route": "28", "stop": "Castro Valley Blvd & San Miguel Av", "re_ratio": 0.4542}, "geometry": {"type": "Polygon", "coordinates": [[[-122.08403989999998, 37.69111230000001], [-122.08506619999999, 37.691127699999996], [-122.0883975, 37.6923486], [-122.0887569, 37.69253179999999], [-122.08923320000001, 37.6929931], [-122.08932080000001, 37.6931187], [-122.0897163, 37.694088300000004], [-122.08817979999999, 37.695988099999994], [-122.0850303, 37.6997589], [-122.0837213, 37.700631], [-122.0810651, 37.7011751], [-122.0800231, 37.70049060000001], [-122.0757232, 37.6961889], [-122.0761124, 37.6953516], [-122.0767763, 37.69434179999999], [-122.077178, 37.69383979999999], [-122.0794427, 37.6911217], [-122.0811687, 37.69110570000001], [-122.0820363, 37.6911012], [-122.0821054, 37.6911012], [-122.08403989999998, 37.69111230000001]]]}}, {"type": "Feature", "properties": {"route": "28", "stop": "164th Av & Gordon Way", "re_ratio": 0.5115}, "geometry": {"type": "Polygon", "coordinates": [[[-122.1141919, 37.69310620000001], [-122.1162817, 37.6952936], [-122.1142876, 37.70216919999999], [-122.10995919999999, 37.7035725], [-122.1089771, 37.7037967], [-122.1036067, 37.70254149999999], [-122.1035653, 37.702400299999994], [-122.10327880000001, 37.6956998], [-122.10346810000001, 37.695444800000004], [-122.1061058, 37.694812199999994], [-122.1135501, 37.693211], [-122.1141919, 37.69310620000001]]]}}, {"type": "Feature", "properties": {"route": "28", "stop": "Marina Blvd & Alvarado St", "re_ratio": 0.5684}, "geometry": {"type": "Polygon", "coordinates": [[[-122.15425959999999, 37.708664899999995], [-122.1549734, 37.7087768], [-122.15910710000001, 37.7096633], [-122.1631078, 37.710644499999994], [-122.1639955, 37.7109435], [-122.164853, 37.7117312], [-122.16282620000001, 37.71751729999999], [-122.16148080000002, 37.71960069999999], [-122.1613953, 37.7196332], [-122.15831, 37.7195345], [-122.1525071, 37.7184429], [-122.15083939999998, 37.7180145], [-122.15047630000001, 37.71665240000001], [-122.15054329999998, 37.713911599999996], [-122.1539933, 37.7087699], [-122.15425959999999, 37.708664899999995]]]}}, {"type": "Feature", "properties": {"route": "28", "stop": "Castro Valley Blvd & Santa Maria Av", "re_ratio": 0.4756}, "geometry": {"type": "Polygon", "coordinates": [[[-122.0757074, 37.6907318], [-122.0785792, 37.691130099999995], [-122.0807094, 37.6919501], [-122.08206970000002, 37.6927443], [-122.0847903, 37.6946897], [-122.0841656, 37.696719699999996], [-122.08392339999999, 37.69706269999999], [-122.08332489999998, 37.697664100000004], [-122.0810238, 37.6997297], [-122.07854060000001, 37.701800399999996], [-122.07398389999999, 37.6995934], [-122.07239560000001, 37.698013700000004], [-122.0709855, 37.695146199999996], [-122.07093139999999, 37.69479010000001], [-122.0710389, 37.69441580000001], [-122.07403009999999, 37.691715499999994], [-122.0743746, 37.69142770000001], [-122.0757074, 37.6907318]]]}}, {"type": "Feature", "properties": {"route": "28", "stop": "Castro Valley BART", "re_ratio": 0.4821}, "geometry": {"type": "Polygon", "coordinates": [[[-122.0736516, 37.6853322], [-122.0821054, 37.6911012], [-122.081202, 37.69275789999999], [-122.07899840000002, 37.695522], [-122.0777949, 37.6964802], [-122.07407900000001, 37.697804], [-122.0740008, 37.69780380000001], [-122.07179150000002, 37.6964031], [-122.068193, 37.693641199999995], [-122.06822070000001, 37.6935889], [-122.0707251, 37.68897939999999], [-122.0736516, 37.6853322]]]}}, {"type": "Feature", "properties": {"route": "28", "stop": "San Leandro Blvd & Thornton St", "re_ratio": 0.6174}, "geometry": {"type": "Polygon", "coordinates": [[[-122.1578278, 37.7140399], [-122.1580778, 37.714072599999994], [-122.1596398, 37.7143823], [-122.1646358, 37.71561689999999], [-122.16373070000002, 37.72275859999999], [-122.16366000000001, 37.7231759], [-122.16256999999999, 37.72558109999999], [-122.160511, 37.7252742], [-122.15250180000001, 37.723397899999995], [-122.1507035, 37.72148030000001], [-122.1505614, 37.7210764], [-122.15184860000001, 37.714646200000004], [-122.151898, 37.7145872], [-122.1578278, 37.7140399]]]}}, {"type": "Feature", "properties": {"route": "28", "stop": "Halcyon Dr & Washington Av (Floresta Blvd)", "re_ratio": 0.2133}, "geometry": {"type": "Polygon", "coordinates": [[[-122.139236, 37.699032100000004], [-122.1393555, 37.69903390000001], [-122.1441438, 37.7010257], [-122.14379440000002, 37.7022162], [-122.142734, 37.7042157], [-122.14262010000002, 37.704268], [-122.1371496, 37.703737199999985], [-122.13144810000001, 37.7020337], [-122.13153, 37.7018317], [-122.13367400000001, 37.69987050000001], [-122.139236, 37.699032100000004]]]}}, {"type": "Feature", "properties": {"route": "28", "stop": "Seven Hills Rd & Brickell Way", "re_ratio": 0.5124}, "geometry": {"type": "Polygon", "coordinates": [[[-122.0650118, 37.704234899999996], [-122.07224699999999, 37.70467799999999], [-122.0740309, 37.7059976], [-122.077384, 37.70997369999999], [-122.07393100000002, 37.712271199999996], [-122.07125399999998, 37.713860100000005], [-122.0646524, 37.712390899999995], [-122.0634558, 37.7115942], [-122.0614725, 37.708327], [-122.06127310000001, 37.7074418], [-122.0650118, 37.704234899999996]]]}}, {"type": "Feature", "properties": {"route": "28", "stop": "Stanton Av & Carlton Av", "re_ratio": 0.6109}, "geometry": {"type": "Polygon", "coordinates": [[[-122.0904638, 37.6954203], [-122.09672090000001, 37.6978305], [-122.0977522, 37.698909400000005], [-122.10110580000001, 37.70284370000001], [-122.10117800000002, 37.7030025], [-122.10013610000001, 37.705429499999994], [-122.09566789999998, 37.7075353], [-122.08985940000001, 37.7059786], [-122.08904800000002, 37.705757399999996], [-122.0863883, 37.7046209], [-122.08501870000002, 37.70167500000001], [-122.08535, 37.7010514], [-122.0878041, 37.6977826], [-122.0900113, 37.6954934], [-122.0904638, 37.6954203]]]}}, {"type": "Feature", "properties": {"route": "28", "stop": "Seven Hills Rd & Madison Av", "re_ratio": 0.5829}, "geometry": {"type": "Polygon", "coordinates": [[[-122.06697589999999, 37.7031382], [-122.070985, 37.70664469999999], [-122.0721818, 37.707729699999994], [-122.072029, 37.7089842], [-122.06707399999999, 37.713706699999996], [-122.06356339999999, 37.71504620000001], [-122.0598613, 37.712900799999986], [-122.0579797, 37.7088859], [-122.0573299, 37.70640370000001], [-122.0590403, 37.7045453], [-122.0606815, 37.7037261], [-122.06340410000001, 37.7032705], [-122.06697589999999, 37.7031382]]]}}, {"type": "Feature", "properties": {"route": "28", "stop": "Halcyon Dr & Oleander St", "re_ratio": 0.3631}, "geometry": {"type": "Polygon", "coordinates": [[[-122.139236, 37.699032100000004], [-122.1393555, 37.69903390000001], [-122.1436295, 37.70128689999999], [-122.1437241, 37.701426600000005], [-122.14362310000001, 37.70228480000001], [-122.14262010000002, 37.704268], [-122.1326786, 37.70447549999999], [-122.12976650000002, 37.7040557], [-122.12854510000001, 37.703367799999995], [-122.12780020000001, 37.7027108], [-122.12711700000001, 37.7017605], [-122.12719370000002, 37.7016624], [-122.12751720000001, 37.7013121], [-122.12763340000001, 37.701198899999994], [-122.1287678, 37.70015209999999], [-122.1301164, 37.6990686], [-122.139236, 37.699032100000004]]]}}, {"type": "Feature", "properties": {"route": "28", "stop": "Monterey Blvd & Arguello Dr", "re_ratio": 0.4332}, "geometry": {"type": "Polygon", "coordinates": [[[-122.1515049, 37.6960212], [-122.1528784, 37.70186820000001], [-122.15353869999998, 37.705271599999996], [-122.15310749999999, 37.70693139999999], [-122.1524346, 37.7068053], [-122.14664100000002, 37.7047456], [-122.1421055, 37.70204139999999], [-122.14203500000002, 37.701878699999995], [-122.14198619999999, 37.7014705], [-122.143203, 37.69621840000001], [-122.1515049, 37.6960212]]]}}, {"type": "Feature", "properties": {"route": "28", "stop": "Madison Av & Vannoy Av", "re_ratio": 0.5612}, "geometry": {"type": "Polygon", "coordinates": [[[-122.06719769999998, 37.70167570000001], [-122.0686912, 37.703157600000004], [-122.0699073, 37.704582599999995], [-122.07118889999998, 37.706651099999995], [-122.07102560000001, 37.70893600000001], [-122.068382, 37.71122859999999], [-122.06577309999999, 37.712524200000004], [-122.0636193, 37.7135335], [-122.06258959999998, 37.71321850000001], [-122.06087459999999, 37.711865999999986], [-122.0591748, 37.7102312], [-122.0573299, 37.70640370000001], [-122.05765580000002, 37.70446199999999], [-122.05971830000001, 37.7030495], [-122.06090450000002, 37.70238319999999], [-122.06719769999998, 37.70167570000001]]]}}, {"type": "Feature", "properties": {"route": "28", "stop": "Redwood Rd & Jamison Way", "re_ratio": 0.5438}, "geometry": {"type": "Polygon", "coordinates": [[[-122.07406330000002, 37.6913868], [-122.0743746, 37.69142770000001], [-122.07716409999999, 37.69338690000001], [-122.07808790000001, 37.69407429999999], [-122.07942659999999, 37.6951543], [-122.07983409999999, 37.6955988], [-122.07961139999999, 37.7002895], [-122.07943760000002, 37.700968499999995], [-122.07655240000001, 37.703196999999996], [-122.0761016, 37.7035441], [-122.0743014, 37.7047522], [-122.0739884, 37.70474779999999], [-122.073437, 37.7047294], [-122.06900529999999, 37.7012991], [-122.06840550000001, 37.6939953], [-122.06844069999998, 37.693932799999985], [-122.0684785, 37.6938671], [-122.07291600000002, 37.69164299999999], [-122.07406330000002, 37.6913868]]]}}, {"type": "Feature", "properties": {"route": "28", "stop": "Castro Valley Blvd & Lake Chabot Rd", "re_ratio": 0.4389}, "geometry": {"type": "Polygon", "coordinates": [[[-122.0821054, 37.6911012], [-122.0891685, 37.691307699999996], [-122.0907252, 37.691430499999996], [-122.09145190000001, 37.6915706], [-122.0915432, 37.6918032], [-122.0926944, 37.69495729999999], [-122.0910416, 37.6973937], [-122.08362999999999, 37.69998919999998], [-122.0809858, 37.698402499999986], [-122.07976209999998, 37.6974744], [-122.0787598, 37.695606999999995], [-122.07936080000002, 37.6943372], [-122.0803156, 37.692512699999995], [-122.0807094, 37.6919501], [-122.0820363, 37.6911012], [-122.0821054, 37.6911012]]]}}, {"type": "Feature", "properties": {"route": "28", "stop": "Center St & David St", "re_ratio": 0.5175}, "geometry": {"type": "Polygon", "coordinates": [[[-122.0624247, 37.68899579999999], [-122.06261329999998, 37.68901730000001], [-122.06349530000001, 37.68934419999999], [-122.06754440000002, 37.691660600000006], [-122.0683144, 37.693889799999994], [-122.0678886, 37.69662300000001], [-122.066245, 37.6991155], [-122.06366720000001, 37.7011386], [-122.0608437, 37.7027328], [-122.058935, 37.70075829999999], [-122.05793619999999, 37.69910029999999], [-122.05590719999998, 37.694805099999996], [-122.0559081, 37.69471200000001], [-122.0562675, 37.6943083], [-122.0624247, 37.68899579999999]]]}}, {"type": "Feature", "properties": {"route": "28", "stop": "Alvarado St & Aladdin Av", "re_ratio": 0.489}, "geometry": {"type": "Polygon", "coordinates": [[[-122.15017530000001, 37.70244300000001], [-122.15614020000001, 37.7041593], [-122.1564353, 37.704308899999994], [-122.15986500000001, 37.70622039999999], [-122.1615422, 37.70773350000001], [-122.15905739999998, 37.713660899999994], [-122.1584838, 37.7148591], [-122.1584021, 37.714890600000004], [-122.15750139999999, 37.7148481], [-122.15655899999999, 37.714687899999994], [-122.1517045, 37.7113418], [-122.1478823, 37.70764349999999], [-122.14957410000001, 37.70377299999999], [-122.15017530000001, 37.70244300000001]]]}}, {"type": "Feature", "properties": {"route": "28", "stop": "Madison Av & Vannoy Av", "re_ratio": 0.5612}, "geometry": {"type": "Polygon", "coordinates": [[[-122.06719769999998, 37.70167570000001], [-122.0686912, 37.703157600000004], [-122.0699073, 37.704582599999995], [-122.07118889999998, 37.706651099999995], [-122.07102560000001, 37.70893600000001], [-122.068382, 37.71122859999999], [-122.06577309999999, 37.712524200000004], [-122.0636193, 37.7135335], [-122.06258959999998, 37.71321850000001], [-122.06087459999999, 37.711865999999986], [-122.0591748, 37.7102312], [-122.0573299, 37.70640370000001], [-122.05765580000002, 37.70446199999999], [-122.05971830000001, 37.7030495], [-122.06090450000002, 37.70238319999999], [-122.06719769999998, 37.70167570000001]]]}}, {"type": "Feature", "properties": {"route": "28", "stop": "Alvarado St & Marina Blvd", "re_ratio": 0.575}, "geometry": {"type": "Polygon", "coordinates": [[[-122.15377720000001, 37.707406], [-122.15957210000002, 37.708776799999995], [-122.16046829999999, 37.709091], [-122.1643859, 37.7107813], [-122.16505549999998, 37.711749899999994], [-122.1632776, 37.7161817], [-122.162706, 37.717333], [-122.1617916, 37.719108], [-122.16148080000002, 37.71960069999999], [-122.1613953, 37.7196332], [-122.1574632, 37.718811499999994], [-122.1571652, 37.7187468], [-122.15126080000002, 37.717121799999994], [-122.1511485, 37.7170789], [-122.15141110000002, 37.715192599999995], [-122.15231780000002, 37.7100855], [-122.1535027, 37.7075258], [-122.15377720000001, 37.707406]]]}}, {"type": "Feature", "properties": {"route": "28", "stop": "Redwood Rd & Mabel Av", "re_ratio": 0.5672}, "geometry": {"type": "Polygon", "coordinates": [[[-122.073839, 37.6958964], [-122.07456169999999, 37.6962708], [-122.07622779999998, 37.697464800000006], [-122.08106240000001, 37.7010821], [-122.08186549999999, 37.701736700000005], [-122.07973559999999, 37.7053042], [-122.0791742, 37.7060072], [-122.0784547, 37.70661210000001], [-122.0772402, 37.707476699999994], [-122.07636430000001, 37.708088100000005], [-122.07405019999999, 37.70964289999999], [-122.07392150000001, 37.70963340000001], [-122.0699083, 37.7066293], [-122.06817200000002, 37.705016099999995], [-122.06780939999999, 37.7044544], [-122.06787230000002, 37.70127140000001], [-122.0729249, 37.69636199999999], [-122.0737857, 37.695898499999984], [-122.073839, 37.6958964]]]}}, {"type": "Feature", "properties": {"route": "28", "stop": "164th Av & E 14th St", "re_ratio": 0.5894}, "geometry": {"type": "Polygon", "coordinates": [[[-122.11518710000001, 37.68950110000001], [-122.11893350000001, 37.69189359999999], [-122.1202877, 37.69317220000001], [-122.1200917, 37.6991537], [-122.1200305, 37.69920900000001], [-122.1081336, 37.7006187], [-122.10795660000001, 37.700213399999996], [-122.1074683, 37.69686049999999], [-122.1072885, 37.6918387], [-122.10741640000002, 37.690468], [-122.1074847, 37.690392299999985], [-122.1142494, 37.689495699999995], [-122.11518710000001, 37.68950110000001]]]}}, {"type": "Feature", "properties": {"route": "28", "stop": "Seven Hills Rd & Madison Av", "re_ratio": 0.5829}, "geometry": {"type": "Polygon", "coordinates": [[[-122.06697589999999, 37.7031382], [-122.070985, 37.70664469999999], [-122.0721818, 37.707729699999994], [-122.072029, 37.7089842], [-122.06707399999999, 37.713706699999996], [-122.06356339999999, 37.71504620000001], [-122.0598613, 37.712900799999986], [-122.0579797, 37.7088859], [-122.0573299, 37.70640370000001], [-122.0590403, 37.7045453], [-122.0606815, 37.7037261], [-122.06340410000001, 37.7032705], [-122.06697589999999, 37.7031382]]]}}, {"type": "Feature", "properties": {"route": "28", "stop": "Madison Av & James Av", "re_ratio": 0.5446}, "geometry": {"type": "Polygon", "coordinates": [[[-122.0673364, 37.700887], [-122.0679355, 37.700959899999994], [-122.07224699999999, 37.70467799999999], [-122.0720771, 37.7066742], [-122.07161070000001, 37.7077179], [-122.0697486, 37.709191499999996], [-122.06336300000001, 37.7125143], [-122.0625998, 37.7120707], [-122.0582235, 37.7070198], [-122.05783500000001, 37.70647689999999], [-122.0576795, 37.70503329999999], [-122.05765580000002, 37.70446199999999], [-122.05861470000002, 37.7030853], [-122.05955960000001, 37.702602], [-122.0650918, 37.701285], [-122.0673364, 37.700887]]]}}, {"type": "Feature", "properties": {"route": "28", "stop": "E 14th St & Ashland Av", "re_ratio": 0.5928}, "geometry": {"type": "Polygon", "coordinates": [[[-122.11893350000001, 37.69189359999999], [-122.12041659999998, 37.6928969], [-122.12062990000001, 37.6930442], [-122.12082750000002, 37.693190400000006], [-122.1219517, 37.6940239], [-122.12213600000001, 37.69419630000001], [-122.1223812, 37.6944627], [-122.12490369999999, 37.6980086], [-122.12518480000001, 37.7029341], [-122.12511469999998, 37.7030099], [-122.1221884, 37.703866500000004], [-122.11978529999999, 37.70390679999999], [-122.1174215, 37.7033349], [-122.1127454, 37.70112149999999], [-122.1121082, 37.69877399999999], [-122.1119422, 37.693585199999994], [-122.11893350000001, 37.69189359999999]]]}}, {"type": "Feature", "properties": {"route": "28", "stop": "Miramar Av & Saratoga St", "re_ratio": 0.4942}, "geometry": {"type": "Polygon", "coordinates": [[[-122.1113304, 37.696207099999995], [-122.1114694, 37.6963304], [-122.1115693, 37.696449], [-122.11229010000001, 37.6986306], [-122.11246250000002, 37.7046728], [-122.11111790000001, 37.705431499999996], [-122.10268300000001, 37.7059663], [-122.10168249999998, 37.70547239999999], [-122.0986142, 37.70347540000001], [-122.1011323, 37.70000449999999], [-122.103375, 37.6976798], [-122.1051092, 37.6970425], [-122.1082864, 37.6962567], [-122.1113304, 37.696207099999995]]]}}, {"type": "Feature", "properties": {"route": "28", "stop": "Lake Chabot & Eden Medical Center", "re_ratio": 0.3622}, "geometry": {"type": "Polygon", "coordinates": [[[-122.0899837, 37.69374260000001], [-122.0933806, 37.6966688], [-122.09376870000001, 37.6976545], [-122.0919732, 37.700475499999996], [-122.0892621, 37.7041319], [-122.0875508, 37.70336549999999], [-122.0838548, 37.7016985], [-122.08243760000002, 37.700575099999995], [-122.0824081, 37.7002676], [-122.0822967, 37.6988257], [-122.08317749999999, 37.6965295], [-122.0899837, 37.69374260000001]]]}}, {"type": "Feature", "properties": {"route": "28", "stop": "Redwood Rd & Castro Valley Blvd", "re_ratio": 0.5374}, "geometry": {"type": "Polygon", "coordinates": [[[-122.07380200000001, 37.6900924], [-122.0760038, 37.69116360000002], [-122.0762603, 37.691313799999996], [-122.07714340000001, 37.69218589999999], [-122.0805603, 37.69559249999998], [-122.079586, 37.699341999999994], [-122.0759, 37.7022768], [-122.0740297, 37.703566099999996], [-122.07336790000001, 37.7031651], [-122.07118160000002, 37.700587899999995], [-122.0666295, 37.6939672], [-122.0666348, 37.693317699999994], [-122.07380200000001, 37.6900924]]]}}, {"type": "Feature", "properties": {"route": "28", "stop": "Madison Av & James Av", "re_ratio": 0.5446}, "geometry": {"type": "Polygon", "coordinates": [[[-122.0673364, 37.700887], [-122.0679355, 37.700959899999994], [-122.07224699999999, 37.70467799999999], [-122.0720771, 37.7066742], [-122.07161070000001, 37.7077179], [-122.0697486, 37.709191499999996], [-122.06336300000001, 37.7125143], [-122.0625998, 37.7120707], [-122.0582235, 37.7070198], [-122.05783500000001, 37.70647689999999], [-122.0576795, 37.70503329999999], [-122.05765580000002, 37.70446199999999], [-122.05861470000002, 37.7030853], [-122.05955960000001, 37.702602], [-122.0650918, 37.701285], [-122.0673364, 37.700887]]]}}, {"type": "Feature", "properties": {"route": "28", "stop": "Redwood Rd & Lorena Av", "re_ratio": 0.5416}, "geometry": {"type": "Polygon", "coordinates": [[[-122.0736488, 37.692568299999984], [-122.07409279999999, 37.6927425], [-122.0771976, 37.694883000000004], [-122.07870740000001, 37.696109], [-122.079649, 37.696971299999994], [-122.07961139999999, 37.7002895], [-122.07943760000002, 37.700968499999995], [-122.0785737, 37.7030757], [-122.07624330000002, 37.705021599999995], [-122.07421160000001, 37.7066044], [-122.0740192, 37.706707], [-122.0687515, 37.702789700000004], [-122.06787230000002, 37.70127140000001], [-122.0701128, 37.69450500000001], [-122.07014350000001, 37.694447], [-122.0736488, 37.692568299999984]]]}}, {"type": "Feature", "properties": {"route": "28", "stop": "E 14th St & 163rd Av", "re_ratio": 0.5421}, "geometry": {"type": "Polygon", "coordinates": [[[-122.11423969999998, 37.6897251], [-122.11887589999999, 37.69304259999999], [-122.1190186, 37.6931484], [-122.11949309999999, 37.6935543], [-122.12070900000002, 37.6968115], [-122.1212967, 37.69864689999999], [-122.12184010000001, 37.7005999], [-122.11992549999998, 37.7008176], [-122.1127454, 37.70112149999999], [-122.1102551, 37.700281], [-122.1096275, 37.6997925], [-122.1091757, 37.698414], [-122.10868889999999, 37.69444839999999], [-122.1088501, 37.69140599999999], [-122.11423969999998, 37.6897251]]]}}, {"type": "Feature", "properties": {"route": "28", "stop": "Seven Hills Rd & Sandy Rd", "re_ratio": 0.5311}, "geometry": {"type": "Polygon", "coordinates": [[[-122.0649723, 37.703471300000004], [-122.07210170000002, 37.7060925], [-122.0740062, 37.7077736], [-122.07447769999999, 37.7096845], [-122.07397690000002, 37.7100501], [-122.0665455, 37.71451400000001], [-122.06258959999998, 37.71321850000001], [-122.06087459999999, 37.711865999999986], [-122.05960690000002, 37.709744300000004], [-122.0593221, 37.708684], [-122.0595616, 37.70665779999999], [-122.0605909, 37.70582000000001], [-122.06121929999999, 37.705362], [-122.0644162, 37.703737], [-122.0649723, 37.703471300000004]]]}}, {"type": "Feature", "properties": {"route": "28", "stop": "Alvarado St & Aladdin Av", "re_ratio": 0.3811}, "geometry": {"type": "Polygon", "coordinates": [[[-122.1506468, 37.7032054], [-122.15538350000001, 37.70416099999999], [-122.15583440000002, 37.70425689999999], [-122.1600868, 37.7064564], [-122.1602929, 37.70850949999999], [-122.1586222, 37.7134179], [-122.1582149, 37.714360600000006], [-122.1581049, 37.7144523], [-122.1580092, 37.714496200000006], [-122.15794099999998, 37.7145225], [-122.1572411, 37.714416699999994], [-122.1533963, 37.712432899999996], [-122.1517045, 37.7113418], [-122.1515882, 37.71119590000001], [-122.1498523, 37.7045823], [-122.14982710000001, 37.703840199999995], [-122.1506468, 37.7032054]]]}}, {"type": "Feature", "properties": {"route": "28", "stop": "Somerset Av & Stanton Av", "re_ratio": 0.6631}, "geometry": {"type": "Polygon", "coordinates": [[[-122.0899837, 37.69374260000001], [-122.0995389, 37.69725470000001], [-122.0991138, 37.70385580000001], [-122.0987876, 37.7043638], [-122.09434200000001, 37.706199700000006], [-122.08964000000002, 37.7053079], [-122.0836854, 37.7023735], [-122.08275410000002, 37.70172120000001], [-122.0899837, 37.69374260000001]]]}}, {"type": "Feature", "properties": {"route": "28", "stop": "Castro Valley Blvd & Santa Maria Av", "re_ratio": 0.5468}, "geometry": {"type": "Polygon", "coordinates": [[[-122.0757074, 37.6907318], [-122.0811687, 37.69110570000001], [-122.0837147, 37.692424499999994], [-122.08585139999998, 37.6943849], [-122.08587599999998, 37.6944398], [-122.08584210000001, 37.6946583], [-122.08384210000001, 37.69823019999999], [-122.08105120000002, 37.70069], [-122.0785558, 37.70259420000001], [-122.07750910000001, 37.70181139999999], [-122.07397090000002, 37.6991287], [-122.07295060000001, 37.6981771], [-122.07179150000002, 37.6964031], [-122.0710026, 37.695114499999995], [-122.0707789, 37.69454019999999], [-122.07081470000001, 37.694475600000004], [-122.0741686, 37.69151289999999], [-122.0757074, 37.6907318]]]}}, {"type": "Feature", "properties": {"route": "28", "stop": "Center St & Grove Way", "re_ratio": 0.4482}, "geometry": {"type": "Polygon", "coordinates": [[[-122.06353519999999, 37.6836878], [-122.06971950000002, 37.68618109999999], [-122.0692484, 37.6880634], [-122.0672838, 37.693266], [-122.06725730000001, 37.6933241], [-122.0619932, 37.6966366], [-122.0618765, 37.6966854], [-122.05753380000002, 37.6929392], [-122.06285150000001, 37.6838282], [-122.06353519999999, 37.6836878]]]}}, {"type": "Feature", "properties": {"route": "28", "stop": "Redwood Rd & Modesto St", "re_ratio": 0.5306}, "geometry": {"type": "Polygon", "coordinates": [[[-122.0734665, 37.691629299999995], [-122.0736092, 37.691638899999994], [-122.0736957, 37.69164609999999], [-122.0741732, 37.6917128], [-122.0754352, 37.6924247], [-122.07931769999999, 37.6955202], [-122.079649, 37.696971299999994], [-122.07961139999999, 37.7002895], [-122.07943760000002, 37.700968499999995], [-122.0772819, 37.703090800000005], [-122.0754541, 37.704479600000006], [-122.07403520000001, 37.7054663], [-122.0705667, 37.70305679999999], [-122.06900529999999, 37.7012991], [-122.06903859999998, 37.6941415], [-122.0691671, 37.693909], [-122.0734665, 37.691629299999995]]]}}, {"type": "Feature", "properties": {"route": "28", "stop": "Floresta Blvd & Fremont Av (Near Washington Av)", "re_ratio": 0.4976}, "geometry": {"type": "Polygon", "coordinates": [[[-122.13939099999999, 37.6967188], [-122.1450975, 37.6972903], [-122.1487193, 37.698581100000006], [-122.14988589999999, 37.70060099999999], [-122.15003440000001, 37.70159569999999], [-122.1488965, 37.704601499999995], [-122.14482350000002, 37.707136], [-122.14470149999998, 37.707192299999996], [-122.144553, 37.70717049999999], [-122.1433002, 37.70688270000001], [-122.13581920000001, 37.7022636], [-122.13573529999998, 37.701922899999985], [-122.13573510000002, 37.701638799999984], [-122.13573510000002, 37.7016358], [-122.1358364, 37.70131279999999], [-122.1373641, 37.698499899999995], [-122.13939099999999, 37.6967188]]]}}, {"type": "Feature", "properties": {"route": "28", "stop": "Floresta Blvd & Monterey Blvd", "re_ratio": 0.5909}, "geometry": {"type": "Polygon", "coordinates": [[[-122.1519693, 37.694012300000004], [-122.1535859, 37.69528869999999], [-122.153395, 37.6973252], [-122.1528784, 37.70186820000001], [-122.1523747, 37.703960800000004], [-122.1518349, 37.705028500000004], [-122.15151139999999, 37.70501850000001], [-122.14664100000002, 37.7047456], [-122.14576620000001, 37.7045903], [-122.1432153, 37.70386249999999], [-122.14189880000002, 37.7030641], [-122.1405331, 37.7017528], [-122.1402656, 37.70105240000001], [-122.1406495, 37.6962863], [-122.14148789999999, 37.69556539999999], [-122.14242840000001, 37.6948921], [-122.1519693, 37.694012300000004]]]}}, {"type": "Feature", "properties": {"route": "28", "stop": "San Leandro Blvd & Castro St", "re_ratio": 0.6218}, "geometry": {"type": "Polygon", "coordinates": [[[-122.15694540000001, 37.71272139999999], [-122.1583638, 37.7130557], [-122.159737, 37.7133834], [-122.16020549999999, 37.713501799999996], [-122.16408230000002, 37.714844], [-122.16397110000001, 37.7158933], [-122.16345510000001, 37.71770790000001], [-122.16234790000001, 37.72116849999998], [-122.16189070000001, 37.722460899999994], [-122.161391, 37.723759499999986], [-122.16127780000001, 37.7239053], [-122.1555493, 37.72285859999999], [-122.15172370000002, 37.7219458], [-122.1502607, 37.7214224], [-122.1499634, 37.72120519999999], [-122.1488401, 37.71979839999999], [-122.1500459, 37.71412279999999], [-122.1515724, 37.7133114], [-122.15694540000001, 37.71272139999999]]]}}, {"type": "Feature", "properties": {"route": "28", "stop": "Heyer Av & Heyer Pl (Near Madison Av)", "re_ratio": 0.5632}, "geometry": {"type": "Polygon", "coordinates": [[[-122.0676484, 37.69912399999999], [-122.073437, 37.7047294], [-122.070985, 37.70664469999999], [-122.0696015, 37.70767509999999], [-122.0630091, 37.7100636], [-122.0584004, 37.706536], [-122.05675940000002, 37.703811], [-122.0567544, 37.7037376], [-122.0570926, 37.7029925], [-122.0578307, 37.70193989999999], [-122.06136300000001, 37.699700299999996], [-122.0676484, 37.69912399999999]]]}}, {"type": "Feature", "properties": {"route": "28", "stop": "San Leandro BART", "re_ratio": 0.4924}, "geometry": {"type": "Polygon", "coordinates": [[[-122.15957810000002, 37.716545599999996], [-122.1607842, 37.717234399999995], [-122.1663243, 37.72218819999999], [-122.1662518, 37.722713600000006], [-122.1654297, 37.72561040000001], [-122.16445, 37.727698499999995], [-122.1643787, 37.727770799999995], [-122.16414489999998, 37.727778], [-122.15746380000002, 37.72662489999999], [-122.1551779, 37.725209199999995], [-122.152952, 37.723813799999995], [-122.15394339999999, 37.72121109999999], [-122.1549708, 37.71852439999999], [-122.1555259, 37.717173], [-122.1556055, 37.7171364], [-122.1557333, 37.71708280000001], [-122.1558364, 37.7170434], [-122.15957810000002, 37.716545599999996]]]}}, {"type": "Feature", "properties": {"route": "28", "stop": "Stanton Av & Acorn St", "re_ratio": 0.5753}, "geometry": {"type": "Polygon", "coordinates": [[[-122.09075220000001, 37.6963844], [-122.09896879999998, 37.69766099999999], [-122.1028326, 37.7024867], [-122.1015343, 37.706695], [-122.0945293, 37.70647979999999], [-122.0894442, 37.7046983], [-122.08667399999999, 37.70144520000001], [-122.0886606, 37.69868169999999], [-122.09075220000001, 37.6963844]]]}}, {"type": "Feature", "properties": {"route": "28", "stop": "Castro Valley Blvd & Redwood Rd", "re_ratio": 0.5569}, "geometry": {"type": "Polygon", "coordinates": [[[-122.07373100000001, 37.689065100000015], [-122.0780517, 37.691665400000005], [-122.0798622, 37.692755299999995], [-122.0819871, 37.6946813], [-122.0821082, 37.6948509], [-122.08211219999998, 37.694972899999996], [-122.0819802, 37.6960117], [-122.081761, 37.6964012], [-122.0795717, 37.69910360000001], [-122.07847790000001, 37.6997025], [-122.0740794, 37.7015119], [-122.0735268, 37.7013151], [-122.07195840000001, 37.69996199999999], [-122.0666295, 37.6939672], [-122.0666348, 37.693317699999994], [-122.0666631, 37.693046599999995], [-122.07373100000001, 37.689065100000015]]]}}, {"type": "Feature", "properties": {"route": "28", "stop": "Redwood Rd & Mabel Av", "re_ratio": 0.5647}, "geometry": {"type": "Polygon", "coordinates": [[[-122.0737991, 37.69647679999999], [-122.0752891, 37.6974807], [-122.07602800000001, 37.698077399999995], [-122.07849540000001, 37.700145599999985], [-122.07943760000002, 37.700968499999995], [-122.0803357, 37.70176569999999], [-122.07973559999999, 37.7053042], [-122.0784462, 37.707602], [-122.0739648, 37.71051529999999], [-122.0706779, 37.70790040000001], [-122.06724380000001, 37.70509669999999], [-122.0667373, 37.7043743], [-122.06787230000002, 37.70127140000001], [-122.0737991, 37.69647679999999]]]}}, {"type": "Feature", "properties": {"route": "28", "stop": "Halcyon Dr & Oleander St", "re_ratio": 0.3254}, "geometry": {"type": "Polygon", "coordinates": [[[-122.139236, 37.699032100000004], [-122.1393555, 37.69903390000001], [-122.1436295, 37.70128689999999], [-122.1437241, 37.701426600000005], [-122.14344760000002, 37.702355100000005], [-122.1427028, 37.7032507], [-122.1326786, 37.70447549999999], [-122.129889, 37.7042734], [-122.12841189999999, 37.703379399999996], [-122.12761740000002, 37.7027981], [-122.1274783, 37.702085999999994], [-122.1287075, 37.7002529], [-122.12982580000002, 37.6995011], [-122.139236, 37.699032100000004]]]}}, {"type": "Feature", "properties": {"route": "28", "stop": "164th Av & Foothill Blvd", "re_ratio": 0.5901}, "geometry": {"type": "Polygon", "coordinates": [[[-122.1053531, 37.693951000000006], [-122.11277729999999, 37.69417369999999], [-122.1142521, 37.69440279999999], [-122.11481420000001, 37.69669470000001], [-122.1151143, 37.7020066], [-122.11409379999999, 37.7042275], [-122.11246250000002, 37.7046728], [-122.1073177, 37.7042335], [-122.103517, 37.70389999999999], [-122.10220809999998, 37.702707], [-122.10288969999999, 37.69590749999999], [-122.10346810000001, 37.695444800000004], [-122.1053531, 37.693951000000006]]]}}, {"type": "Feature", "properties": {"route": "28", "stop": "Seven Hills Rd & Sandy Rd", "re_ratio": 0.5311}, "geometry": {"type": "Polygon", "coordinates": [[[-122.0649723, 37.703471300000004], [-122.07210170000002, 37.7060925], [-122.0740062, 37.7077736], [-122.07447769999999, 37.7096845], [-122.07397690000002, 37.7100501], [-122.0665455, 37.71451400000001], [-122.06258959999998, 37.71321850000001], [-122.06087459999999, 37.711865999999986], [-122.05960690000002, 37.709744300000004], [-122.0593221, 37.708684], [-122.0595616, 37.70665779999999], [-122.0605909, 37.70582000000001], [-122.06121929999999, 37.705362], [-122.0644162, 37.703737], [-122.0649723, 37.703471300000004]]]}}, {"type": "Feature", "properties": {"route": "28", "stop": "Castro Valley Blvd & Wisteria St", "re_ratio": 0.4453}, "geometry": {"type": "Polygon", "coordinates": [[[-122.0821054, 37.6911012], [-122.0891479, 37.6918984], [-122.09020709999999, 37.6920467], [-122.0910788, 37.692594099999994], [-122.09226580000002, 37.69425410000001], [-122.0906633, 37.6960933], [-122.0837213, 37.700631], [-122.0824081, 37.7002676], [-122.0810238, 37.6997297], [-122.07720580000002, 37.6956176], [-122.07720610000001, 37.695531599999995], [-122.0801018, 37.6917482], [-122.0806937, 37.691110200000004], [-122.0811687, 37.69110570000001], [-122.0820363, 37.6911012], [-122.0821054, 37.6911012]]]}}, {"type": "Feature", "properties": {"route": "28", "stop": "Castro Valley Blvd & Redwood Rd", "re_ratio": 0.5391}, "geometry": {"type": "Polygon", "coordinates": [[[-122.07375670000002, 37.68980949999999], [-122.07712690000001, 37.6911816], [-122.0780517, 37.691665400000005], [-122.0798622, 37.692755299999995], [-122.0819871, 37.6946813], [-122.0821082, 37.6948509], [-122.0819802, 37.6960117], [-122.08176760000002, 37.69659420000001], [-122.079586, 37.699341999999994], [-122.07849650000001, 37.7002089], [-122.0740819, 37.70187059999999], [-122.0739791, 37.7018726], [-122.07195840000001, 37.69996199999999], [-122.06683070000001, 37.693967199999996], [-122.0669804, 37.6934846], [-122.0672838, 37.693266], [-122.07375670000002, 37.68980949999999]]]}}, {"type": "Feature", "properties": {"route": "34", "stop": "Estudillo Av & Santa Maria St", "re_ratio": 0.5212}, "geometry": {"type": "Polygon", "coordinates": [[[-122.1519, 37.7220729], [-122.1528703, 37.722155], [-122.15307459999998, 37.722204299999994], [-122.1556728, 37.72303680000001], [-122.1569156, 37.7236089], [-122.1575497, 37.7243151], [-122.1580478, 37.72527869999999], [-122.15781990000002, 37.726361499999996], [-122.15612699999998, 37.72790979999999], [-122.1500763, 37.732245899999995], [-122.14154849999998, 37.7289365], [-122.1458992, 37.7226139], [-122.1519, 37.7220729]]]}}, {"type": "Feature", "properties": {"route": "34", "stop": "Hays St & W Estudillo Av", "re_ratio": 0.6211}, "geometry": {"type": "Polygon", "coordinates": [[[-122.153886, 37.71899100000001], [-122.1578927, 37.71955649999999], [-122.15965160000002, 37.719995499999996], [-122.1651239, 37.722265300000004], [-122.1646798, 37.724121999999994], [-122.163751, 37.72712299999999], [-122.1604339, 37.73080539999999], [-122.15553269999998, 37.72985039999999], [-122.1494984, 37.7267578], [-122.1509652, 37.72138290000001], [-122.153886, 37.71899100000001]]]}}, {"type": "Feature", "properties": {"route": "34", "stop": "Purdue St & Esser Av", "re_ratio": 0.5652}, "geometry": {"type": "Polygon", "coordinates": [[[-122.151552, 37.6902722], [-122.15581639999999, 37.69051400000001], [-122.1600575, 37.6931373], [-122.1609956, 37.6939329], [-122.1624084, 37.6958011], [-122.1583554, 37.7000662], [-122.156792, 37.700736799999994], [-122.1479662, 37.699230799999995], [-122.14611849999999, 37.69555359999999], [-122.1467153, 37.6946543], [-122.14777640000001, 37.6934679], [-122.151552, 37.6902722]]]}}, {"type": "Feature", "properties": {"route": "34", "stop": "Farnsworth St & Manor Blvd", "re_ratio": 0.609}, "geometry": {"type": "Polygon", "coordinates": [[[-122.1525792, 37.6851444], [-122.1558289, 37.6873481], [-122.1596216, 37.6904957], [-122.1597661, 37.69104020000001], [-122.15680710000001, 37.694528999999996], [-122.153395, 37.6973252], [-122.14929029999999, 37.6963372], [-122.14795670000001, 37.6954158], [-122.1429915, 37.6915106], [-122.14586529999998, 37.6878751], [-122.1471681, 37.686750599999996], [-122.1494738, 37.6856448], [-122.1525792, 37.6851444]]]}}, {"type": "Feature", "properties": {"route": "34", "stop": "Davis St & Douglas Dr", "re_ratio": 0.4808}, "geometry": {"type": "Polygon", "coordinates": [[[-122.16918870000002, 37.71671220000001], [-122.17369390000002, 37.71707339999999], [-122.17684549999998, 37.72027199999999], [-122.1764556, 37.72247900000001], [-122.17520220000002, 37.7249565], [-122.1748331, 37.7253414], [-122.1737715, 37.7262964], [-122.1703927, 37.7265385], [-122.16366000000001, 37.7231759], [-122.1634348, 37.7228865], [-122.16333749999998, 37.722656], [-122.1633549, 37.7224694], [-122.16475230000002, 37.7179988], [-122.16591880000001, 37.71734039999998], [-122.16918870000002, 37.71671220000001]]]}}, {"type": "Feature", "properties": {"route": "34", "stop": "106th Av & MacArthur Blvd", "re_ratio": 0.6058}, "geometry": {"type": "Polygon", "coordinates": [[[-122.15110570000002, 37.7376839], [-122.15799169999998, 37.7397237], [-122.1601673, 37.7406073], [-122.1592057, 37.745068599999996], [-122.1580161, 37.74673389999999], [-122.15722440000002, 37.74738729999999], [-122.15142640000002, 37.7489055], [-122.1451352, 37.745663], [-122.1452879, 37.741112799999996], [-122.1455335, 37.7393721], [-122.15110570000002, 37.7376839]]]}}, {"type": "Feature", "properties": {"route": "34", "stop": "Davis St & Alvarado St", "re_ratio": 0.5879}, "geometry": {"type": "Polygon", "coordinates": [[[-122.16039690000001, 37.7170478], [-122.16282620000001, 37.71751729999999], [-122.16345510000001, 37.71770790000001], [-122.1661404, 37.71856180000001], [-122.1704871, 37.72077469999999], [-122.17067600000001, 37.7214842], [-122.1686586, 37.7277285], [-122.1685383, 37.72775919999999], [-122.16663479999998, 37.7281977], [-122.162501, 37.727732399999994], [-122.15778000000002, 37.72716499999999], [-122.15547889999999, 37.72611469999999], [-122.1578927, 37.71955649999999], [-122.1599279, 37.71723179999999], [-122.16000840000001, 37.7172002], [-122.16039690000001, 37.7170478]]]}}, {"type": "Feature", "properties": {"route": "34", "stop": "MacArthur Blvd & Broadmoor Blvd", "re_ratio": 0.4663}, "geometry": {"type": "Polygon", "coordinates": [[[-122.145668, 37.7343245], [-122.1515376, 37.73590229999999], [-122.1530576, 37.73636880000001], [-122.15553730000002, 37.739691], [-122.15412520000001, 37.744524], [-122.15385699999999, 37.7447213], [-122.14991370000001, 37.744876699999985], [-122.1484992, 37.74398930000001], [-122.14732630000002, 37.74325319999999], [-122.1465162, 37.7424719], [-122.1412139, 37.736894799999995], [-122.1409941, 37.7365873], [-122.1408936, 37.7364134], [-122.1407034, 37.73602859999999], [-122.145668, 37.7343245]]]}}, {"type": "Feature", "properties": {"route": "34", "stop": "MacArthur Blvd & Broadmoor Blvd", "re_ratio": 0.4443}, "geometry": {"type": "Polygon", "coordinates": [[[-122.14625709999999, 37.73511609999999], [-122.15291490000001, 37.7368219], [-122.15413680000002, 37.7378104], [-122.15553730000002, 37.739691], [-122.15524270000002, 37.7420008], [-122.1545529, 37.744823999999994], [-122.1502054, 37.7450446], [-122.14991370000001, 37.744876699999985], [-122.1484992, 37.74398930000001], [-122.14732630000002, 37.74325319999999], [-122.1465162, 37.7424719], [-122.1412139, 37.736894799999995], [-122.1409941, 37.7365873], [-122.1408936, 37.7364134], [-122.1407034, 37.73602859999999], [-122.14611239999999, 37.7351214], [-122.14625709999999, 37.73511609999999]]]}}, {"type": "Feature", "properties": {"route": "34", "stop": "Davis St & Pierce Av (Douglas Dr)", "re_ratio": 0.4808}, "geometry": {"type": "Polygon", "coordinates": [[[-122.16918870000002, 37.71671220000001], [-122.17369390000002, 37.71707339999999], [-122.17684549999998, 37.72027199999999], [-122.1764556, 37.72247900000001], [-122.17520220000002, 37.7249565], [-122.1748331, 37.7253414], [-122.1737715, 37.7262964], [-122.1703927, 37.7265385], [-122.16366000000001, 37.7231759], [-122.1634348, 37.7228865], [-122.16333749999998, 37.722656], [-122.1633549, 37.7224694], [-122.16475230000002, 37.7179988], [-122.16591880000001, 37.71734039999998], [-122.16918870000002, 37.71671220000001]]]}}, {"type": "Feature", "properties": {"route": "34", "stop": "Hays St & Davis St", "re_ratio": 0.6206}, "geometry": {"type": "Polygon", "coordinates": [[[-122.153886, 37.71899100000001], [-122.15965160000002, 37.719995499999996], [-122.1651968, 37.72203949999999], [-122.1650867, 37.723667400000004], [-122.163751, 37.72712299999999], [-122.1604339, 37.73080539999999], [-122.15553269999998, 37.72985039999999], [-122.15184470000001, 37.7282696], [-122.14967460000001, 37.726709499999984], [-122.1512308, 37.72158], [-122.153886, 37.71899100000001]]]}}, {"type": "Feature", "properties": {"route": "34", "stop": "Spruce St & Wiley St", "re_ratio": 0.0953}, "geometry": {"type": "Polygon", "coordinates": [[[-122.1623495, 37.70145459999999], [-122.1652976, 37.704074199999994], [-122.1657407, 37.7045023], [-122.16620510000001, 37.705178399999994], [-122.16405569999999, 37.70713469999999], [-122.1636493, 37.7070852], [-122.16254780000001, 37.706715], [-122.1618993, 37.706377999999994], [-122.1612233, 37.70601279999999], [-122.1602561, 37.70294749999999], [-122.1623495, 37.70145459999999]]]}}, {"type": "Feature", "properties": {"route": "34", "stop": "Wiley St & Purdue St", "re_ratio": 0.561}, "geometry": {"type": "Polygon", "coordinates": [[[-122.15583200000002, 37.6886254], [-122.1597661, 37.69104020000001], [-122.1630709, 37.6961945], [-122.1621609, 37.6984529], [-122.1571754, 37.7013154], [-122.15136160000002, 37.699185], [-122.14795670000001, 37.6954158], [-122.1522484, 37.691176399999996], [-122.15583200000002, 37.6886254]]]}}, {"type": "Feature", "properties": {"route": "34", "stop": "Westgate Pkwy & Davis St", "re_ratio": 0.4386}, "geometry": {"type": "Polygon", "coordinates": [[[-122.17558600000001, 37.7131481], [-122.17882499999999, 37.71388850000001], [-122.18287320000002, 37.7150398], [-122.187029, 37.71631020000001], [-122.18450620000002, 37.720103400000006], [-122.18365030000001, 37.721062899999986], [-122.1828774, 37.72180600000001], [-122.1811903, 37.7221391], [-122.17323199999998, 37.7208695], [-122.172219, 37.720461199999995], [-122.1736789, 37.714434100000005], [-122.17493580000001, 37.713404699999984], [-122.1751678, 37.713310299999996], [-122.1753542, 37.7132371], [-122.17558600000001, 37.7131481]]]}}, {"type": "Feature", "properties": {"route": "34", "stop": "MacArthur Blvd & 108th Av", "re_ratio": 0.6258}, "geometry": {"type": "Polygon", "coordinates": [[[-122.15059749999999, 37.73632589999999], [-122.15291490000001, 37.7368219], [-122.15967090000001, 37.7400064], [-122.15915659999999, 37.742183999999995], [-122.15729670000002, 37.7469216], [-122.15714910000001, 37.74727529999999], [-122.1507795, 37.74741], [-122.14642210000001, 37.74578609999998], [-122.1435798, 37.7390252], [-122.143872, 37.73858709999999], [-122.1450235, 37.73815199999999], [-122.15059749999999, 37.73632589999999]]]}}, {"type": "Feature", "properties": {"route": "34", "stop": "MacArthur Blvd & 109th Av", "re_ratio": 0.5613}, "geometry": {"type": "Polygon", "coordinates": [[[-122.15059749999999, 37.73632589999999], [-122.1545271, 37.737629500000004], [-122.1575024, 37.73912640000001], [-122.15799169999998, 37.7397237], [-122.1580268, 37.74194250000001], [-122.15650559999999, 37.7462937], [-122.1504956, 37.7467466], [-122.1471885, 37.7460378], [-122.1470141, 37.745928899999996], [-122.14298940000002, 37.73857039999999], [-122.1429534, 37.738484400000004], [-122.1429212, 37.73813899999999], [-122.1436423, 37.7378175], [-122.1451399, 37.73747259999999], [-122.15059749999999, 37.73632589999999]]]}}, {"type": "Feature", "properties": {"route": "34", "stop": "MacArthur Blvd & Dutton Av", "re_ratio": 0.5339}, "geometry": {"type": "Polygon", "coordinates": [[[-122.13862659999998, 37.72781989999999], [-122.13951210000002, 37.7278507], [-122.14154849999998, 37.7289365], [-122.14712530000001, 37.7327704], [-122.1482113, 37.734228900000005], [-122.1483076, 37.73482999999999], [-122.1477025, 37.7364237], [-122.1457922, 37.7394953], [-122.14412449999999, 37.73981380000001], [-122.1372373, 37.7390114], [-122.1352724, 37.7367433], [-122.13479910000001, 37.73476060000001], [-122.13777860000002, 37.7289414], [-122.13862659999998, 37.72781989999999]]]}}, {"type": "Feature", "properties": {"route": "34", "stop": "Spruce St & Merced St", "re_ratio": 0.2213}, "geometry": {"type": "Polygon", "coordinates": [[[-122.1600575, 37.6931373], [-122.1609956, 37.6939329], [-122.1630709, 37.6961945], [-122.1640387, 37.6976768], [-122.1642305, 37.70011079999999], [-122.1628468, 37.700992500000005], [-122.1596535, 37.7020294], [-122.1563107, 37.7000106], [-122.1565066, 37.69890409999999], [-122.15784360000002, 37.6951707], [-122.1600575, 37.6931373]]]}}, {"type": "Feature", "properties": {"route": "34", "stop": "Davis St & Preda St", "re_ratio": 0.5298}, "geometry": {"type": "Polygon", "coordinates": [[[-122.16918870000002, 37.71671220000001], [-122.17373300000001, 37.7180278], [-122.17684549999998, 37.72027199999999], [-122.17470030000001, 37.723049399999994], [-122.1706111, 37.727506700000006], [-122.16123219999999, 37.7238357], [-122.16306, 37.7178767], [-122.16484870000001, 37.7172872], [-122.165649, 37.71708420000001], [-122.16918870000002, 37.71671220000001]]]}}, {"type": "Feature", "properties": {"route": "34", "stop": "Davis St & Alvarado St", "re_ratio": 0.5078}, "geometry": {"type": "Polygon", "coordinates": [[[-122.16015600000001, 37.717417499999996], [-122.16525580000001, 37.7187678], [-122.1705277, 37.72102229999999], [-122.1686586, 37.7277285], [-122.1685383, 37.72775919999999], [-122.16663479999998, 37.7281977], [-122.162501, 37.727732399999994], [-122.15781990000002, 37.726361499999996], [-122.1568862, 37.7257745], [-122.156873, 37.72480399999999], [-122.1576581, 37.7225684], [-122.15888419999999, 37.7193182], [-122.1599623, 37.7174663], [-122.16015600000001, 37.717417499999996]]]}}, {"type": "Feature", "properties": {"route": "34", "stop": "MacArthur Blvd & Lewis Ave", "re_ratio": 0.3824}, "geometry": {"type": "Polygon", "coordinates": [[[-122.14173800000002, 37.7328239], [-122.14332130000001, 37.73286010000001], [-122.1462212, 37.73431239999999], [-122.1479925, 37.736417499999995], [-122.14938900000001, 37.73827450000001], [-122.15020440000002, 37.7404261], [-122.15013390000001, 37.741541099999985], [-122.1484992, 37.74398930000001], [-122.14732630000002, 37.74325319999999], [-122.13673610000001, 37.73610539999999], [-122.13728329999999, 37.7350378], [-122.1398577, 37.733149600000004], [-122.14173800000002, 37.7328239]]]}}, {"type": "Feature", "properties": {"route": "34", "stop": "Westgate Pkwy & Williams St", "re_ratio": 0.3939}, "geometry": {"type": "Polygon", "coordinates": [[[-122.1813691, 37.7080739], [-122.1824369, 37.70820969999999], [-122.18248620000001, 37.708637800000005], [-122.17722680000001, 37.7166509], [-122.1682917, 37.7140966], [-122.17024490000001, 37.70909350000001], [-122.17064760000001, 37.708317699999995], [-122.1708067, 37.7082689], [-122.1813691, 37.7080739]]]}}, {"type": "Feature", "properties": {"route": "34", "stop": "MacArthur Blvd & Victoria Av", "re_ratio": 0.4938}, "geometry": {"type": "Polygon", "coordinates": [[[-122.1470012, 37.73352770000002], [-122.15291490000001, 37.7368219], [-122.15338020000002, 37.739557299999994], [-122.1526965, 37.7428492], [-122.15249300000002, 37.7429648], [-122.14904100000001, 37.7443289], [-122.1484992, 37.74398930000001], [-122.14732630000002, 37.74325319999999], [-122.13874980000001, 37.736873200000005], [-122.13869619999998, 37.736232300000005], [-122.1386822, 37.7355551], [-122.1394247, 37.7346168], [-122.1400884, 37.73378039999999], [-122.1431804, 37.733665300000006], [-122.1470012, 37.73352770000002]]]}}, {"type": "Feature", "properties": {"route": "34", "stop": "Spruce St & Locust St", "re_ratio": 0.0824}, "geometry": {"type": "Polygon", "coordinates": [[[-122.1623495, 37.70145459999999], [-122.1652976, 37.704074199999994], [-122.16639079999999, 37.705113299999994], [-122.1659737, 37.7053068], [-122.1655689, 37.705457199999984], [-122.163376, 37.706159500000005], [-122.16222710000001, 37.7062216], [-122.1616356, 37.70616429999998], [-122.1612233, 37.70601279999999], [-122.1602561, 37.70294749999999], [-122.1623495, 37.70145459999999]]]}}, {"type": "Feature", "properties": {"route": "34", "stop": "Westgate Pkwy & #Walmart", "re_ratio": 0.2759}, "geometry": {"type": "Polygon", "coordinates": [[[-122.1760602, 37.7101695], [-122.177262, 37.71037150000001], [-122.1828164, 37.717373200000004], [-122.1828987, 37.71762549999998], [-122.18292519999999, 37.7177206], [-122.1819881, 37.7190845], [-122.1804434, 37.7203326], [-122.1801341, 37.720396], [-122.17644319999998, 37.7178724], [-122.1748024, 37.71625590000001], [-122.17157639999999, 37.712733300000004], [-122.1760602, 37.7101695]]]}}, {"type": "Feature", "properties": {"route": "34", "stop": "Farnsworth St & Manor Blvd", "re_ratio": 0.5862}, "geometry": {"type": "Polygon", "coordinates": [[[-122.1511803, 37.6854392], [-122.15349390000002, 37.68595679999999], [-122.15756110000001, 37.68826649999998], [-122.15790780000002, 37.6885663], [-122.1596216, 37.6904957], [-122.1597661, 37.69104020000001], [-122.15979860000002, 37.69170979999999], [-122.15680710000001, 37.694528999999996], [-122.153395, 37.6973252], [-122.14929029999999, 37.6963372], [-122.1438319, 37.6914909], [-122.14625970000002, 37.687858], [-122.1479371, 37.68664849999999], [-122.1503678, 37.6855042], [-122.1511803, 37.6854392]]]}}, {"type": "Feature", "properties": {"route": "34", "stop": "Marlow Dr & Foothill Blvd", "re_ratio": 0.4838}, "geometry": {"type": "Polygon", "coordinates": [[[-122.13903480000002, 37.7283978], [-122.1418471, 37.7296313], [-122.1482113, 37.734228900000005], [-122.1451628, 37.7391956], [-122.14412449999999, 37.73981380000001], [-122.13667729999999, 37.73910140000001], [-122.1352724, 37.7367433], [-122.13479910000001, 37.73476060000001], [-122.13753929999999, 37.7301518], [-122.13886570000001, 37.72855199999999], [-122.1389301, 37.7284917], [-122.13903480000002, 37.7283978]]]}}, {"type": "Feature", "properties": {"route": "34", "stop": "Farnsworth St & Avon Av", "re_ratio": 0.5964}, "geometry": {"type": "Polygon", "coordinates": [[[-122.1497364, 37.687468899999985], [-122.15359899999999, 37.68806059999999], [-122.15582880000001, 37.6892473], [-122.15759170000001, 37.691115200000006], [-122.15784360000002, 37.6951707], [-122.1552784, 37.69862429999999], [-122.1479662, 37.699230799999995], [-122.14316110000001, 37.69352659999999], [-122.14814299999999, 37.688415899999995], [-122.1497364, 37.687468899999985]]]}}, {"type": "Feature", "properties": {"route": "34", "stop": "300 Estudillo Av (San Leandro Community Library)", "re_ratio": 0.4776}, "geometry": {"type": "Polygon", "coordinates": [[[-122.15384910000002, 37.7210633], [-122.15427750000002, 37.721069699999994], [-122.1553816, 37.7212466], [-122.1600499, 37.7223959], [-122.16059199999998, 37.7225369], [-122.16102180000001, 37.7240102], [-122.15918660000001, 37.72913009999999], [-122.14897, 37.72969309999999], [-122.14628919999998, 37.7284147], [-122.1458105, 37.727769099999996], [-122.14542969999998, 37.726866], [-122.1512308, 37.72158], [-122.15384910000002, 37.7210633]]]}}, {"type": "Feature", "properties": {"route": "34", "stop": "Davis St & Wayne Av", "re_ratio": 0.5254}, "geometry": {"type": "Polygon", "coordinates": [[[-122.169308, 37.716937599999994], [-122.17294090000001, 37.7182451], [-122.175867, 37.7202992], [-122.17470030000001, 37.723049399999994], [-122.1706111, 37.727506700000006], [-122.16180420000002, 37.724401400000005], [-122.16102180000001, 37.7240102], [-122.1610591, 37.7235685], [-122.16119680000001, 37.722661300000006], [-122.16160450000001, 37.721312399999995], [-122.16282620000001, 37.71751729999999], [-122.165649, 37.71708420000001], [-122.169308, 37.716937599999994]]]}}, {"type": "Feature", "properties": {"route": "34", "stop": "Davis St & Frederick Rd", "re_ratio": 0.4462}, "geometry": {"type": "Polygon", "coordinates": [[[-122.169308, 37.716937599999994], [-122.1791527, 37.717448499999996], [-122.18095630000002, 37.71768960000001], [-122.18107280000001, 37.7181132], [-122.18025580000001, 37.719619099999996], [-122.17813850000002, 37.722204], [-122.1748331, 37.7253414], [-122.1737715, 37.7262964], [-122.1662518, 37.722713600000006], [-122.16556000000001, 37.7217793], [-122.16519760000001, 37.7212423], [-122.16617299999999, 37.7201684], [-122.169308, 37.716937599999994]]]}}, {"type": "Feature", "properties": {"route": "34", "stop": "Spruce St & Elm St", "re_ratio": 0.23}, "geometry": {"type": "Polygon", "coordinates": [[[-122.1600575, 37.6931373], [-122.1609956, 37.6939329], [-122.1630709, 37.6961945], [-122.1640387, 37.6976768], [-122.1642305, 37.70011079999999], [-122.1628468, 37.700992500000005], [-122.1596535, 37.7020294], [-122.156792, 37.700736799999994], [-122.1563107, 37.7000106], [-122.15591060000001, 37.69940679999999], [-122.15784360000002, 37.6951707], [-122.1600575, 37.6931373]]]}}, {"type": "Feature", "properties": {"route": "34", "stop": "Merced St & Cedar Av", "re_ratio": 0.3329}, "geometry": {"type": "Polygon", "coordinates": [[[-122.163376, 37.69484440000001], [-122.16986620000002, 37.69657039999999], [-122.17112349999998, 37.6995225], [-122.1710218, 37.7022802], [-122.17011079999999, 37.70468439999999], [-122.16944840000001, 37.70639179999999], [-122.1665572, 37.70572380000001], [-122.1655689, 37.705457199999984], [-122.16457980000001, 37.7049774], [-122.16359309999999, 37.7009596], [-122.1632186, 37.6950549], [-122.163376, 37.69484440000001]]]}}, {"type": "Feature", "properties": {"route": "34", "stop": "Estudillo Av & Morgan Av", "re_ratio": 0.5589}, "geometry": {"type": "Polygon", "coordinates": [[[-122.1415987, 37.723456], [-122.14929389999999, 37.726278900000004], [-122.1500669, 37.72660200000001], [-122.1491441, 37.72817400000001], [-122.14733230000002, 37.730940999999994], [-122.14022270000001, 37.734461], [-122.13443400000001, 37.73199979999999], [-122.13362429999998, 37.73124819999999], [-122.1346886, 37.7288833], [-122.1374878, 37.72385679999999], [-122.13796460000002, 37.7237267], [-122.1388691, 37.7234799], [-122.1415987, 37.723456]]]}}, {"type": "Feature", "properties": {"route": "34", "stop": "Wiley St & Purdue St", "re_ratio": 0.561}, "geometry": {"type": "Polygon", "coordinates": [[[-122.15583200000002, 37.6886254], [-122.1597661, 37.69104020000001], [-122.1630709, 37.6961945], [-122.1621609, 37.6984529], [-122.1571754, 37.7013154], [-122.15136160000002, 37.699185], [-122.14795670000001, 37.6954158], [-122.1522484, 37.691176399999996], [-122.15583200000002, 37.6886254]]]}}, {"type": "Feature", "properties": {"route": "34", "stop": "Estudillo Av & MacArthur Blvd", "re_ratio": 0.5832}, "geometry": {"type": "Polygon", "coordinates": [[[-122.13796460000002, 37.7237267], [-122.1421136, 37.72475279999999], [-122.1450455, 37.72595299999999], [-122.1478923, 37.7271903], [-122.1465903, 37.7290914], [-122.14084489999999, 37.7360439], [-122.1407034, 37.73602859999999], [-122.1386822, 37.7355551], [-122.1316655, 37.7326339], [-122.134646, 37.72613659999999], [-122.1374878, 37.72385679999999], [-122.13796460000002, 37.7237267]]]}}, {"type": "Feature", "properties": {"route": "34", "stop": "Estudillo Av & Bancroft Av", "re_ratio": 0.6075}, "geometry": {"type": "Polygon", "coordinates": [[[-122.1450658, 37.7206737], [-122.1521484, 37.7230168], [-122.15263859999999, 37.7231804], [-122.1561738, 37.7245515], [-122.1565286, 37.7251081], [-122.15101360000001, 37.7336148], [-122.15025010000001, 37.7333665], [-122.14213860000001, 37.73030610000001], [-122.13996679999998, 37.7293778], [-122.1403536, 37.72825179999999], [-122.1450658, 37.7206737]]]}}, {"type": "Feature", "properties": {"route": "34", "stop": "Merced St & Fairway Dr", "re_ratio": 0.5505}, "geometry": {"type": "Polygon", "coordinates": [[[-122.16534820000001, 37.6972356], [-122.1677651, 37.69782180000001], [-122.17544170000001, 37.7004073], [-122.1706939, 37.70865719999999], [-122.1699377, 37.70906579999999], [-122.16935830000001, 37.70918439999999], [-122.1642889, 37.70804969999999], [-122.16377690000002, 37.7078877], [-122.1632054, 37.7077013], [-122.1620631, 37.706918800000004], [-122.1612233, 37.70601279999999], [-122.1608341, 37.7054746], [-122.16116340000002, 37.7030229], [-122.16505900000001, 37.6973521], [-122.16517020000002, 37.697306600000005], [-122.16534820000001, 37.6972356]]]}}, {"type": "Feature", "properties": {"route": "34", "stop": "Wiley St & Bethany St", "re_ratio": 0.1156}, "geometry": {"type": "Polygon", "coordinates": [[[-122.1634204, 37.6918277], [-122.16537369999999, 37.6925069], [-122.165641, 37.6927467], [-122.1661167, 37.6966371], [-122.1662847, 37.6984705], [-122.1663571, 37.701814999999996], [-122.1646452, 37.7011673], [-122.1644178, 37.7006242], [-122.1627565, 37.69401659999999], [-122.1626727, 37.693436399999996], [-122.1630772, 37.6918442], [-122.1634204, 37.6918277]]]}}, {"type": "Feature", "properties": {"route": "34", "stop": "Merced St & Williams St", "re_ratio": 0.3381}, "geometry": {"type": "Polygon", "coordinates": [[[-122.1722924, 37.706789499999985], [-122.1736497, 37.7068205], [-122.17467920000001, 37.7070707], [-122.18103260000001, 37.7087939], [-122.1810718, 37.7088539], [-122.1788113, 37.713247399999986], [-122.1770227, 37.7147283], [-122.1736789, 37.714434100000005], [-122.1728028, 37.71406009999999], [-122.1701967, 37.71241729999999], [-122.17005800000001, 37.71231720000001], [-122.16917830000001, 37.71115480000001], [-122.1684458, 37.709885299999996], [-122.16959230000002, 37.7072884], [-122.1722924, 37.706789499999985]]]}}, {"type": "Feature", "properties": {"route": "34", "stop": "Merced St & Marina Blvd", "re_ratio": 0.4229}, "geometry": {"type": "Polygon", "coordinates": [[[-122.16803910000002, 37.7042854], [-122.1763963, 37.7049084], [-122.17838150000001, 37.705526799999994], [-122.1784267, 37.70559589999999], [-122.1782014, 37.7063026], [-122.17625350000002, 37.7107049], [-122.1762036, 37.71080059999999], [-122.17536660000002, 37.711252599999995], [-122.17323919999998, 37.71189069999999], [-122.16386910000001, 37.711523799999995], [-122.16371729999999, 37.7114396], [-122.16363480000001, 37.71116080000001], [-122.16510520000001, 37.70711239999999], [-122.1659737, 37.7053068], [-122.16620510000001, 37.705178399999994], [-122.16788790000001, 37.704342099999984], [-122.16803910000002, 37.7042854]]]}}, {"type": "Feature", "properties": {"route": "34", "stop": "EstudillAv & Morgan Av", "re_ratio": 0.5589}, "geometry": {"type": "Polygon", "coordinates": [[[-122.1415987, 37.723456], [-122.14929389999999, 37.726278900000004], [-122.1500669, 37.72660200000001], [-122.1491441, 37.72817400000001], [-122.14733230000002, 37.730940999999994], [-122.14022270000001, 37.734461], [-122.13443400000001, 37.73199979999999], [-122.13362429999998, 37.73124819999999], [-122.1346886, 37.7288833], [-122.1374878, 37.72385679999999], [-122.13796460000002, 37.7237267], [-122.1388691, 37.7234799], [-122.1415987, 37.723456]]]}}, {"type": "Feature", "properties": {"route": "34", "stop": "Estudillo Av & Santa Rosa St", "re_ratio": 0.5102}, "geometry": {"type": "Polygon", "coordinates": [[[-122.15038810000001, 37.7209465], [-122.15427750000002, 37.721069699999994], [-122.1573575, 37.72210849999999], [-122.160224, 37.72311999999999], [-122.16027560000002, 37.72319209999999], [-122.1586328, 37.728379399999994], [-122.14850549999998, 37.730275799999994], [-122.143691, 37.728352], [-122.1450455, 37.72595299999999], [-122.1461512, 37.7246609], [-122.15038810000001, 37.7209465]]]}}, {"type": "Feature", "properties": {"route": "34", "stop": "MacArthur Blvd & Fortuna Av", "re_ratio": 0.3896}, "geometry": {"type": "Polygon", "coordinates": [[[-122.1391032, 37.7303793], [-122.1434753, 37.7319343], [-122.1468594, 37.7342868], [-122.14926030000001, 37.736387500000006], [-122.14809439999999, 37.74057909999999], [-122.1452879, 37.741112799999996], [-122.13673610000001, 37.73610539999999], [-122.1366817, 37.7343514], [-122.1391032, 37.7303793]]]}}, {"type": "Feature", "properties": {"route": "34", "stop": "Wiley St & Ottawa Av", "re_ratio": 0.0732}, "geometry": {"type": "Polygon", "coordinates": [[[-122.1623495, 37.70145459999999], [-122.1652976, 37.704074199999994], [-122.16639079999999, 37.705113299999994], [-122.1659737, 37.7053068], [-122.1655689, 37.705457199999984], [-122.1642206, 37.7057012], [-122.1615338, 37.70575389999999], [-122.1602561, 37.70294749999999], [-122.1623495, 37.70145459999999]]]}}, {"type": "Feature", "properties": {"route": "34", "stop": "Kaiser Hospital San Leandro", "re_ratio": 0.4892}, "geometry": {"type": "Polygon", "coordinates": [[[-122.16586510000002, 37.6994998], [-122.1659754, 37.699502300000006], [-122.1728904, 37.7014977], [-122.173094, 37.7039098], [-122.1715616, 37.70834179999999], [-122.1711512, 37.70927450000001], [-122.1684458, 37.709885299999996], [-122.15935559999998, 37.70742620000001], [-122.15920660000002, 37.7072032], [-122.160845, 37.7028615], [-122.16586510000002, 37.6994998]]]}}, {"type": "Feature", "properties": {"route": "34", "stop": "Estudillo Av & Bancroft Av", "re_ratio": 0.5881}, "geometry": {"type": "Polygon", "coordinates": [[[-122.1454822, 37.7216733], [-122.1522403, 37.722779499999994], [-122.15669369999999, 37.72452370000001], [-122.156873, 37.72480399999999], [-122.15576480000001, 37.727078], [-122.150847, 37.733377600000004], [-122.14722850000001, 37.7320804], [-122.13996679999998, 37.7293778], [-122.14381810000002, 37.72318009999999], [-122.1446476, 37.721903299999994], [-122.1454822, 37.7216733]]]}}, {"type": "Feature", "properties": {"route": "34", "stop": "Spruce St & Acacia St", "re_ratio": 0.0943}, "geometry": {"type": "Polygon", "coordinates": [[[-122.1623495, 37.70145459999999], [-122.1652976, 37.704074199999994], [-122.16639079999999, 37.705113299999994], [-122.1641134, 37.7068841], [-122.1639412, 37.7069611], [-122.16354080000002, 37.7069204], [-122.16254780000001, 37.706715], [-122.1618993, 37.706377999999994], [-122.1612233, 37.70601279999999], [-122.1602561, 37.70294749999999], [-122.1623495, 37.70145459999999]]]}}, {"type": "Feature", "properties": {"route": "34", "stop": "Farnsworth St & Avon Av", "re_ratio": 0.5964}, "geometry": {"type": "Polygon", "coordinates": [[[-122.1497364, 37.687468899999985], [-122.15359899999999, 37.68806059999999], [-122.15582880000001, 37.6892473], [-122.15759170000001, 37.691115200000006], [-122.15784360000002, 37.6951707], [-122.1552784, 37.69862429999999], [-122.1479662, 37.699230799999995], [-122.14316110000001, 37.69352659999999], [-122.14814299999999, 37.688415899999995], [-122.1497364, 37.687468899999985]]]}}, {"type": "Feature", "properties": {"route": "34", "stop": "Merced St & Railroad Crossing (Near W Ave. 140th)", "re_ratio": 0.4613}, "geometry": {"type": "Polygon", "coordinates": [[[-122.16402629999999, 37.6958223], [-122.16598930000002, 37.69643489999999], [-122.1680586, 37.6974945], [-122.17112349999998, 37.6995225], [-122.1736165, 37.701193499999995], [-122.1707725, 37.7073083], [-122.1700713, 37.708045], [-122.1697504, 37.70817310000001], [-122.1634244, 37.7067436], [-122.1616356, 37.70616429999998], [-122.16161350000002, 37.7059596], [-122.1639235, 37.695864699999994], [-122.16402629999999, 37.6958223]]]}}, {"type": "Feature", "properties": {"route": "34", "stop": "Purdue St & Esser Av", "re_ratio": 0.5652}, "geometry": {"type": "Polygon", "coordinates": [[[-122.151552, 37.6902722], [-122.15581639999999, 37.69051400000001], [-122.1600575, 37.6931373], [-122.1609956, 37.6939329], [-122.1624084, 37.6958011], [-122.1583554, 37.7000662], [-122.156792, 37.700736799999994], [-122.1479662, 37.699230799999995], [-122.14611849999999, 37.69555359999999], [-122.1467153, 37.6946543], [-122.14777640000001, 37.6934679], [-122.151552, 37.6902722]]]}}, {"type": "Feature", "properties": {"route": "34", "stop": "Estudillo Av & Santa Rosa St", "re_ratio": 0.5102}, "geometry": {"type": "Polygon", "coordinates": [[[-122.15038810000001, 37.7209465], [-122.15427750000002, 37.721069699999994], [-122.1573575, 37.72210849999999], [-122.160224, 37.72311999999999], [-122.16027560000002, 37.72319209999999], [-122.1586328, 37.728379399999994], [-122.14850549999998, 37.730275799999994], [-122.143691, 37.728352], [-122.1450455, 37.72595299999999], [-122.1461512, 37.7246609], [-122.15038810000001, 37.7209465]]]}}, {"type": "Feature", "properties": {"route": "34", "stop": "Foothill Blvd & 106th Av", "re_ratio": 0.5625}, "geometry": {"type": "Polygon", "coordinates": [[[-122.15064289999998, 37.73886079999999], [-122.1568154, 37.7415656], [-122.15696910000001, 37.7456506], [-122.15676039999998, 37.7466991], [-122.1523534, 37.7486622], [-122.15142640000002, 37.7489055], [-122.14610100000002, 37.74751], [-122.1423922, 37.746486000000004], [-122.14346, 37.73908139999999], [-122.1435798, 37.7390252], [-122.15064289999998, 37.73886079999999]]]}}, {"type": "Feature", "properties": {"route": "34", "stop": "Westgate Pkwy & Davis St", "re_ratio": 0.4386}, "geometry": {"type": "Polygon", "coordinates": [[[-122.17558600000001, 37.7131481], [-122.17882499999999, 37.71388850000001], [-122.18287320000002, 37.7150398], [-122.187029, 37.71631020000001], [-122.18450620000002, 37.720103400000006], [-122.18365030000001, 37.721062899999986], [-122.1828774, 37.72180600000001], [-122.1811903, 37.7221391], [-122.17323199999998, 37.7208695], [-122.172219, 37.720461199999995], [-122.1736789, 37.714434100000005], [-122.17493580000001, 37.713404699999984], [-122.1751678, 37.713310299999996], [-122.1753542, 37.7132371], [-122.17558600000001, 37.7131481]]]}}, {"type": "Feature", "properties": {"route": "34", "stop": "Marlow Dr & Revere Av", "re_ratio": 0.4492}, "geometry": {"type": "Polygon", "coordinates": [[[-122.1394062, 37.72951949999999], [-122.1434753, 37.7319343], [-122.1468594, 37.7342868], [-122.1451628, 37.7391956], [-122.1445663, 37.73963750000001], [-122.14412449999999, 37.73981380000001], [-122.13994429999998, 37.741178], [-122.13667729999999, 37.73910140000001], [-122.1352724, 37.7367433], [-122.13479910000001, 37.73476060000001], [-122.13753929999999, 37.7301518], [-122.13769940000002, 37.7300474], [-122.1380432, 37.72989959999999], [-122.1388958, 37.729655099999995], [-122.1394062, 37.72951949999999]]]}}, {"type": "Feature", "properties": {"route": "34", "stop": "Merced St & Cedar Av", "re_ratio": 0.3329}, "geometry": {"type": "Polygon", "coordinates": [[[-122.163376, 37.69484440000001], [-122.16986620000002, 37.69657039999999], [-122.17112349999998, 37.6995225], [-122.1710218, 37.7022802], [-122.17011079999999, 37.70468439999999], [-122.16944840000001, 37.70639179999999], [-122.1665572, 37.70572380000001], [-122.1655689, 37.705457199999984], [-122.16457980000001, 37.7049774], [-122.16359309999999, 37.7009596], [-122.1632186, 37.6950549], [-122.163376, 37.69484440000001]]]}}, {"type": "Feature", "properties": {"route": "34", "stop": "Spruce St & Juniper St", "re_ratio": 0.0805}, "geometry": {"type": "Polygon", "coordinates": [[[-122.1623495, 37.70145459999999], [-122.1652976, 37.704074199999994], [-122.16639079999999, 37.705113299999994], [-122.1659737, 37.7053068], [-122.1655689, 37.705457199999984], [-122.163943, 37.7059348], [-122.1621249, 37.70607510000001], [-122.16133900000001, 37.70603700000001], [-122.1612233, 37.70601279999999], [-122.1602561, 37.70294749999999], [-122.1623495, 37.70145459999999]]]}}, {"type": "Feature", "properties": {"route": "34", "stop": "Estudillo Av & Santa Maria St", "re_ratio": 0.5212}, "geometry": {"type": "Polygon", "coordinates": [[[-122.1519, 37.7220729], [-122.1528703, 37.722155], [-122.15307459999998, 37.722204299999994], [-122.1556728, 37.72303680000001], [-122.1569156, 37.7236089], [-122.1575497, 37.7243151], [-122.1580478, 37.72527869999999], [-122.15781990000002, 37.726361499999996], [-122.15612699999998, 37.72790979999999], [-122.1500763, 37.732245899999995], [-122.14154849999998, 37.7289365], [-122.1458992, 37.7226139], [-122.1519, 37.7220729]]]}}, {"type": "Feature", "properties": {"route": "34", "stop": "Merced St & Marina Blvd", "re_ratio": 0.4168}, "geometry": {"type": "Polygon", "coordinates": [[[-122.16783869999999, 37.7047408], [-122.1686554, 37.7047948], [-122.17727770000002, 37.7055842], [-122.1778092, 37.705737899999995], [-122.1778701, 37.7058283], [-122.17785800000001, 37.7064426], [-122.17756759999999, 37.71015320000001], [-122.17738430000001, 37.7105494], [-122.17652359999998, 37.7113062], [-122.17400450000001, 37.711943599999984], [-122.16445500000002, 37.711946499999996], [-122.16402989999999, 37.71194359999999], [-122.1639074, 37.7117565], [-122.16371729999999, 37.7114396], [-122.1659737, 37.7053068], [-122.16620510000001, 37.705178399999994], [-122.16639079999999, 37.705113299999994], [-122.16783869999999, 37.7047408]]]}}, {"type": "Feature", "properties": {"route": "34", "stop": "Purdue St & Farnsworth St", "re_ratio": 0.6069}, "geometry": {"type": "Polygon", "coordinates": [[[-122.15204370000001, 37.6888969], [-122.15310120000001, 37.6893432], [-122.155827, 37.6911674], [-122.16027320000002, 37.69464849999999], [-122.16055530000001, 37.695028400000005], [-122.1571064, 37.69967679999999], [-122.1563107, 37.7000106], [-122.1486425, 37.70064119999999], [-122.14658890000001, 37.6995255], [-122.145052, 37.694538800000004], [-122.1451001, 37.6935543], [-122.1504338, 37.6889346], [-122.1512352, 37.6889149], [-122.15204370000001, 37.6888969]]]}}, {"type": "Feature", "properties": {"route": "34", "stop": "Davis St & Orchard Av", "re_ratio": 0.5302}, "geometry": {"type": "Polygon", "coordinates": [[[-122.1628045, 37.7163784], [-122.1695836, 37.7191841], [-122.172219, 37.720461199999995], [-122.17235260000001, 37.7211358], [-122.1699697, 37.724922799999995], [-122.16785, 37.7266911], [-122.1659653, 37.727064], [-122.16366210000001, 37.7271954], [-122.15825920000002, 37.72595990000001], [-122.15754430000001, 37.72569549999999], [-122.15734749999999, 37.7255776], [-122.15908970000001, 37.720092], [-122.16019770000001, 37.71796019999999], [-122.1617006, 37.7168433], [-122.16216280000002, 37.71650110000001], [-122.16239380000002, 37.71641339999999], [-122.1628045, 37.7163784]]]}}, {"type": "Feature", "properties": {"route": "34", "stop": "MacArthur Blvd & Lewis Av", "re_ratio": 0.4777}, "geometry": {"type": "Polygon", "coordinates": [[[-122.1397632, 37.73279999999998], [-122.14173800000002, 37.7328239], [-122.14332130000001, 37.73286010000001], [-122.1470012, 37.73352770000002], [-122.1482113, 37.734228900000005], [-122.15110570000002, 37.7376839], [-122.15173970000001, 37.74147959999999], [-122.1515713, 37.7422701], [-122.1484992, 37.74398930000001], [-122.14732630000002, 37.74325319999999], [-122.13673610000001, 37.73610539999999], [-122.13728329999999, 37.7350378], [-122.1397632, 37.73279999999998]]]}}, {"type": "Feature", "properties": {"route": "34", "stop": "Davis St & Orchard Av", "re_ratio": 0.3006}, "geometry": {"type": "Polygon", "coordinates": [[[-122.1609125, 37.71853959999999], [-122.16617299999999, 37.7201684], [-122.1674524, 37.72064929999999], [-122.16838260000002, 37.7211342], [-122.16861010000001, 37.72162699999998], [-122.1686903, 37.72182899999999], [-122.1670618, 37.7268096], [-122.1669696, 37.7268332], [-122.1659653, 37.727064], [-122.16313770000001, 37.72671739999999], [-122.1580478, 37.72527869999999], [-122.1595429, 37.721198799999996], [-122.1601291, 37.719790800000006], [-122.1608099, 37.71858499999999], [-122.1609125, 37.71853959999999]]]}}, {"type": "Feature", "properties": {"route": "34", "stop": "MacArthur Blvd & Mitchell Av", "re_ratio": 0.4746}, "geometry": {"type": "Polygon", "coordinates": [[[-122.1470012, 37.73352770000002], [-122.15291490000001, 37.7368219], [-122.15232140000002, 37.74281030000001], [-122.1484992, 37.74398930000001], [-122.14732630000002, 37.74325319999999], [-122.13874980000001, 37.736873200000005], [-122.13869619999998, 37.736232300000005], [-122.1386822, 37.7355551], [-122.1394247, 37.7346168], [-122.1400884, 37.73378039999999], [-122.14160190000001, 37.733649699999994], [-122.1470012, 37.73352770000002]]]}}, {"type": "Feature", "properties": {"route": "34", "stop": "San Leandro BART", "re_ratio": 0.5059}, "geometry": {"type": "Polygon", "coordinates": [[[-122.15957810000002, 37.716545599999996], [-122.1607842, 37.717234399999995], [-122.1663243, 37.72218819999999], [-122.1662518, 37.722713600000006], [-122.1654297, 37.72561040000001], [-122.1646774, 37.7275925], [-122.1643787, 37.727770799999995], [-122.16414489999998, 37.727778], [-122.162501, 37.727732399999994], [-122.15746380000002, 37.72662489999999], [-122.154284, 37.72544640000001], [-122.152952, 37.723813799999995], [-122.15394339999999, 37.72121109999999], [-122.1549708, 37.71852439999999], [-122.1555259, 37.717173], [-122.1556055, 37.7171364], [-122.1557333, 37.71708280000001], [-122.1558364, 37.7170434], [-122.15957810000002, 37.716545599999996]]]}}, {"type": "Feature", "properties": {"route": "34", "stop": "Westgate Pkwy & #Walmart", "re_ratio": 0.2783}, "geometry": {"type": "Polygon", "coordinates": [[[-122.177145, 37.70952710000001], [-122.17846659999998, 37.709766800000004], [-122.17847930000002, 37.709784], [-122.1816746, 37.71802099999999], [-122.1817123, 37.7181588], [-122.18025580000001, 37.719619099999996], [-122.17644319999998, 37.7178724], [-122.17097, 37.7121136], [-122.1711111, 37.71173919999999], [-122.177145, 37.70952710000001]]]}}, {"type": "Feature", "properties": {"route": "34", "stop": "Hays St & W Juana Av", "re_ratio": 0.5707}, "geometry": {"type": "Polygon", "coordinates": [[[-122.15384889999999, 37.7167718], [-122.1556055, 37.7171364], [-122.15798020000001, 37.71784139999998], [-122.15968220000002, 37.71882070000001], [-122.161812, 37.720726500000005], [-122.16302160000001, 37.721992199999995], [-122.1622417, 37.72474909999999], [-122.1589464, 37.72880440000001], [-122.1583839, 37.7286889], [-122.15247920000002, 37.7269515], [-122.1493649, 37.72578980000001], [-122.1488908, 37.72390839999999], [-122.1497887, 37.72050060000001], [-122.15149670000001, 37.717651000000004], [-122.15384889999999, 37.7167718]]]}}, {"type": "Feature", "properties": {"route": "34", "stop": "Merced St & Fairway Dr", "re_ratio": 0.515}, "geometry": {"type": "Polygon", "coordinates": [[[-122.1646967, 37.6965947], [-122.1680586, 37.6974945], [-122.17461239999999, 37.700768999999994], [-122.173094, 37.7039098], [-122.17041530000002, 37.7084445], [-122.1697125, 37.708734899999996], [-122.16475270000001, 37.7078563], [-122.1624372, 37.7071723], [-122.1620631, 37.706918800000004], [-122.1612233, 37.70601279999999], [-122.16105819999999, 37.70536330000001], [-122.1645701, 37.69683279999999], [-122.1646967, 37.6965947]]]}}, {"type": "Feature", "properties": {"route": "34", "stop": "Hays St & W Juana Av", "re_ratio": 0.5707}, "geometry": {"type": "Polygon", "coordinates": [[[-122.15384889999999, 37.7167718], [-122.1556055, 37.7171364], [-122.15798020000001, 37.71784139999998], [-122.15968220000002, 37.71882070000001], [-122.161812, 37.720726500000005], [-122.16302160000001, 37.721992199999995], [-122.1622417, 37.72474909999999], [-122.1589464, 37.72880440000001], [-122.1583839, 37.7286889], [-122.15247920000002, 37.7269515], [-122.1493649, 37.72578980000001], [-122.1488908, 37.72390839999999], [-122.1497887, 37.72050060000001], [-122.15149670000001, 37.717651000000004], [-122.15384889999999, 37.7167718]]]}}, {"type": "Feature", "properties": {"route": "34", "stop": "Kaiser Hospital San Leandro", "re_ratio": 0.4621}, "geometry": {"type": "Polygon", "coordinates": [[[-122.1655382, 37.700222100000005], [-122.1672845, 37.7006212], [-122.1714752, 37.7020903], [-122.173094, 37.7039098], [-122.1723531, 37.7081346], [-122.17169340000001, 37.70972329999999], [-122.1714938, 37.7098098], [-122.1708577, 37.70995979999999], [-122.1684458, 37.709885299999996], [-122.15920660000002, 37.7072032], [-122.160845, 37.7028615], [-122.16512310000002, 37.7003374], [-122.1653286, 37.700222399999994], [-122.1655382, 37.700222100000005]]]}}, {"type": "Feature", "properties": {"route": "34", "stop": "Merced St & W Avenue 140th", "re_ratio": 0.4453}, "geometry": {"type": "Polygon", "coordinates": [[[-122.163821, 37.695275599999995], [-122.1680586, 37.6974945], [-122.17112349999998, 37.6995225], [-122.1728904, 37.7014977], [-122.1730148, 37.701679], [-122.1721202, 37.70432279999999], [-122.1707725, 37.7073083], [-122.1700713, 37.708045], [-122.16331739999998, 37.7065821], [-122.1621249, 37.70607510000001], [-122.16210410000001, 37.70582350000001], [-122.16360500000002, 37.695794], [-122.16365939999999, 37.69546170000001], [-122.163821, 37.695275599999995]]]}}, {"type": "Feature", "properties": {"route": "34", "stop": "MacArthur Blvd & Estudillo Av", "re_ratio": 0.5626}, "geometry": {"type": "Polygon", "coordinates": [[[-122.1397161, 37.7246904], [-122.1458105, 37.727769099999996], [-122.14628919999998, 37.7284147], [-122.1465903, 37.7290914], [-122.1468827, 37.7297658], [-122.14356730000002, 37.73437460000001], [-122.142238, 37.7361944], [-122.1412139, 37.736894799999995], [-122.13869619999998, 37.736232300000005], [-122.13297920000001, 37.7329057], [-122.132189, 37.7322925], [-122.1320094, 37.7321094], [-122.134646, 37.72613659999999], [-122.1397161, 37.7246904]]]}}, {"type": "Feature", "properties": {"route": "34", "stop": "Estudillo Av & E 14th St", "re_ratio": 0.5397}, "geometry": {"type": "Polygon", "coordinates": [[[-122.1528233, 37.7193283], [-122.1592548, 37.720930800000005], [-122.1611432, 37.7220931], [-122.16207, 37.7234887], [-122.16206590000002, 37.7238664], [-122.16204710000001, 37.7243017], [-122.16187279999998, 37.72479690000001], [-122.1597514, 37.7298865], [-122.1591302, 37.7297973], [-122.15667959999999, 37.7293062], [-122.1493516, 37.7278077], [-122.1474696, 37.7273079], [-122.14689540000002, 37.7265957], [-122.1468359, 37.72648019999998], [-122.1497887, 37.72050060000001], [-122.1528233, 37.7193283]]]}}, {"type": "Feature", "properties": {"route": "34", "stop": "Purdue St & Farnsworth St", "re_ratio": 0.6069}, "geometry": {"type": "Polygon", "coordinates": [[[-122.15204370000001, 37.6888969], [-122.15310120000001, 37.6893432], [-122.155827, 37.6911674], [-122.16027320000002, 37.69464849999999], [-122.16055530000001, 37.695028400000005], [-122.1571064, 37.69967679999999], [-122.1563107, 37.7000106], [-122.1486425, 37.70064119999999], [-122.14658890000001, 37.6995255], [-122.145052, 37.694538800000004], [-122.1451001, 37.6935543], [-122.1504338, 37.6889346], [-122.1512352, 37.6889149], [-122.15204370000001, 37.6888969]]]}}, {"type": "Feature", "properties": {"route": "9", "stop": "E 14th St & Dolores Av", "re_ratio": 0.5649}, "geometry": {"type": "Polygon", "coordinates": [[[-122.1525071, 37.7184429], [-122.1592035, 37.72028219999999], [-122.16031170000001, 37.721101899999994], [-122.160397, 37.721220800000005], [-122.16027560000002, 37.72319209999999], [-122.158544, 37.7282592], [-122.15184470000001, 37.7282696], [-122.14994529999998, 37.7276463], [-122.14833260000002, 37.7270727], [-122.14713730000001, 37.726537799999996], [-122.1461512, 37.7246609], [-122.14576119999998, 37.7237545], [-122.1474526, 37.7187645], [-122.1525071, 37.7184429]]]}}, {"type": "Feature", "properties": {"route": "9", "stop": "E 14th St & Elgin St", "re_ratio": 0.5737}, "geometry": {"type": "Polygon", "coordinates": [[[-122.1056198, 37.687275299999996], [-122.11518710000001, 37.68950110000001], [-122.11784349999999, 37.6913346], [-122.11782970000002, 37.6917163], [-122.1165468, 37.69683020000001], [-122.1109631, 37.696946999999994], [-122.1074683, 37.69686049999999], [-122.10288969999999, 37.69590749999999], [-122.10308050000002, 37.68752750000001], [-122.1056198, 37.687275299999996]]]}}, {"type": "Feature", "properties": {"route": "9", "stop": "Hays St & W Estudillo Av", "re_ratio": 0.6211}, "geometry": {"type": "Polygon", "coordinates": [[[-122.153886, 37.71899100000001], [-122.1578927, 37.71955649999999], [-122.15965160000002, 37.719995499999996], [-122.1651239, 37.722265300000004], [-122.1646798, 37.724121999999994], [-122.163751, 37.72712299999999], [-122.1604339, 37.73080539999999], [-122.15553269999998, 37.72985039999999], [-122.1494984, 37.7267578], [-122.1509652, 37.72138290000001], [-122.153886, 37.71899100000001]]]}}, {"type": "Feature", "properties": {"route": "9", "stop": "E 14th St & 159th Av", "re_ratio": 0.6344}, "geometry": {"type": "Polygon", "coordinates": [[[-122.11897910000002, 37.6934862], [-122.121399, 37.69429389999999], [-122.1255621, 37.69640840000002], [-122.12646089999998, 37.6969098], [-122.12652270000001, 37.69695209999998], [-122.1272408, 37.6975709], [-122.1273341, 37.70438190000001], [-122.12347130000002, 37.7056006], [-122.1204637, 37.7058268], [-122.11768540000001, 37.70521229999999], [-122.1171648, 37.704965], [-122.1168916, 37.7048352], [-122.11572200000002, 37.703454699999995], [-122.1142547, 37.6997934], [-122.114109, 37.69921239999999], [-122.11396750000002, 37.695347899999994], [-122.1140264, 37.69506379999999], [-122.11897910000002, 37.6934862]]]}}, {"type": "Feature", "properties": {"route": "9", "stop": "E 14th St & 170th Av", "re_ratio": 0.4808}, "geometry": {"type": "Polygon", "coordinates": [[[-122.10106800000001, 37.68578250000001], [-122.1024068, 37.6859048], [-122.1057357, 37.6864523], [-122.1080311, 37.686872400000006], [-122.1100239, 37.6873417], [-122.11544369999999, 37.6913089], [-122.11412870000001, 37.695203], [-122.11396750000002, 37.695347899999994], [-122.105207, 37.6954593], [-122.105003, 37.6952324], [-122.1022641, 37.691837699999994], [-122.1018429, 37.691115700000005], [-122.10079919999998, 37.68596360000001], [-122.10106800000001, 37.68578250000001]]]}}, {"type": "Feature", "properties": {"route": "9", "stop": "E 14th St & Joaquin Av", "re_ratio": 0.6303}, "geometry": {"type": "Polygon", "coordinates": [[[-122.1525071, 37.7184429], [-122.1596071, 37.7200996], [-122.1607136, 37.7210785], [-122.16211480000001, 37.7235575], [-122.16207680000001, 37.7248143], [-122.16014210000002, 37.7292614], [-122.1597514, 37.7298865], [-122.1591302, 37.7297973], [-122.1565217, 37.729381100000005], [-122.1493516, 37.7278077], [-122.1478923, 37.7271903], [-122.14689540000002, 37.7265957], [-122.1468359, 37.72648019999998], [-122.1483725, 37.7194495], [-122.15225690000001, 37.7184824], [-122.1525071, 37.7184429]]]}}, {"type": "Feature", "properties": {"route": "9", "stop": "159th Av & E 14th St", "re_ratio": 0.6121}, "geometry": {"type": "Polygon", "coordinates": [[[-122.1215183, 37.693701299999994], [-122.1289562, 37.6976826], [-122.12836590000002, 37.6995595], [-122.12695710000001, 37.70380740000001], [-122.12590100000001, 37.7042335], [-122.1230837, 37.705358700000005], [-122.12115070000002, 37.7056386], [-122.1171648, 37.704965], [-122.1168916, 37.7048352], [-122.11572200000002, 37.703454699999995], [-122.11513259999998, 37.69903459999999], [-122.11489549999999, 37.69573890000001], [-122.1189468, 37.6940601], [-122.1215183, 37.693701299999994]]]}}, {"type": "Feature", "properties": {"route": "9", "stop": "San Leandro BART", "re_ratio": 0.5191}, "geometry": {"type": "Polygon", "coordinates": [[[-122.16010970000002, 37.71641209999999], [-122.1617006, 37.7168433], [-122.16524559999999, 37.7212241], [-122.1659568, 37.72227449999999], [-122.1659734, 37.722397199999996], [-122.1656934, 37.7245066], [-122.16503160000002, 37.72541340000001], [-122.163751, 37.72712299999999], [-122.16366210000001, 37.7271954], [-122.16219770000001, 37.7271584], [-122.1620679, 37.7271407], [-122.15781990000002, 37.726361499999996], [-122.1551779, 37.725209199999995], [-122.15267189999999, 37.7238874], [-122.1545292, 37.71647709999999], [-122.16010970000002, 37.71641209999999]]]}}, {"type": "Feature", "properties": {"route": "9", "stop": "E 14th St & 153rd Av", "re_ratio": 0.6275}, "geometry": {"type": "Polygon", "coordinates": [[[-122.1243839, 37.6984074], [-122.12751350000002, 37.6987638], [-122.12819169999999, 37.6989148], [-122.12982580000002, 37.6995011], [-122.13135240000001, 37.70065299999999], [-122.1326445, 37.70168379999999], [-122.1329502, 37.7020364], [-122.13345439999999, 37.705123799999996], [-122.13300980000001, 37.7083528], [-122.1314248, 37.70921520000001], [-122.1222102, 37.7096559], [-122.120146, 37.7063864], [-122.11992549999998, 37.7008176], [-122.11990320000001, 37.69966], [-122.1200305, 37.69920900000001], [-122.1243839, 37.6984074]]]}}, {"type": "Feature", "properties": {"route": "9", "stop": "E 14th St & Ashland Av", "re_ratio": 0.5983}, "geometry": {"type": "Polygon", "coordinates": [[[-122.12041659999998, 37.6928969], [-122.12062990000001, 37.6930442], [-122.1219517, 37.6940239], [-122.12213600000001, 37.69419630000001], [-122.12618380000002, 37.698161899999995], [-122.125963, 37.7034882], [-122.12312429999999, 37.704485600000005], [-122.1197552, 37.7046927], [-122.11704610000001, 37.70395920000001], [-122.113022, 37.69998069999998], [-122.11275479999999, 37.6954488], [-122.11277729999999, 37.69417369999999], [-122.1141807, 37.693846], [-122.1177686, 37.693145099999995], [-122.1187015, 37.693033400000004], [-122.12041659999998, 37.6928969]]]}}, {"type": "Feature", "properties": {"route": "9", "stop": "Davis St & Clarke St", "re_ratio": 0.6177}, "geometry": {"type": "Polygon", "coordinates": [[[-122.1555798, 37.7194079], [-122.1578927, 37.71955649999999], [-122.15965160000002, 37.719995499999996], [-122.16559759999998, 37.72176329999999], [-122.1656835, 37.7218991], [-122.1659734, 37.722397199999996], [-122.1646774, 37.7275925], [-122.1604339, 37.73080539999999], [-122.15553269999998, 37.72985039999999], [-122.1510272, 37.72735219999999], [-122.1504525, 37.726496699999984], [-122.15172370000002, 37.7219458], [-122.15446350000002, 37.7198622], [-122.1555798, 37.7194079]]]}}, {"type": "Feature", "properties": {"route": "9", "stop": "Bay Fair BART", "re_ratio": 0.4955}, "geometry": {"type": "Polygon", "coordinates": [[[-122.12526, 37.6919325], [-122.12570810000001, 37.6919604], [-122.1291029, 37.6934031], [-122.13013949999998, 37.693912100000006], [-122.1303535, 37.6940744], [-122.134003, 37.69725409999999], [-122.13135240000001, 37.70065299999999], [-122.13019889999998, 37.701721899999995], [-122.12981090000001, 37.7020728], [-122.12781300000002, 37.7022913], [-122.1261043, 37.70228629999999], [-122.1240451, 37.7016647], [-122.1209037, 37.6999407], [-122.1202877, 37.69317220000001], [-122.12041659999998, 37.6928969], [-122.12526, 37.6919325]]]}}, {"type": "Feature", "properties": {"route": "9", "stop": "E 14th St & 148th Av", "re_ratio": 0.559}, "geometry": {"type": "Polygon", "coordinates": [[[-122.12994190000002, 37.70311939999999], [-122.13581920000001, 37.7037304], [-122.1387121, 37.705317199999996], [-122.1395649, 37.706261399999995], [-122.1402516, 37.712493], [-122.14030300000002, 37.713440399999996], [-122.1402165, 37.71351390000001], [-122.1332839, 37.713622099999995], [-122.13210070000001, 37.71358020000001], [-122.128112, 37.7109209], [-122.12698950000001, 37.707563699999994], [-122.12683170000001, 37.7045158], [-122.12714489999999, 37.704246299999994], [-122.1276892, 37.7038714], [-122.1295603, 37.70314799999999], [-122.12967910000002, 37.70313029999999], [-122.1298632, 37.70312229999999], [-122.12994190000002, 37.70311939999999]]]}}, {"type": "Feature", "properties": {"route": "9", "stop": "E 14th St & W Juana Av", "re_ratio": 0.6501}, "geometry": {"type": "Polygon", "coordinates": [[[-122.1517992, 37.7177156], [-122.158633, 37.71936989999999], [-122.1599683, 37.7197109], [-122.1601291, 37.719790800000006], [-122.16017310000001, 37.71986739999999], [-122.1607136, 37.7210785], [-122.1611432, 37.7220931], [-122.16125229999999, 37.7240602], [-122.15918660000001, 37.72913009999999], [-122.15184470000001, 37.7282696], [-122.14994529999998, 37.7276463], [-122.14833260000002, 37.7270727], [-122.1468359, 37.72648019999998], [-122.1461512, 37.7246609], [-122.1463287, 37.72359839999999], [-122.1474526, 37.7187645], [-122.1475863, 37.7186404], [-122.1515536, 37.71772399999999], [-122.1517992, 37.7177156]]]}}, {"type": "Feature", "properties": {"route": "9", "stop": "E 14th St & Estabrook St", "re_ratio": 0.5774}, "geometry": {"type": "Polygon", "coordinates": [[[-122.1441977, 37.714442299999995], [-122.1462377, 37.714469199999996], [-122.15187280000002, 37.715007800000016], [-122.1544096, 37.7156746], [-122.1556055, 37.7171364], [-122.1555798, 37.7194079], [-122.15504150000001, 37.72373519999999], [-122.154867, 37.7242778], [-122.15255610000001, 37.7243335], [-122.14576119999998, 37.7237545], [-122.14381810000002, 37.72318009999999], [-122.14253700000002, 37.7224792], [-122.1418951, 37.71663019999998], [-122.1417884, 37.715378799999996], [-122.1417877, 37.7149264], [-122.14194959999999, 37.7147843], [-122.14224810000002, 37.7146287], [-122.1441977, 37.714442299999995]]]}}, {"type": "Feature", "properties": {"route": "9", "stop": "E 14th St & 150th Av", "re_ratio": 0.5642}, "geometry": {"type": "Polygon", "coordinates": [[[-122.12982580000002, 37.6995011], [-122.13581920000001, 37.7037304], [-122.1361131, 37.704583], [-122.13429050000002, 37.709249500000006], [-122.1321972, 37.70976710000001], [-122.1292453, 37.7098896], [-122.12800030000001, 37.70986809999999], [-122.1245566, 37.709453999999994], [-122.1229039, 37.7082263], [-122.122227, 37.707284], [-122.12240179999999, 37.7012972], [-122.12244370000002, 37.70102730000001], [-122.1231073, 37.70046889999998], [-122.1238343, 37.7000306], [-122.12982580000002, 37.6995011]]]}}, {"type": "Feature", "properties": {"route": "9", "stop": "E 14th St & Cornwall Way", "re_ratio": 0.4858}, "geometry": {"type": "Polygon", "coordinates": [[[-122.1448168, 37.71245449999999], [-122.14726089999999, 37.712645300000005], [-122.14749190000002, 37.712746200000005], [-122.15299290000002, 37.7171273], [-122.1527069, 37.7194736], [-122.15230430000001, 37.7217047], [-122.1519, 37.7220729], [-122.1514788, 37.72218819999999], [-122.1458992, 37.7226139], [-122.1439923, 37.722082099999994], [-122.14075160000002, 37.717067400000005], [-122.1394526, 37.71487140000001], [-122.13936160000002, 37.71289269999999], [-122.1423415, 37.71263729999999], [-122.1448168, 37.71245449999999]]]}}, {"type": "Feature", "properties": {"route": "9", "stop": "E 14th St & 163rd Av", "re_ratio": 0.5418}, "geometry": {"type": "Polygon", "coordinates": [[[-122.11296699999998, 37.69127790000001], [-122.1156153, 37.69131049999999], [-122.121399, 37.69429389999999], [-122.12244370000002, 37.70102730000001], [-122.1216684, 37.70106940000001], [-122.11539259999999, 37.701388800000004], [-122.1150756, 37.7013665], [-122.1127454, 37.70112149999999], [-122.1102551, 37.700281], [-122.1096275, 37.6997925], [-122.1093934, 37.69823459999999], [-122.1091834, 37.69256250000001], [-122.10918510000002, 37.69212149999999], [-122.11026409999998, 37.6916724], [-122.11296699999998, 37.69127790000001]]]}}, {"type": "Feature", "properties": {"route": "9", "stop": "E 14th St & 141st Av", "re_ratio": 0.6018}, "geometry": {"type": "Polygon", "coordinates": [[[-122.14209509999999, 37.707926900000004], [-122.14483529999998, 37.70888969999999], [-122.144908, 37.708933299999984], [-122.14672030000001, 37.713369699999994], [-122.14583730000001, 37.717539], [-122.145752, 37.717609], [-122.14547820000001, 37.7176347], [-122.143523, 37.717818], [-122.13438749999999, 37.718083400000005], [-122.1339481, 37.71681949999999], [-122.1333828, 37.71465880000001], [-122.13294889999999, 37.71122789999999], [-122.1327699, 37.7092789], [-122.1327465, 37.708169], [-122.1355794, 37.70809080000001], [-122.14209509999999, 37.707926900000004]]]}}, {"type": "Feature", "properties": {"route": "9", "stop": "Coelho Dr & Mooney Av", "re_ratio": 0.5535}, "geometry": {"type": "Polygon", "coordinates": [[[-122.12041659999998, 37.6928969], [-122.12571829999999, 37.6940657], [-122.1301404, 37.69511119999999], [-122.1311501, 37.695778600000004], [-122.13213349999998, 37.696687399999995], [-122.1322005, 37.69706089999999], [-122.13135240000001, 37.70065299999999], [-122.12978000000001, 37.7017196], [-122.12666600000001, 37.7037478], [-122.1261303, 37.7037784], [-122.12546380000002, 37.7037172], [-122.12315060000002, 37.70349269999999], [-122.11871269999999, 37.70203480000001], [-122.11848329999998, 37.7014476], [-122.11819700000001, 37.7005728], [-122.1178713, 37.69782519999998], [-122.12041659999998, 37.6928969]]]}}, {"type": "Feature", "properties": {"route": "9", "stop": "E 14th St & Fairmont Dr", "re_ratio": 0.6415}, "geometry": {"type": "Polygon", "coordinates": [[[-122.1243944, 37.6981351], [-122.12835520000002, 37.698482399999996], [-122.1301164, 37.6990686], [-122.1302356, 37.6991254], [-122.1326445, 37.70168379999999], [-122.1329502, 37.7020364], [-122.13345439999999, 37.705123799999996], [-122.13300980000001, 37.7083528], [-122.1299484, 37.70912889999999], [-122.12250400000002, 37.70926279999999], [-122.120146, 37.7063864], [-122.1195294, 37.7004398], [-122.11944560000002, 37.6989233], [-122.1212031, 37.6985484], [-122.1212363, 37.6985415], [-122.1243944, 37.6981351]]]}}, {"type": "Feature", "properties": {"route": "9", "stop": "E 14th St & W Estudillo Av", "re_ratio": 0.6132}, "geometry": {"type": "Polygon", "coordinates": [[[-122.15258000000001, 37.7188381], [-122.1601267, 37.720627099999994], [-122.16302160000001, 37.721992199999995], [-122.16373070000002, 37.72275859999999], [-122.16393650000002, 37.7230607], [-122.1639458, 37.7231298], [-122.16312329999998, 37.72568489999999], [-122.1609997, 37.7292641], [-122.16010650000001, 37.730367599999994], [-122.15569580000002, 37.7297729], [-122.14815320000001, 37.7271205], [-122.1499568, 37.7206224], [-122.1524169, 37.7189035], [-122.15251260000001, 37.718865099999995], [-122.15258000000001, 37.7188381]]]}}, {"type": "Feature", "properties": {"route": "9", "stop": "E 14th St & Bayfair Dr", "re_ratio": 0.6104}, "geometry": {"type": "Polygon", "coordinates": [[[-122.1232921, 37.6959828], [-122.12478900000002, 37.69616039999999], [-122.1255621, 37.69640840000002], [-122.12646089999998, 37.6969098], [-122.12652270000001, 37.69695209999998], [-122.12962789999999, 37.69952549999999], [-122.1307406, 37.7019676], [-122.13084999999998, 37.70421179999999], [-122.1308494, 37.70425769999999], [-122.13042830000002, 37.7062777], [-122.1300514, 37.7066817], [-122.123317, 37.70821550000001], [-122.1229039, 37.7082263], [-122.1177627, 37.702991100000006], [-122.1175296, 37.7020959], [-122.1171282, 37.697306299999994], [-122.1172134, 37.6972283], [-122.11901129999998, 37.6965876], [-122.1232921, 37.6959828]]]}}, {"type": "Feature", "properties": {"route": "9", "stop": "E 14th St & San Leandro Blvd", "re_ratio": 0.5593}, "geometry": {"type": "Polygon", "coordinates": [[[-122.143866, 37.710248099999994], [-122.1459338, 37.7104823], [-122.15017900000001, 37.7132668], [-122.15076309999999, 37.7138171], [-122.1491654, 37.720039899999996], [-122.1450658, 37.7206737], [-122.13854400000001, 37.71845969999999], [-122.13728720000002, 37.7174338], [-122.136597, 37.712843899999996], [-122.13662170000002, 37.7109028], [-122.13680509999999, 37.7107426], [-122.143866, 37.710248099999994]]]}}, {"type": "Feature", "properties": {"route": "9", "stop": "E 14th St & Castro St", "re_ratio": 0.6144}, "geometry": {"type": "Polygon", "coordinates": [[[-122.1503648, 37.7156135], [-122.15341000000001, 37.7161197], [-122.15460100000001, 37.7164457], [-122.1570977, 37.717660299999984], [-122.1578222, 37.718389099999996], [-122.1565286, 37.7251081], [-122.1519424, 37.7255266], [-122.1467268, 37.724503799999994], [-122.1418653, 37.72266249999999], [-122.14360600000002, 37.715887699999996], [-122.1436921, 37.7157918], [-122.1503648, 37.7156135]]]}}, {"type": "Feature", "properties": {"route": "9", "stop": "E 14th St & Parrott St", "re_ratio": 0.6523}, "geometry": {"type": "Polygon", "coordinates": [[[-122.15103260000001, 37.7167827], [-122.1514888, 37.7168126], [-122.1578222, 37.718389099999996], [-122.1588272, 37.719258499999995], [-122.15888419999999, 37.7193182], [-122.15983049999998, 37.72123150000001], [-122.1591423, 37.72483359999999], [-122.1581087, 37.727670599999996], [-122.152888, 37.72782770000001], [-122.1510272, 37.72735219999999], [-122.1494984, 37.7267578], [-122.1442525, 37.72416710000001], [-122.1446476, 37.721903299999994], [-122.145752, 37.717609], [-122.1466448, 37.71744919999999], [-122.15103260000001, 37.7167827]]]}}, {"type": "Feature", "properties": {"route": "9", "stop": "Coelho Dr & Mooney Av", "re_ratio": 0.5674}, "geometry": {"type": "Polygon", "coordinates": [[[-122.12062990000001, 37.6930442], [-122.12571829999999, 37.6940657], [-122.1301404, 37.69511119999999], [-122.1311501, 37.695778600000004], [-122.13213349999998, 37.696687399999995], [-122.1322005, 37.69706089999999], [-122.13135240000001, 37.70065299999999], [-122.12978000000001, 37.7017196], [-122.12666600000001, 37.7037478], [-122.12312429999999, 37.704485600000005], [-122.11871269999999, 37.70203480000001], [-122.11848329999998, 37.7014476], [-122.11819700000001, 37.7005728], [-122.1178713, 37.69782519999998], [-122.12062990000001, 37.6930442]]]}}, {"type": "Feature", "properties": {"route": "9", "stop": "E 14th St & 150th Av", "re_ratio": 0.6335}, "geometry": {"type": "Polygon", "coordinates": [[[-122.13017759999998, 37.699847000000005], [-122.1329502, 37.7020364], [-122.1361131, 37.704583], [-122.13644330000001, 37.7107724], [-122.13463659999998, 37.711481799999994], [-122.1342473, 37.7115246], [-122.13339680000001, 37.711612200000005], [-122.1299757, 37.7117946], [-122.12369640000001, 37.71041760000001], [-122.12359860000001, 37.7103319], [-122.12343870000001, 37.7100208], [-122.12321300000002, 37.708296399999995], [-122.1230837, 37.705358700000005], [-122.1229396, 37.70138109999999], [-122.13017759999998, 37.699847000000005]]]}}, {"type": "Feature", "properties": {"route": "9", "stop": "E 14th St & San Leandro Blvd", "re_ratio": 0.6152}, "geometry": {"type": "Polygon", "coordinates": [[[-122.143866, 37.710248099999994], [-122.1459338, 37.7104823], [-122.15017900000001, 37.7132668], [-122.150676, 37.713854999999995], [-122.1491654, 37.720039899999996], [-122.1450658, 37.7206737], [-122.1366049, 37.7198713], [-122.13644330000001, 37.7107724], [-122.13680509999999, 37.7107426], [-122.143866, 37.710248099999994]]]}}, {"type": "Feature", "properties": {"route": "9", "stop": "E 14th St & 144th Av", "re_ratio": 0.5334}, "geometry": {"type": "Polygon", "coordinates": [[[-122.13005180000002, 37.7059521], [-122.13779969999999, 37.7061296], [-122.14268560000001, 37.7074089], [-122.1431645, 37.71492769999999], [-122.14317009999999, 37.71536489999999], [-122.14294110000002, 37.71557109999999], [-122.14282569999999, 37.7155859], [-122.1379174, 37.7158457], [-122.1347111, 37.715592799999996], [-122.13048410000002, 37.71132440000001], [-122.1299484, 37.70912889999999], [-122.12972519999998, 37.70612849999999], [-122.13005180000002, 37.7059521]]]}}, {"type": "Feature", "properties": {"route": "9", "stop": "E 14th St & 143rd Av", "re_ratio": 0.5591}, "geometry": {"type": "Polygon", "coordinates": [[[-122.1430367, 37.7067147], [-122.1433002, 37.70688270000001], [-122.144229, 37.70991010000001], [-122.14488650000001, 37.7134934], [-122.14446679999999, 37.71602939999999], [-122.14432499999998, 37.7164145], [-122.1442168, 37.7164838], [-122.1414638, 37.716690699999994], [-122.1366471, 37.71697960000001], [-122.1333828, 37.71465880000001], [-122.13161349999999, 37.71031720000001], [-122.1314248, 37.70921520000001], [-122.1312543, 37.707397499999985], [-122.1313952, 37.707225300000005], [-122.1317039, 37.707148199999985], [-122.1430367, 37.7067147]]]}}, {"type": "Feature", "properties": {"route": "9", "stop": "E 14th St & Blossom Way", "re_ratio": 0.496}, "geometry": {"type": "Polygon", "coordinates": [[[-122.14696750000002, 37.71316259999998], [-122.15299290000002, 37.7171273], [-122.15277420000001, 37.719445], [-122.15230430000001, 37.7217047], [-122.1519, 37.7220729], [-122.1463287, 37.72359839999999], [-122.14339900000002, 37.722244], [-122.13977269999998, 37.717830000000006], [-122.14000939999998, 37.7153642], [-122.1402165, 37.71351390000001], [-122.14030300000002, 37.713440399999996], [-122.14285920000002, 37.71321160000001], [-122.14696750000002, 37.71316259999998]]]}}, {"type": "Feature", "properties": {"route": "9", "stop": "E 14th St & Bayfair Dr", "re_ratio": 0.6029}, "geometry": {"type": "Polygon", "coordinates": [[[-122.1189207, 37.696166999999996], [-122.12490190000001, 37.6963336], [-122.1250803, 37.696447199999994], [-122.12660639999999, 37.6975801], [-122.1291173, 37.699537400000004], [-122.1298941, 37.701011], [-122.1301591, 37.70158309999999], [-122.13019889999998, 37.701721899999995], [-122.13021320000001, 37.70206889999999], [-122.1302066, 37.7045353], [-122.1300412, 37.705460399999986], [-122.12972519999998, 37.70612849999999], [-122.1295375, 37.706277], [-122.1229039, 37.7082263], [-122.1174215, 37.7033349], [-122.11686360000002, 37.701625899999996], [-122.11652040000001, 37.69783209999999], [-122.1165468, 37.69683020000001], [-122.1178184, 37.6964637], [-122.1189207, 37.696166999999996]]]}}, {"type": "Feature", "properties": {"route": "9", "stop": "E 14th St & Estabrook St", "re_ratio": 0.5849}, "geometry": {"type": "Polygon", "coordinates": [[[-122.1458485, 37.7141553], [-122.14952699999999, 37.71434260000001], [-122.1546009, 37.715583499999994], [-122.1556055, 37.7171364], [-122.154887, 37.722646799999985], [-122.154459, 37.7239778], [-122.1537182, 37.72407469999998], [-122.14576119999998, 37.7237545], [-122.14253700000002, 37.7224792], [-122.14138490000002, 37.716268], [-122.14148850000001, 37.71518929999999], [-122.1417877, 37.7149264], [-122.14194959999999, 37.7147843], [-122.14268130000002, 37.714270699999986], [-122.1458485, 37.7141553]]]}}, {"type": "Feature", "properties": {"route": "9", "stop": "E 14th St & 164th Av", "re_ratio": 0.6105}, "geometry": {"type": "Polygon", "coordinates": [[[-122.1104551, 37.689413699999996], [-122.11518710000001, 37.68950110000001], [-122.11893350000001, 37.69189359999999], [-122.12041659999998, 37.6928969], [-122.12062990000001, 37.6930442], [-122.12028210000001, 37.6986449], [-122.1202325, 37.699251200000006], [-122.120171, 37.69942939999999], [-122.1142547, 37.6997934], [-122.1083442, 37.700105499999985], [-122.10767030000001, 37.6981932], [-122.106926, 37.6957344], [-122.1071376, 37.6906905], [-122.1074847, 37.690392299999985], [-122.1079906, 37.69007659999999], [-122.1104551, 37.689413699999996]]]}}, {"type": "Feature", "properties": {"route": "9", "stop": "E 14th St & 164th Av", "re_ratio": 0.6123}, "geometry": {"type": "Polygon", "coordinates": [[[-122.1104551, 37.689413699999996], [-122.11518710000001, 37.68950110000001], [-122.11893350000001, 37.69189359999999], [-122.12041659999998, 37.6928969], [-122.12062990000001, 37.6930442], [-122.12048889999998, 37.6995293], [-122.11693080000002, 37.699789], [-122.1083442, 37.700105499999985], [-122.10767030000001, 37.6981932], [-122.1074683, 37.69686049999999], [-122.1071471, 37.691779399999994], [-122.1071376, 37.6906905], [-122.1074847, 37.690392299999985], [-122.1079906, 37.69007659999999], [-122.1104551, 37.689413699999996]]]}}, {"type": "Feature", "properties": {"route": "9", "stop": "E 14th St & 148th Av", "re_ratio": 0.5529}, "geometry": {"type": "Polygon", "coordinates": [[[-122.1298416, 37.70232719999999], [-122.13581920000001, 37.7037304], [-122.1387121, 37.705317199999996], [-122.1395432, 37.71014819999999], [-122.13967240000001, 37.712979399999995], [-122.1381749, 37.7130076], [-122.1327415, 37.7130619], [-122.1297672, 37.711999899999995], [-122.128112, 37.7109209], [-122.12645720000002, 37.7079761], [-122.12618030000002, 37.70408259999999], [-122.1261682, 37.703740200000006], [-122.1262309, 37.703687599999995], [-122.1298416, 37.70232719999999]]]}}, {"type": "Feature", "properties": {"route": "9", "stop": "E 14th St & San Leandro Hospital", "re_ratio": 0.621}, "geometry": {"type": "Polygon", "coordinates": [[[-122.14483529999998, 37.70888969999999], [-122.144908, 37.708933299999984], [-122.1488841, 37.7133053], [-122.14910880000001, 37.71361900000001], [-122.1475425, 37.718831299999984], [-122.1444574, 37.7192684], [-122.13596679999999, 37.7190203], [-122.1357608, 37.718891299999996], [-122.1345636, 37.71201010000001], [-122.1344867, 37.7113775], [-122.13450140000002, 37.7093954], [-122.13720209999998, 37.7092496], [-122.14080149999998, 37.70905719999999], [-122.14483529999998, 37.70888969999999]]]}}, {"type": "Feature", "properties": {"route": "9", "stop": "E 14th St & Ashland Av", "re_ratio": 0.5928}, "geometry": {"type": "Polygon", "coordinates": [[[-122.11893350000001, 37.69189359999999], [-122.12041659999998, 37.6928969], [-122.12062990000001, 37.6930442], [-122.12082750000002, 37.693190400000006], [-122.1219517, 37.6940239], [-122.12213600000001, 37.69419630000001], [-122.1223812, 37.6944627], [-122.12490369999999, 37.6980086], [-122.12518480000001, 37.7029341], [-122.12511469999998, 37.7030099], [-122.1221884, 37.703866500000004], [-122.11978529999999, 37.70390679999999], [-122.1174215, 37.7033349], [-122.1127454, 37.70112149999999], [-122.1121082, 37.69877399999999], [-122.1119422, 37.693585199999994], [-122.11893350000001, 37.69189359999999]]]}}, {"type": "Feature", "properties": {"route": "9", "stop": "E 14th St & 159th Av", "re_ratio": 0.638}, "geometry": {"type": "Polygon", "coordinates": [[[-122.1189468, 37.6940601], [-122.1255621, 37.69640840000002], [-122.12652270000001, 37.69695209999998], [-122.1272408, 37.6975709], [-122.1279735, 37.702253899999995], [-122.1280042, 37.702636099999985], [-122.1281909, 37.7049958], [-122.12189749999999, 37.707037400000004], [-122.11768540000001, 37.70521229999999], [-122.1171648, 37.704965], [-122.1168916, 37.7048352], [-122.11572200000002, 37.703454699999995], [-122.1150756, 37.7013665], [-122.11470530000001, 37.6966086], [-122.11489549999999, 37.69573890000001], [-122.11561199999998, 37.69538469999999], [-122.1189468, 37.6940601]]]}}, {"type": "Feature", "properties": {"route": "9", "stop": "E 14th St & 163rd Av", "re_ratio": 0.5421}, "geometry": {"type": "Polygon", "coordinates": [[[-122.11423969999998, 37.6897251], [-122.11887589999999, 37.69304259999999], [-122.1190186, 37.6931484], [-122.11949309999999, 37.6935543], [-122.12070900000002, 37.6968115], [-122.1212967, 37.69864689999999], [-122.12184010000001, 37.7005999], [-122.11992549999998, 37.7008176], [-122.1127454, 37.70112149999999], [-122.1102551, 37.700281], [-122.1096275, 37.6997925], [-122.1091757, 37.698414], [-122.10868889999999, 37.69444839999999], [-122.1088501, 37.69140599999999], [-122.11423969999998, 37.6897251]]]}}, {"type": "Feature", "properties": {"route": "9", "stop": "E 14th St & 167th Av", "re_ratio": 0.5797}, "geometry": {"type": "Polygon", "coordinates": [[[-122.1056198, 37.687275299999996], [-122.11518710000001, 37.68950110000001], [-122.11784349999999, 37.6913346], [-122.11784029999998, 37.69140790000001], [-122.11678800000001, 37.6969336], [-122.11671330000001, 37.6970076], [-122.1106074, 37.697236399999994], [-122.1068514, 37.6973042], [-122.10288969999999, 37.69590749999999], [-122.1033207, 37.6905401], [-122.10404720000001, 37.68797159999999], [-122.10410390000001, 37.6879192], [-122.1046369, 37.687621199999995], [-122.1056198, 37.687275299999996]]]}}, {"type": "Feature", "properties": {"route": "9", "stop": "Hays St & W Juana Av", "re_ratio": 0.5707}, "geometry": {"type": "Polygon", "coordinates": [[[-122.15384889999999, 37.7167718], [-122.1556055, 37.7171364], [-122.15798020000001, 37.71784139999998], [-122.15968220000002, 37.71882070000001], [-122.161812, 37.720726500000005], [-122.16302160000001, 37.721992199999995], [-122.1622417, 37.72474909999999], [-122.1589464, 37.72880440000001], [-122.1583839, 37.7286889], [-122.15247920000002, 37.7269515], [-122.1493649, 37.72578980000001], [-122.1488908, 37.72390839999999], [-122.1497887, 37.72050060000001], [-122.15149670000001, 37.717651000000004], [-122.15384889999999, 37.7167718]]]}}, {"type": "Feature", "properties": {"route": "9", "stop": "Bay Fair BART", "re_ratio": 0.4955}, "geometry": {"type": "Polygon", "coordinates": [[[-122.12526, 37.6919325], [-122.12570810000001, 37.6919604], [-122.1291029, 37.6934031], [-122.13013949999998, 37.693912100000006], [-122.1303535, 37.6940744], [-122.134003, 37.69725409999999], [-122.13135240000001, 37.70065299999999], [-122.13019889999998, 37.701721899999995], [-122.12981090000001, 37.7020728], [-122.12781300000002, 37.7022913], [-122.1261043, 37.70228629999999], [-122.1240451, 37.7016647], [-122.1209037, 37.6999407], [-122.1202877, 37.69317220000001], [-122.12041659999998, 37.6928969], [-122.12526, 37.6919325]]]}}, {"type": "Feature", "properties": {"route": "9", "stop": "E 14th St & 170th Av", "re_ratio": 0.4808}, "geometry": {"type": "Polygon", "coordinates": [[[-122.10106800000001, 37.68578250000001], [-122.1024068, 37.6859048], [-122.1057357, 37.6864523], [-122.1080311, 37.686872400000006], [-122.1100239, 37.6873417], [-122.11544369999999, 37.6913089], [-122.11412870000001, 37.695203], [-122.11396750000002, 37.695347899999994], [-122.105207, 37.6954593], [-122.105003, 37.6952324], [-122.1022641, 37.691837699999994], [-122.1018429, 37.691115700000005], [-122.10079919999998, 37.68596360000001], [-122.10106800000001, 37.68578250000001]]]}}, {"type": "Feature", "properties": {"route": "9", "stop": "E 14th St & 141st Av", "re_ratio": 0.6076}, "geometry": {"type": "Polygon", "coordinates": [[[-122.142503, 37.7074761], [-122.144908, 37.708933299999984], [-122.1462791, 37.712899199999995], [-122.1462377, 37.714469199999996], [-122.1457717, 37.7167859], [-122.1455168, 37.7173062], [-122.1454288, 37.7173672], [-122.1452148, 37.717395399999994], [-122.14319049999999, 37.7175795], [-122.13780929999999, 37.71783030000001], [-122.1356492, 37.71789329999999], [-122.1339481, 37.71681949999999], [-122.1327415, 37.7130619], [-122.1324203, 37.7086642], [-122.1325178, 37.70800959999999], [-122.142503, 37.7074761]]]}}, {"type": "Feature", "properties": {"route": "9", "stop": "E 14th St & 145th Av", "re_ratio": 0.5547}, "geometry": {"type": "Polygon", "coordinates": [[[-122.1387121, 37.705317199999996], [-122.14217600000002, 37.7079726], [-122.14269600000002, 37.7129116], [-122.1425602, 37.714933699999996], [-122.1423664, 37.7151642], [-122.1420031, 37.715201500000006], [-122.137308, 37.7153976], [-122.13210070000001, 37.71358020000001], [-122.1297672, 37.711999899999995], [-122.1292453, 37.7098896], [-122.12909900000001, 37.7059497], [-122.1292767, 37.7058132], [-122.12938399999999, 37.705747], [-122.1300412, 37.705460399999986], [-122.1307112, 37.7053974], [-122.1387121, 37.705317199999996]]]}}, {"type": "Feature", "properties": {"route": "E", "stop": "Claremont Av & Eton Av", "re_ratio": 0.5718}, "geometry": {"type": "Polygon", "coordinates": [[[-122.2519112, 37.8456551], [-122.25419710000001, 37.84707600000001], [-122.25671739999999, 37.8487791], [-122.2584691, 37.85047180000001], [-122.25508640000001, 37.8558101], [-122.2542638, 37.85689039999999], [-122.253133, 37.85771149999999], [-122.24603089999998, 37.857199], [-122.2438704, 37.856531600000004], [-122.2428378, 37.8542481], [-122.24694260000001, 37.84910550000001], [-122.2519112, 37.8456551]]]}}, {"type": "Feature", "properties": {"route": "E", "stop": "Ashby Av & Domingo Av", "re_ratio": 0.5876}, "geometry": {"type": "Polygon", "coordinates": [[[-122.24542449999998, 37.85278590000001], [-122.24569600000001, 37.852793899999995], [-122.24860079999999, 37.8539987], [-122.2525657, 37.85709769999999], [-122.2502235, 37.859955500000005], [-122.2479568, 37.86244749999999], [-122.2474617, 37.862851500000005], [-122.2462578, 37.86333499999999], [-122.2445071, 37.863836499999984], [-122.23836130000001, 37.8613727], [-122.2374626, 37.85727790000001], [-122.2368852, 37.8544722], [-122.2404703, 37.852772400000006], [-122.24542449999998, 37.85278590000001]]]}}, {"type": "Feature", "properties": {"route": "E", "stop": "Claremont Av & The Uplands", "re_ratio": 0.558}, "geometry": {"type": "Polygon", "coordinates": [[[-122.2522249, 37.8488179], [-122.25473570000001, 37.850969799999994], [-122.25487990000002, 37.8536291], [-122.254022, 37.855943], [-122.253061, 37.857042799999995], [-122.24870639999999, 37.8597046], [-122.24389130000002, 37.85905429999999], [-122.24196000000002, 37.856345299999994], [-122.24097210000001, 37.854729400000004], [-122.24020430000002, 37.8534511], [-122.24124990000001, 37.851980399999995], [-122.2438517, 37.85022889999999], [-122.2504265, 37.8488156], [-122.2522249, 37.8488179]]]}}, {"type": "Feature", "properties": {"route": "E", "stop": "261 Tunnel Rd", "re_ratio": 0.3033}, "geometry": {"type": "Polygon", "coordinates": [[[-122.22671220000001, 37.84996139999999], [-122.23227910000001, 37.850631899999996], [-122.23962430000002, 37.85464819999999], [-122.2402836, 37.85593449999998], [-122.23869010000001, 37.8565598], [-122.237485, 37.856786], [-122.2340338, 37.85727189999999], [-122.23357, 37.857284099999994], [-122.2326639, 37.857169000000006], [-122.2274037, 37.8553726], [-122.22671220000001, 37.84996139999999]]]}}, {"type": "Feature", "properties": {"route": "E", "stop": "Claremont Av & Woolsey St", "re_ratio": 0.5207}, "geometry": {"type": "Polygon", "coordinates": [[[-122.2521598, 37.8481327], [-122.25446890000002, 37.84914560000001], [-122.2556203, 37.8508495], [-122.2543643, 37.855903299999994], [-122.253061, 37.857042799999995], [-122.248669, 37.8588349], [-122.2486339, 37.8588371], [-122.2484341, 37.85884939999999], [-122.243899, 37.85818259999999], [-122.2437688, 37.858050399999996], [-122.2427349, 37.8568412], [-122.24097210000001, 37.854729400000004], [-122.2419302, 37.85205880000001], [-122.2487098, 37.849234599999996], [-122.2521598, 37.8481327]]]}}, {"type": "Feature", "properties": {"route": "E", "stop": "Tunnel Rd & Bridge Rd", "re_ratio": 0.5046}, "geometry": {"type": "Polygon", "coordinates": [[[-122.23227910000001, 37.850631899999996], [-122.24229940000001, 37.851067], [-122.24581420000001, 37.8580289], [-122.2458215, 37.858111], [-122.2444531, 37.85938659999999], [-122.2434515, 37.860112], [-122.24280460000001, 37.8603699], [-122.24234, 37.86051049999999], [-122.23952590000002, 37.860659199999986], [-122.23816419999999, 37.86018760000001], [-122.23306610000002, 37.85769599999999], [-122.2326639, 37.857169000000006], [-122.23207780000001, 37.8536039], [-122.23227910000001, 37.850631899999996]]]}}, {"type": "Feature", "properties": {"route": "E", "stop": "Claremont Av & Chabot Rd", "re_ratio": 0.5746}, "geometry": {"type": "Polygon", "coordinates": [[[-122.25986679999998, 37.84002929999999], [-122.26186540000002, 37.8439243], [-122.26203470000002, 37.8449849], [-122.26179649999999, 37.8453975], [-122.2610456, 37.8464891], [-122.25873269999998, 37.848969800000006], [-122.2569939, 37.8506667], [-122.252966, 37.8518653], [-122.2525571, 37.851901999999995], [-122.25035350000002, 37.85183969999999], [-122.2489252, 37.8503913], [-122.2475737, 37.84878629999999], [-122.25136109999998, 37.84114679999999], [-122.25153800000001, 37.841036], [-122.25746329999998, 37.8401742], [-122.25986679999998, 37.84002929999999]]]}}, {"type": "Feature", "properties": {"route": "E", "stop": "Tunnel Rd & Vicente Rd", "re_ratio": 0.3661}, "geometry": {"type": "Polygon", "coordinates": [[[-122.23227910000001, 37.850631899999996], [-122.2404703, 37.852772400000006], [-122.2408024, 37.853201199999994], [-122.2427349, 37.8568412], [-122.24222110000001, 37.857703699999995], [-122.2418477, 37.8580938], [-122.239922, 37.8584734], [-122.2368036, 37.8583082], [-122.2326319, 37.85803249999999], [-122.22911639999998, 37.8554531], [-122.22907339999999, 37.855170699999995], [-122.23107789999999, 37.850751300000006], [-122.23227910000001, 37.850631899999996]]]}}, {"type": "Feature", "properties": {"route": "E", "stop": "Tunnel Rd & The Uplands", "re_ratio": 0.4953}, "geometry": {"type": "Polygon", "coordinates": [[[-122.23567810000002, 37.85060300000001], [-122.2422578, 37.85068869999999], [-122.2425575, 37.8506996], [-122.2438338, 37.851379599999994], [-122.2467357, 37.85790699999999], [-122.24671300000001, 37.85805450000001], [-122.24528010000002, 37.85935], [-122.2444662, 37.8599244], [-122.2434077, 37.8602935], [-122.24234, 37.86051049999999], [-122.23816419999999, 37.86018760000001], [-122.2340338, 37.85727189999999], [-122.23340210000002, 37.85277969999999], [-122.2333852, 37.85256189999999], [-122.23341179999998, 37.8524368], [-122.23567810000002, 37.85060300000001]]]}}, {"type": "Feature", "properties": {"route": "E", "stop": "Caldecott Ln & Parkwood Community", "re_ratio": 0.0428}, "geometry": {"type": "Polygon", "coordinates": [[[-122.22169609999999, 37.85031229999999], [-122.2224773, 37.8505365], [-122.2236894, 37.85091669999999], [-122.22299510000002, 37.852739400000004], [-122.22232349999999, 37.85395789999999], [-122.22118880000001, 37.8552111], [-122.22010860000002, 37.8549912], [-122.22169609999999, 37.85031229999999]]]}}, {"type": "Feature", "properties": {"route": "E", "stop": "Claremont Av & Chabot Rd", "re_ratio": 0.5746}, "geometry": {"type": "Polygon", "coordinates": [[[-122.25986679999998, 37.84002929999999], [-122.26186540000002, 37.8439243], [-122.26203470000002, 37.8449849], [-122.26179649999999, 37.8453975], [-122.2610456, 37.8464891], [-122.25873269999998, 37.848969800000006], [-122.2569939, 37.8506667], [-122.252966, 37.8518653], [-122.2525571, 37.851901999999995], [-122.25035350000002, 37.85183969999999], [-122.2489252, 37.8503913], [-122.2475737, 37.84878629999999], [-122.25136109999998, 37.84114679999999], [-122.25153800000001, 37.841036], [-122.25746329999998, 37.8401742], [-122.25986679999998, 37.84002929999999]]]}}, {"type": "Feature", "properties": {"route": "E", "stop": "Claremont Av & Webster St", "re_ratio": 0.5463}, "geometry": {"type": "Polygon", "coordinates": [[[-122.2517734, 37.85008140000001], [-122.2529075, 37.85120609999999], [-122.25508640000001, 37.8558101], [-122.25362229999999, 37.85775769999999], [-122.2512696, 37.859978399999996], [-122.2474651, 37.8608655], [-122.24269060000002, 37.86023170000001], [-122.24235210000002, 37.8597908], [-122.24137830000001, 37.8584783], [-122.2402836, 37.85593449999998], [-122.2416805, 37.8530471], [-122.2421445, 37.85259009999999], [-122.251242, 37.850145100000006], [-122.2517734, 37.85008140000001]]]}}, {"type": "Feature", "properties": {"route": "E", "stop": "Claremont Av & Eton Ct", "re_ratio": 0.5718}, "geometry": {"type": "Polygon", "coordinates": [[[-122.2519112, 37.8456551], [-122.25419710000001, 37.84707600000001], [-122.25671739999999, 37.8487791], [-122.2584691, 37.85047180000001], [-122.25508640000001, 37.8558101], [-122.2542638, 37.85689039999999], [-122.253133, 37.85771149999999], [-122.24603089999998, 37.857199], [-122.2438704, 37.856531600000004], [-122.2428378, 37.8542481], [-122.24694260000001, 37.84910550000001], [-122.2519112, 37.8456551]]]}}, {"type": "Feature", "properties": {"route": "E", "stop": "Claremont Av & Hudson St", "re_ratio": 0.6004}, "geometry": {"type": "Polygon", "coordinates": [[[-122.2611687, 37.8378359], [-122.26125, 37.837936500000005], [-122.26203370000002, 37.83938790000001], [-122.2635671, 37.84475039999998], [-122.26365450000002, 37.8451408], [-122.26366389999998, 37.8451829], [-122.26034640000002, 37.84875809999998], [-122.25688590000001, 37.84993690000001], [-122.2524412, 37.8492517], [-122.2512822, 37.846903], [-122.2505921, 37.845249], [-122.2509648, 37.84029829999999], [-122.2513399, 37.83919149999999], [-122.2545265, 37.83868920000001], [-122.2593621, 37.83793750000001], [-122.2611687, 37.8378359]]]}}, {"type": "Feature", "properties": {"route": "E", "stop": "Claremont Av & College Av", "re_ratio": 0.6381}, "geometry": {"type": "Polygon", "coordinates": [[[-122.25177470000001, 37.8423516], [-122.25731379999999, 37.8432729], [-122.25956160000001, 37.8466896], [-122.26034640000002, 37.84875809999998], [-122.25827680000002, 37.85131140000001], [-122.25618539999999, 37.8535063], [-122.2529718, 37.8560828], [-122.24766290000001, 37.8551754], [-122.24712829999999, 37.854297300000006], [-122.24577489999999, 37.8505734], [-122.2466394, 37.8491508], [-122.25150110000001, 37.84256899999998], [-122.25177470000001, 37.8423516]]]}}, {"type": "Feature", "properties": {"route": "E", "stop": "Claremont Av & Hazel Rd", "re_ratio": 0.5137}, "geometry": {"type": "Polygon", "coordinates": [[[-122.25150320000002, 37.8504165], [-122.25378379999998, 37.8537698], [-122.25508640000001, 37.8558101], [-122.25504409999999, 37.8558612], [-122.253133, 37.85771149999999], [-122.25217460000002, 37.858547699999995], [-122.2502235, 37.859955500000005], [-122.2442283, 37.8608382], [-122.24405930000002, 37.8608271], [-122.2422476, 37.86028030000001], [-122.24081550000001, 37.85808229999999], [-122.2402836, 37.85593449999998], [-122.24097210000001, 37.854729400000004], [-122.2420557, 37.85294529999999], [-122.2449242, 37.85190020000001], [-122.25150320000002, 37.8504165]]]}}, {"type": "Feature", "properties": {"route": "E", "stop": "Tunnel Rd & Roble Rd", "re_ratio": 0.289}, "geometry": {"type": "Polygon", "coordinates": [[[-122.23474410000001, 37.8495304], [-122.2352759, 37.8496743], [-122.24124990000001, 37.851980399999995], [-122.2421321, 37.85265559999999], [-122.2438663, 37.85715249999999], [-122.243899, 37.85818259999999], [-122.24275579999998, 37.8589242], [-122.2410978, 37.8592556], [-122.2368399, 37.85796010000001], [-122.23416060000001, 37.8524465], [-122.23452600000002, 37.849944900000004], [-122.23474410000001, 37.8495304]]]}}, {"type": "Feature", "properties": {"route": "E", "stop": "Claremont Av & Hudson St", "re_ratio": 0.576}, "geometry": {"type": "Polygon", "coordinates": [[[-122.25862219999999, 37.8375659], [-122.26119560000001, 37.83782269999998], [-122.2618117, 37.837938199999996], [-122.2635671, 37.84475039999998], [-122.2613034, 37.8471798], [-122.2609091, 37.8474882], [-122.259838, 37.848099600000005], [-122.25685950000002, 37.849754999999995], [-122.25446890000002, 37.84914560000001], [-122.25168539999999, 37.8472592], [-122.25164159999999, 37.84719390000001], [-122.2515208, 37.8470135], [-122.25080870000001, 37.8451637], [-122.2509648, 37.84029829999999], [-122.2513399, 37.83919149999999], [-122.25862219999999, 37.8375659]]]}}, {"type": "Feature", "properties": {"route": "E", "stop": "Claremont Av & College Av", "re_ratio": 0.6381}, "geometry": {"type": "Polygon", "coordinates": [[[-122.25177470000001, 37.8423516], [-122.25731379999999, 37.8432729], [-122.25956160000001, 37.8466896], [-122.26034640000002, 37.84875809999998], [-122.25827680000002, 37.85131140000001], [-122.25618539999999, 37.8535063], [-122.2529718, 37.8560828], [-122.24766290000001, 37.8551754], [-122.24712829999999, 37.854297300000006], [-122.24577489999999, 37.8505734], [-122.2466394, 37.8491508], [-122.25150110000001, 37.84256899999998], [-122.25177470000001, 37.8423516]]]}}, {"type": "Feature", "properties": {"route": "E", "stop": "Tunnel Rd & Domingo Av (Ashby Av)", "re_ratio": 0.5256}, "geometry": {"type": "Polygon", "coordinates": [[[-122.24093819999999, 37.8522733], [-122.246268, 37.85281499999999], [-122.2490627, 37.853429299999995], [-122.2505366, 37.85592139999999], [-122.2511839, 37.857590099999996], [-122.2511853, 37.8586192], [-122.25114230000001, 37.8586829], [-122.2490378, 37.860857199999984], [-122.24731580000001, 37.8624873], [-122.2464927, 37.863015000000004], [-122.24443380000001, 37.86358820000001], [-122.2387283, 37.860116], [-122.237485, 37.856786], [-122.23848609999999, 37.85528409999999], [-122.2404703, 37.852772400000006], [-122.24093819999999, 37.8522733]]]}}, {"type": "Feature", "properties": {"route": "V", "stop": "Broadway Ter & Carlton St", "re_ratio": 0.3871}, "geometry": {"type": "Polygon", "coordinates": [[[-122.25261520000001, 37.833828200000006], [-122.2537518, 37.8369905], [-122.2539155, 37.838379399999994], [-122.24616090000002, 37.8444356], [-122.2395241, 37.841916999999995], [-122.2393289, 37.8410527], [-122.2393188, 37.840903700000005], [-122.24969619999999, 37.834356899999996], [-122.25261520000001, 37.833828200000006]]]}}, {"type": "Feature", "properties": {"route": "V", "stop": "Park Blvd & E 38th St", "re_ratio": 0.5604}, "geometry": {"type": "Polygon", "coordinates": [[[-122.22963839999998, 37.7987898], [-122.23202770000002, 37.7991882], [-122.23473540000002, 37.799806499999995], [-122.23730150000002, 37.8030823], [-122.2372528, 37.80560069999999], [-122.23495059999999, 37.80720070000001], [-122.23177720000001, 37.8078967], [-122.22536560000002, 37.80878109999999], [-122.2241973, 37.8085626], [-122.2236197, 37.8078073], [-122.22091939999999, 37.80275919999999], [-122.22493090000002, 37.80080769999999], [-122.22963839999998, 37.7987898]]]}}, {"type": "Feature", "properties": {"route": "V", "stop": "Park Blvd & Glenfield Av", "re_ratio": 0.5133}, "geometry": {"type": "Polygon", "coordinates": [[[-122.22247040000002, 37.801699000000006], [-122.22349560000002, 37.8018836], [-122.226511, 37.802444799999996], [-122.2275821, 37.8033132], [-122.22822220000002, 37.80793129999999], [-122.22777030000002, 37.810562899999994], [-122.2266262, 37.81095390000001], [-122.22040179999999, 37.8121163], [-122.21656660000001, 37.811885100000005], [-122.21546610000001, 37.81148559999999], [-122.2154773, 37.8105322], [-122.215835, 37.807486700000005], [-122.21666889999999, 37.8055185], [-122.2172541, 37.80444309999999], [-122.21996859999999, 37.802575899999994], [-122.2210918, 37.8021104], [-122.22247040000002, 37.801699000000006]]]}}, {"type": "Feature", "properties": {"route": "V", "stop": "Broadway Ter & Carlton St", "re_ratio": 0.3871}, "geometry": {"type": "Polygon", "coordinates": [[[-122.25261520000001, 37.833828200000006], [-122.2537518, 37.8369905], [-122.2539155, 37.838379399999994], [-122.24616090000002, 37.8444356], [-122.2395241, 37.841916999999995], [-122.2393289, 37.8410527], [-122.2393188, 37.840903700000005], [-122.24969619999999, 37.834356899999996], [-122.25261520000001, 37.833828200000006]]]}}, {"type": "Feature", "properties": {"route": "V", "stop": "Park Blvd & Everett Av", "re_ratio": 0.5433}, "geometry": {"type": "Polygon", "coordinates": [[[-122.2197076, 37.8025218], [-122.21996859999999, 37.802575899999994], [-122.22564919999999, 37.805905599999996], [-122.2263232, 37.80681560000001], [-122.22573839999998, 37.80942], [-122.2240635, 37.8120112], [-122.2233674, 37.812452], [-122.22089830000002, 37.8132997], [-122.2139573, 37.8140453], [-122.2127852, 37.8119468], [-122.21346970000002, 37.80777999999999], [-122.214502, 37.80478589999999], [-122.2197076, 37.8025218]]]}}, {"type": "Feature", "properties": {"route": "V", "stop": "Park Blvd & Zion Lutheran Church & School", "re_ratio": 0.2652}, "geometry": {"type": "Polygon", "coordinates": [[[-122.21426419999999, 37.8129685], [-122.2146132, 37.8135531], [-122.21470600000002, 37.81387209999999], [-122.20954689999999, 37.823845199999994], [-122.20906200000002, 37.8244063], [-122.20896930000002, 37.82444400000001], [-122.2070119, 37.8238836], [-122.20692590000002, 37.8237716], [-122.20544460000002, 37.8208503], [-122.20510020000002, 37.8200823], [-122.2047122, 37.8179292], [-122.21426419999999, 37.8129685]]]}}, {"type": "Feature", "properties": {"route": "V", "stop": "Broadway Ter & Proctor Av", "re_ratio": 0.4981}, "geometry": {"type": "Polygon", "coordinates": [[[-122.22608550000001, 37.8371828], [-122.230681, 37.8372973], [-122.2371386, 37.84096149999999], [-122.2363786, 37.8435855], [-122.23634579999998, 37.843663299999996], [-122.23411149999998, 37.8462335], [-122.22869590000002, 37.845909400000004], [-122.2221765, 37.842903], [-122.2217641, 37.8401948], [-122.22328530000001, 37.8375308], [-122.22608550000001, 37.8371828]]]}}, {"type": "Feature", "properties": {"route": "V", "stop": "Moraga Av & Recreation Center", "re_ratio": 0.2816}, "geometry": {"type": "Polygon", "coordinates": [[[-122.20954689999999, 37.823845199999994], [-122.21566200000001, 37.8255092], [-122.21526830000002, 37.8314853], [-122.2152123, 37.8316703], [-122.21416760000001, 37.83242659999999], [-122.2128497, 37.8328253], [-122.2114042, 37.8323253], [-122.2079318, 37.8308956], [-122.2073311, 37.829052299999994], [-122.20767530000002, 37.8253893], [-122.20954689999999, 37.823845199999994]]]}}, {"type": "Feature", "properties": {"route": "V", "stop": "Park Blvd & Emerson Way", "re_ratio": 0.5523}, "geometry": {"type": "Polygon", "coordinates": [[[-122.23139080000001, 37.7992836], [-122.23473540000002, 37.799806499999995], [-122.23730150000002, 37.8030823], [-122.2373575, 37.8034455], [-122.2372528, 37.80560069999999], [-122.2346143, 37.807974099999996], [-122.2300002, 37.8095298], [-122.22449539999998, 37.808397199999995], [-122.2236197, 37.8078073], [-122.22210230000002, 37.80297009999999], [-122.22599340000001, 37.8010111], [-122.22912950000001, 37.7995572], [-122.23139080000001, 37.7992836]]]}}, {"type": "Feature", "properties": {"route": "V", "stop": "Broadway Ter & Sheridan Rd (Near Florence Av)", "re_ratio": 0.4947}, "geometry": {"type": "Polygon", "coordinates": [[[-122.22608550000001, 37.8371828], [-122.22989550000001, 37.837479900000005], [-122.23671709999999, 37.8410706], [-122.2363786, 37.8435855], [-122.23634579999998, 37.843663299999996], [-122.23411149999998, 37.8462335], [-122.2301944, 37.84690330000001], [-122.2221765, 37.842903], [-122.2217641, 37.8401948], [-122.22328530000001, 37.8375308], [-122.22608550000001, 37.8371828]]]}}, {"type": "Feature", "properties": {"route": "V", "stop": "Broadway Ter & Clarewood Dr", "re_ratio": 0.4961}, "geometry": {"type": "Polygon", "coordinates": [[[-122.23096929999998, 37.83623469999999], [-122.2313948, 37.8363127], [-122.24443349999999, 37.8390689], [-122.2444504, 37.839136999999994], [-122.24446590000001, 37.83921969999999], [-122.2432086, 37.84328489999999], [-122.24112749999999, 37.84451839999999], [-122.2377326, 37.84572049999999], [-122.23661800000002, 37.8457908], [-122.23348640000002, 37.84513580000001], [-122.23061529999998, 37.844458599999996], [-122.2291974, 37.842439500000005], [-122.23096929999998, 37.83623469999999]]]}}, {"type": "Feature", "properties": {"route": "V", "stop": "Moraga Av & Montclair Recreation Center", "re_ratio": 0.2816}, "geometry": {"type": "Polygon", "coordinates": [[[-122.20954689999999, 37.823845199999994], [-122.21566200000001, 37.8255092], [-122.21526830000002, 37.8314853], [-122.2152123, 37.8316703], [-122.21416760000001, 37.83242659999999], [-122.2128497, 37.8328253], [-122.2114042, 37.8323253], [-122.2079318, 37.8308956], [-122.2073311, 37.829052299999994], [-122.20767530000002, 37.8253893], [-122.20954689999999, 37.823845199999994]]]}}, {"type": "Feature", "properties": {"route": "V", "stop": "Broadway Ter & Country Club Dr", "re_ratio": 0.4871}, "geometry": {"type": "Polygon", "coordinates": [[[-122.24867309999999, 37.8358233], [-122.2488319, 37.8359043], [-122.2505992, 37.83707079999999], [-122.2505968, 37.8373634], [-122.2497003, 37.8406989], [-122.2468374, 37.84389060000001], [-122.24603, 37.844646199999985], [-122.2430697, 37.8457151], [-122.24076320000002, 37.845563500000004], [-122.23634579999998, 37.843663299999996], [-122.2355138, 37.8424095], [-122.23479370000001, 37.84039349999999], [-122.2348059, 37.8402548], [-122.23528300000001, 37.8394017], [-122.24867309999999, 37.8358233]]]}}, {"type": "Feature", "properties": {"route": "V", "stop": "Park Blvd & Glen Park Rd", "re_ratio": 0.5434}, "geometry": {"type": "Polygon", "coordinates": [[[-122.22738910000001, 37.8000743], [-122.2289203, 37.801565199999985], [-122.2306577, 37.80465629999999], [-122.23120540000001, 37.80603270000001], [-122.22777030000002, 37.810562899999994], [-122.22568490000002, 37.811328899999985], [-122.22251900000002, 37.8110097], [-122.2204529, 37.81044589999999], [-122.21860970000002, 37.8098181], [-122.21817290000001, 37.80913989999999], [-122.21813020000002, 37.809072900000004], [-122.217732, 37.808404], [-122.21666889999999, 37.8055185], [-122.21996859999999, 37.802575899999994], [-122.2249461, 37.8004449], [-122.22738910000001, 37.8000743]]]}}, {"type": "Feature", "properties": {"route": "V", "stop": "Mountain Blvd & Snake Rd", "re_ratio": 0.3531}, "geometry": {"type": "Polygon", "coordinates": [[[-122.2065158, 37.8196492], [-122.2084574, 37.81994710000001], [-122.2142776, 37.8259071], [-122.21277160000001, 37.8293663], [-122.2109746, 37.8294818], [-122.210102, 37.82941679999999], [-122.2070454, 37.8279358], [-122.20323680000001, 37.82569840000001], [-122.2017409, 37.8244381], [-122.20510020000002, 37.8200823], [-122.2065158, 37.8196492]]]}}, {"type": "Feature", "properties": {"route": "V", "stop": "Park Blvd & Kingsley St", "re_ratio": 0.5868}, "geometry": {"type": "Polygon", "coordinates": [[[-122.23133800000001, 37.79920520000001], [-122.23473540000002, 37.799806499999995], [-122.23856700000002, 37.802208], [-122.23911049999998, 37.8027193], [-122.2388868, 37.806184199999976], [-122.23763529999998, 37.80748349999999], [-122.2306355, 37.81009550000002], [-122.2256607, 37.80771729999999], [-122.2253422, 37.80728289999999], [-122.223143, 37.803159699999995], [-122.2245575, 37.8020827], [-122.22599340000001, 37.8010111], [-122.22777379999998, 37.8000815], [-122.22918650000001, 37.799355199999994], [-122.23133800000001, 37.79920520000001]]]}}, {"type": "Feature", "properties": {"route": "V", "stop": "Park Blvd & Elsinore Walk", "re_ratio": 0.4839}, "geometry": {"type": "Polygon", "coordinates": [[[-122.2180789, 37.804967500000004], [-122.2198103, 37.80529800000001], [-122.2242615, 37.80655749999999], [-122.2233901, 37.81136999999999], [-122.2175718, 37.8152255], [-122.2145673, 37.815751000000006], [-122.21438759999998, 37.81573079999998], [-122.2106442, 37.8123872], [-122.2108495, 37.811321], [-122.21100770000001, 37.81059890000001], [-122.2150672, 37.80541910000001], [-122.2155434, 37.8053197], [-122.2180789, 37.804967500000004]]]}}, {"type": "Feature", "properties": {"route": "V", "stop": "Park Blvd & Dolores Av", "re_ratio": 0.4765}, "geometry": {"type": "Polygon", "coordinates": [[[-122.2180789, 37.804967500000004], [-122.2198103, 37.80529800000001], [-122.2242615, 37.80655749999999], [-122.2233901, 37.81136999999999], [-122.2198877, 37.81358759999999], [-122.21744320000002, 37.8148179], [-122.2145673, 37.815751000000006], [-122.21438759999998, 37.81573079999998], [-122.2106442, 37.8123872], [-122.2108495, 37.811321], [-122.21100770000001, 37.81059890000001], [-122.2150672, 37.80541910000001], [-122.2155434, 37.8053197], [-122.2180789, 37.804967500000004]]]}}, {"type": "Feature", "properties": {"route": "V", "stop": "6133 Broadway Ter", "re_ratio": 0.4312}, "geometry": {"type": "Polygon", "coordinates": [[[-122.23181580000002, 37.8378139], [-122.23415889999998, 37.83848829999999], [-122.2393188, 37.840903700000005], [-122.2395241, 37.841916999999995], [-122.23967149999999, 37.8440835], [-122.23721850000001, 37.8468067], [-122.2350945, 37.84765349999999], [-122.22774969999999, 37.8438976], [-122.2255837, 37.8419958], [-122.2261699, 37.84107119999999], [-122.22774280000002, 37.8387951], [-122.23181580000002, 37.8378139]]]}}, {"type": "Feature", "properties": {"route": "V", "stop": "Park Blvd & Everett Av", "re_ratio": 0.5448}, "geometry": {"type": "Polygon", "coordinates": [[[-122.2197076, 37.8025218], [-122.21996859999999, 37.802575899999994], [-122.22564919999999, 37.805905599999996], [-122.2263232, 37.80681560000001], [-122.22573839999998, 37.80942], [-122.2240635, 37.8120112], [-122.2233674, 37.812452], [-122.22089830000002, 37.8132997], [-122.2139573, 37.8140453], [-122.2127115, 37.8118182], [-122.21346970000002, 37.80777999999999], [-122.214502, 37.80478589999999], [-122.2173348, 37.803512299999994], [-122.2197076, 37.8025218]]]}}, {"type": "Feature", "properties": {"route": "V", "stop": "Park Blvd & Saint James Dr (Leimert Blvd)", "re_ratio": 0.4671}, "geometry": {"type": "Polygon", "coordinates": [[[-122.21799520000002, 37.8073549], [-122.2215976, 37.80956810000001], [-122.22104620000002, 37.8138517], [-122.21809109999998, 37.8171491], [-122.2128554, 37.8180883], [-122.2124914, 37.81803699999999], [-122.20948899999999, 37.81257819999999], [-122.2086113, 37.810832999999995], [-122.2111465, 37.80924], [-122.215835, 37.807486700000005], [-122.21799520000002, 37.8073549]]]}}, {"type": "Feature", "properties": {"route": "V", "stop": "6141 Broadway Ter", "re_ratio": 0.4312}, "geometry": {"type": "Polygon", "coordinates": [[[-122.23181580000002, 37.8378139], [-122.23415889999998, 37.83848829999999], [-122.2393188, 37.840903700000005], [-122.2395241, 37.841916999999995], [-122.23967149999999, 37.8440835], [-122.23721850000001, 37.8468067], [-122.2350945, 37.84765349999999], [-122.22774969999999, 37.8438976], [-122.2255837, 37.8419958], [-122.2261699, 37.84107119999999], [-122.22774280000002, 37.8387951], [-122.23181580000002, 37.8378139]]]}}, {"type": "Feature", "properties": {"route": "V", "stop": "Broadway Ter & Hermosa Av", "re_ratio": 0.4518}, "geometry": {"type": "Polygon", "coordinates": [[[-122.2325698, 37.8370426], [-122.2393188, 37.840903700000005], [-122.2393289, 37.8410527], [-122.23758000000001, 37.84452919999999], [-122.23661800000002, 37.8457908], [-122.23530490000002, 37.846995], [-122.23433520000002, 37.84687739999999], [-122.22761080000001, 37.8442006], [-122.22403990000001, 37.84137619999999], [-122.2249505, 37.840012899999984], [-122.22845440000002, 37.837763700000004], [-122.2325698, 37.8370426]]]}}, {"type": "Feature", "properties": {"route": "V", "stop": "Park Blvd & Hampel St", "re_ratio": 0.5377}, "geometry": {"type": "Polygon", "coordinates": [[[-122.22743829999999, 37.8001563], [-122.22880459999999, 37.80154069999999], [-122.2306577, 37.80465629999999], [-122.23120540000001, 37.80603270000001], [-122.22777030000002, 37.810562899999994], [-122.22568490000002, 37.811328899999985], [-122.22251900000002, 37.8110097], [-122.2191005, 37.8103373], [-122.21860970000002, 37.8098181], [-122.21817290000001, 37.80913989999999], [-122.21813020000002, 37.809072900000004], [-122.217732, 37.808404], [-122.21718320000001, 37.806858], [-122.21720059999998, 37.80510019999999], [-122.2210918, 37.8021104], [-122.2249461, 37.8004449], [-122.22743829999999, 37.8001563]]]}}, {"type": "Feature", "properties": {"route": "V", "stop": "Broadway Ter & Country Club Dr", "re_ratio": 0.1443}, "geometry": {"type": "Polygon", "coordinates": [[[-122.23931509999998, 37.8331179], [-122.24045570000001, 37.833200600000005], [-122.24198170000001, 37.83361490000001], [-122.24197680000002, 37.8337287], [-122.2390067, 37.83792580000001], [-122.2387361, 37.83818699999999], [-122.23792269999998, 37.83896150000001], [-122.2363177, 37.8389005], [-122.23551949999998, 37.838548100000004], [-122.2332865, 37.8373127], [-122.235365, 37.8348537], [-122.237528, 37.8331891], [-122.23931509999998, 37.8331179]]]}}, {"type": "Feature", "properties": {"route": "V", "stop": "Broadway Ter & Hermosa Av", "re_ratio": 0.4593}, "geometry": {"type": "Polygon", "coordinates": [[[-122.23248679999999, 37.83711089999999], [-122.2393188, 37.840903700000005], [-122.2393289, 37.8410527], [-122.238662, 37.842858400000004], [-122.2371335, 37.8456537], [-122.23628540000001, 37.84671149999999], [-122.2350945, 37.84765349999999], [-122.22761080000001, 37.8442006], [-122.22403990000001, 37.84137619999999], [-122.2249505, 37.840012899999984], [-122.228441, 37.838218099999985], [-122.23248679999999, 37.83711089999999]]]}}, {"type": "Feature", "properties": {"route": "V", "stop": "Park Blvd & Leimert Blvd", "re_ratio": 0.4339}, "geometry": {"type": "Polygon", "coordinates": [[[-122.21494880000002, 37.80748369999999], [-122.21689119999999, 37.807723900000006], [-122.21846359999999, 37.80802979999999], [-122.2188851, 37.80838429999999], [-122.2198488, 37.809342399999984], [-122.22104620000002, 37.8138517], [-122.2184569, 37.815622799999986], [-122.21716030000002, 37.8164526], [-122.2128554, 37.8180883], [-122.2124914, 37.81803699999999], [-122.2086434, 37.8128139], [-122.2086113, 37.810832999999995], [-122.2111465, 37.80924], [-122.21494880000002, 37.80748369999999]]]}}, {"type": "Feature", "properties": {"route": "V", "stop": "Park Blvd & Zion Lutheran Church & School", "re_ratio": 0.2652}, "geometry": {"type": "Polygon", "coordinates": [[[-122.21426419999999, 37.8129685], [-122.2146132, 37.8135531], [-122.21470600000002, 37.81387209999999], [-122.20954689999999, 37.823845199999994], [-122.20906200000002, 37.8244063], [-122.20896930000002, 37.82444400000001], [-122.2070119, 37.8238836], [-122.20692590000002, 37.8237716], [-122.20544460000002, 37.8208503], [-122.20510020000002, 37.8200823], [-122.2047122, 37.8179292], [-122.21426419999999, 37.8129685]]]}}, {"type": "Feature", "properties": {"route": "V", "stop": "Moraga Av & Thornhill Dr", "re_ratio": 0.3686}, "geometry": {"type": "Polygon", "coordinates": [[[-122.21089860000001, 37.828339199999995], [-122.2222585, 37.8318069], [-122.22153650000001, 37.8352802], [-122.21780230000002, 37.83658379999999], [-122.2112248, 37.8371828], [-122.21081269999999, 37.83659589999999], [-122.2106542, 37.836185099999994], [-122.2101674, 37.83136559999999], [-122.210102, 37.82941679999999], [-122.21062499999998, 37.8283614], [-122.21089860000001, 37.828339199999995]]]}}, {"type": "Feature", "properties": {"route": "V", "stop": "Moraga Av & La Salle Av", "re_ratio": 0.3538}, "geometry": {"type": "Polygon", "coordinates": [[[-122.20719110000002, 37.82240099999999], [-122.210371, 37.82293649999999], [-122.21566200000001, 37.8255092], [-122.21644389999999, 37.82601559999999], [-122.21526830000002, 37.8314853], [-122.2152123, 37.8316703], [-122.21416760000001, 37.83242659999999], [-122.2114042, 37.8323253], [-122.2079318, 37.8308956], [-122.2073311, 37.829052299999994], [-122.2062473, 37.8243987], [-122.207044, 37.8225457], [-122.20719110000002, 37.82240099999999]]]}}, {"type": "Feature", "properties": {"route": "V", "stop": "Broadway Ter & Temescal Recreational Area", "re_ratio": 0.4515}, "geometry": {"type": "Polygon", "coordinates": [[[-122.21950940000002, 37.8376087], [-122.23081860000002, 37.84001570000001], [-122.23203640000001, 37.84044389999999], [-122.23272560000001, 37.8413908], [-122.2337212, 37.8433903], [-122.230159, 37.8474353], [-122.22102760000001, 37.844794], [-122.2184436, 37.840327599999995], [-122.21950940000002, 37.8376087]]]}}, {"type": "Feature", "properties": {"route": "V", "stop": "Park Blvd & Wellington St", "re_ratio": 0.5261}, "geometry": {"type": "Polygon", "coordinates": [[[-122.22247040000002, 37.801699000000006], [-122.2256272, 37.802280799999984], [-122.22752530000001, 37.8039667], [-122.22822220000002, 37.80793129999999], [-122.2268516, 37.81072919999999], [-122.2266262, 37.81095390000001], [-122.2203812, 37.81257329999999], [-122.2177734, 37.812349], [-122.2151126, 37.8120258], [-122.215835, 37.807486700000005], [-122.21691769999998, 37.804393899999994], [-122.2197076, 37.8025218], [-122.22247040000002, 37.801699000000006]]]}}, {"type": "Feature", "properties": {"route": "V", "stop": "Moraga Av & Medau Pl (Montclair Park)", "re_ratio": 0.3167}, "geometry": {"type": "Polygon", "coordinates": [[[-122.2077695, 37.823017300000004], [-122.21096570000002, 37.82339079999999], [-122.21103600000001, 37.82341809999999], [-122.21462700000001, 37.82558679999999], [-122.21526830000002, 37.8314853], [-122.2152123, 37.8316703], [-122.214667, 37.83273590000001], [-122.21458489999999, 37.8328798], [-122.2145335, 37.83292260000001], [-122.21438180000001, 37.83299349999999], [-122.21306530000001, 37.83293119999999], [-122.20701370000002, 37.830729899999994], [-122.206505, 37.82892090000001], [-122.20753559999999, 37.82374010000001], [-122.2077695, 37.823017300000004]]]}}, {"type": "Feature", "properties": {"route": "V", "stop": "Glenwood Glade & Broadway Terr", "re_ratio": 0.4815}, "geometry": {"type": "Polygon", "coordinates": [[[-122.2185079, 37.83629199999999], [-122.2305511, 37.840969799999996], [-122.23201000000002, 37.842982299999996], [-122.23126300000001, 37.8437618], [-122.22869590000002, 37.845909400000004], [-122.2253023, 37.84636269999999], [-122.21937819999998, 37.8460991], [-122.2178525, 37.8444823], [-122.2174434, 37.8439227], [-122.21710480000002, 37.8403292], [-122.2185079, 37.83629199999999]]]}}, {"type": "Feature", "properties": {"route": "V", "stop": "Broadway Ter & Ostrander Rd", "re_ratio": 0.5126}, "geometry": {"type": "Polygon", "coordinates": [[[-122.2313948, 37.8363127], [-122.24443349999999, 37.8390689], [-122.2444504, 37.839136999999994], [-122.24446590000001, 37.83921969999999], [-122.24357149999999, 37.8431423], [-122.24292160000002, 37.84438319999999], [-122.23721850000001, 37.8468067], [-122.23061529999998, 37.844458599999996], [-122.2302061, 37.8407201], [-122.2313948, 37.8363127]]]}}, {"type": "Feature", "properties": {"route": "V", "stop": "4135 Park Blvd", "re_ratio": 0.5219}, "geometry": {"type": "Polygon", "coordinates": [[[-122.22493090000002, 37.80080769999999], [-122.22599340000001, 37.8010111], [-122.226853, 37.8011809], [-122.2284088, 37.802051999999996], [-122.2311008, 37.8059582], [-122.2310822, 37.80608110000001], [-122.22777030000002, 37.810562899999994], [-122.2266262, 37.81095390000001], [-122.22271500000001, 37.810861300000006], [-122.217733, 37.81073450000001], [-122.2169109, 37.810354700000005], [-122.2168166, 37.81012359999999], [-122.21666889999999, 37.8055185], [-122.21720059999998, 37.80510019999999], [-122.22091939999999, 37.80275919999999], [-122.22493090000002, 37.80080769999999]]]}}, {"type": "Feature", "properties": {"route": "V", "stop": "Broadway Ter & Arts Jr High School/Far West High", "re_ratio": 0.4331}, "geometry": {"type": "Polygon", "coordinates": [[[-122.25354730000001, 37.8321146], [-122.2537395, 37.8321841], [-122.2541668, 37.83261230000001], [-122.2553966, 37.83599350000001], [-122.2559758, 37.839492400000005], [-122.25295750000001, 37.8408684], [-122.2470364, 37.84303619999999], [-122.241824, 37.84067319999998], [-122.24248870000001, 37.83964039999999], [-122.24959950000002, 37.83320019999999], [-122.25354730000001, 37.8321146]]]}}, {"type": "Feature", "properties": {"route": "V", "stop": "Broadway & College Av", "re_ratio": 0.6332}, "geometry": {"type": "Polygon", "coordinates": [[[-122.25412120000001, 37.8308126], [-122.2545006, 37.8309622], [-122.2548985, 37.83130810000001], [-122.2583686, 37.8365598], [-122.2580034, 37.8397378], [-122.257971, 37.8397783], [-122.25717589999998, 37.8407699], [-122.2530429, 37.84309520000001], [-122.2518133, 37.8437224], [-122.2470364, 37.84303619999999], [-122.24377790000001, 37.839451999999994], [-122.243758, 37.839376], [-122.24374450000002, 37.839301299999995], [-122.2487606, 37.83156209999999], [-122.24895570000001, 37.8314181], [-122.25412120000001, 37.8308126]]]}}, {"type": "Feature", "properties": {"route": "V", "stop": "Park Blvd & Hollywood Av", "re_ratio": 0.4614}, "geometry": {"type": "Polygon", "coordinates": [[[-122.21838830000002, 37.806014299999994], [-122.22235439999999, 37.80734939999999], [-122.22240680000002, 37.80741499999999], [-122.22212000000002, 37.81000989999999], [-122.22104620000002, 37.8138517], [-122.2184569, 37.815622799999986], [-122.21432659999999, 37.81699389999999], [-122.2137086, 37.816878], [-122.20948899999999, 37.81257819999999], [-122.2086113, 37.810832999999995], [-122.2114839, 37.8093107], [-122.21838830000002, 37.806014299999994]]]}}, {"type": "Feature", "properties": {"route": "V", "stop": "Park Blvd & Greenwood Av", "re_ratio": 0.4451}, "geometry": {"type": "Polygon", "coordinates": [[[-122.22984230000002, 37.798172900000004], [-122.2330474, 37.8011118], [-122.2341953, 37.80369049999999], [-122.2343465, 37.805930800000006], [-122.2256607, 37.80771729999999], [-122.2228383, 37.807215199999995], [-122.2197076, 37.8025218], [-122.22346749999998, 37.800536799999996], [-122.22984230000002, 37.798172900000004]]]}}, {"type": "Feature", "properties": {"route": "V", "stop": "Mountain Blvd & Snake Rd", "re_ratio": 0.4184}, "geometry": {"type": "Polygon", "coordinates": [[[-122.20987660000002, 37.8188427], [-122.2142776, 37.8259071], [-122.2131891, 37.82928609999999], [-122.2124131, 37.8297366], [-122.21029669999999, 37.8304217], [-122.20323680000001, 37.82569840000001], [-122.2017409, 37.8244381], [-122.20510020000002, 37.8200823], [-122.2065158, 37.8196492], [-122.20987660000002, 37.8188427]]]}}, {"type": "Feature", "properties": {"route": "V", "stop": "Moraga Av & La Salle Av", "re_ratio": 0.427}, "geometry": {"type": "Polygon", "coordinates": [[[-122.2108008, 37.8205398], [-122.21612910000002, 37.8244818], [-122.21704810000001, 37.826448299999996], [-122.216684, 37.82780929999999], [-122.2152123, 37.8316703], [-122.2101674, 37.83136559999999], [-122.20811829999998, 37.8298822], [-122.20800390000001, 37.829727199999994], [-122.2062473, 37.8243987], [-122.20645570000002, 37.821735000000004], [-122.207373, 37.82080419999999], [-122.20800360000001, 37.8207075], [-122.2108008, 37.8205398]]]}}, {"type": "Feature", "properties": {"route": "V", "stop": "Broadway & College Av", "re_ratio": 0.6466}, "geometry": {"type": "Polygon", "coordinates": [[[-122.2551708, 37.830273500000004], [-122.25822010000002, 37.836786499999995], [-122.2575987, 37.840238], [-122.25750580000002, 37.84034789999999], [-122.2515907, 37.8433799], [-122.24743499999998, 37.8423932], [-122.24653870000002, 37.842046800000006], [-122.24377790000001, 37.839451999999994], [-122.243758, 37.839376], [-122.24374450000002, 37.839301299999995], [-122.2481058, 37.83103369999999], [-122.2545089, 37.83030120000001], [-122.2551708, 37.830273500000004]]]}}, {"type": "Feature", "properties": {"route": "28", "stop": "22218 Center St", "re_ratio": 0.3581}, "geometry": {"type": "Polygon", "coordinates": [[[-122.0645428, 37.682287699999996], [-122.0659692, 37.6825581], [-122.0674315, 37.6873275], [-122.0635681, 37.69344039999999], [-122.0627382, 37.6942588], [-122.0622867, 37.694303700000006], [-122.0622008, 37.69429459999999], [-122.05753380000002, 37.6929392], [-122.0607124, 37.683927600000004], [-122.0641778, 37.68236679999999], [-122.06434190000002, 37.68229860000001], [-122.0645428, 37.682287699999996]]]}}, {"type": "Feature", "properties": {"route": "28", "stop": "B St & Pearl Av", "re_ratio": 0.4031}, "geometry": {"type": "Polygon", "coordinates": [[[-122.06975410000001, 37.6788993], [-122.07213270000001, 37.679392], [-122.0719577, 37.6800249], [-122.0690579, 37.68317729999999], [-122.0625857, 37.6891623], [-122.0625, 37.6891493], [-122.0624451, 37.689140900000005], [-122.05593830000001, 37.6844045], [-122.0559268, 37.6843294], [-122.0577346, 37.6829659], [-122.0650009, 37.679063199999995], [-122.06975410000001, 37.6788993]]]}}, {"type": "Feature", "properties": {"route": "28", "stop": "B St & 5th St", "re_ratio": 0.478}, "geometry": {"type": "Polygon", "coordinates": [[[-122.075723, 37.672964099999994], [-122.0774403, 37.6731125], [-122.08095010000001, 37.67410310000001], [-122.0810357, 37.6741974], [-122.08115299999999, 37.67580910000001], [-122.0811658, 37.676032699999986], [-122.0811208, 37.676995], [-122.0789713, 37.679907400000005], [-122.0775495, 37.6814919], [-122.07644190000002, 37.681622399999995], [-122.0679706, 37.6823981], [-122.06646850000001, 37.682276599999994], [-122.06790059999999, 37.6772324], [-122.0692062, 37.67567059999999], [-122.07151830000001, 37.6744326], [-122.075723, 37.672964099999994]]]}}, {"type": "Feature", "properties": {"route": "28", "stop": "B St & 5th St", "re_ratio": 0.478}, "geometry": {"type": "Polygon", "coordinates": [[[-122.075723, 37.672964099999994], [-122.0774403, 37.6731125], [-122.08095010000001, 37.67410310000001], [-122.0810357, 37.6741974], [-122.08115299999999, 37.67580910000001], [-122.0811658, 37.676032699999986], [-122.0811208, 37.676995], [-122.0789713, 37.679907400000005], [-122.0775495, 37.6814919], [-122.07644190000002, 37.681622399999995], [-122.0679706, 37.6823981], [-122.06646850000001, 37.682276599999994], [-122.06790059999999, 37.6772324], [-122.0692062, 37.67567059999999], [-122.07151830000001, 37.6744326], [-122.075723, 37.672964099999994]]]}}, {"type": "Feature", "properties": {"route": "28", "stop": "C St & Main St", "re_ratio": 0.6458}, "geometry": {"type": "Polygon", "coordinates": [[[-122.0799808, 37.666280999999984], [-122.0825297, 37.666731799999994], [-122.0881025, 37.6694499], [-122.08812730000001, 37.66947160000001], [-122.088387, 37.670305099999986], [-122.08747830000001, 37.6750616], [-122.0864839, 37.6769569], [-122.0847087, 37.67791719999999], [-122.08436950000001, 37.6780424], [-122.0835311, 37.67824389999999], [-122.0763835, 37.6773789], [-122.0743353, 37.67704530000001], [-122.0740839, 37.671035800000006], [-122.07891560000002, 37.666318999999994], [-122.0799808, 37.666280999999984]]]}}, {"type": "Feature", "properties": {"route": "28", "stop": "Center St & Fernwood Ct", "re_ratio": 0.4009}, "geometry": {"type": "Polygon", "coordinates": [[[-122.0630045, 37.68044839999999], [-122.0678116, 37.6807253], [-122.0685512, 37.6811026], [-122.0686356, 37.682700199999985], [-122.06550309999999, 37.688445299999984], [-122.0632996, 37.69125789999999], [-122.0626419, 37.69163210000001], [-122.06195740000001, 37.6917435], [-122.05629539999998, 37.6843746], [-122.0568421, 37.6838345], [-122.0577346, 37.6829659], [-122.0630045, 37.68044839999999]]]}}, {"type": "Feature", "properties": {"route": "28", "stop": "B St & Foothill Blvd", "re_ratio": 0.6309}, "geometry": {"type": "Polygon", "coordinates": [[[-122.0813286, 37.6675102], [-122.0881025, 37.6694499], [-122.0891134, 37.669973600000006], [-122.08919900000001, 37.670065999999984], [-122.08805799999999, 37.6755284], [-122.08703430000001, 37.67751919999999], [-122.08472290000002, 37.67966989999999], [-122.08450999999998, 37.67974029999999], [-122.07727680000002, 37.6786049], [-122.0761772, 37.6781377], [-122.0759975, 37.678030199999995], [-122.07578099999999, 37.67781049999999], [-122.0753204, 37.67730890000001], [-122.0753212, 37.6758736], [-122.0754304, 37.67165749999999], [-122.0759797, 37.670846999999995], [-122.0799177, 37.667737499999994], [-122.0813286, 37.6675102]]]}}, {"type": "Feature", "properties": {"route": "28", "stop": "C St & Mission Blvd", "re_ratio": 0.6661}, "geometry": {"type": "Polygon", "coordinates": [[[-122.08089499999998, 37.66517220000001], [-122.0863861, 37.6659826], [-122.08657, 37.66603019999999], [-122.0873187, 37.6662434], [-122.08807660000001, 37.66671889999999], [-122.0907998, 37.6694201], [-122.08887520000002, 37.6761914], [-122.08546940000001, 37.6763385], [-122.0850201, 37.676348100000006], [-122.08202710000002, 37.676365899999986], [-122.07976470000001, 37.67608599999999], [-122.07697209999999, 37.6756741], [-122.0767238, 37.6754061], [-122.07628020000001, 37.673921], [-122.0761391, 37.6717878], [-122.077253, 37.6665179], [-122.0779726, 37.6651871], [-122.07802760000001, 37.66515909999999], [-122.08089499999998, 37.66517220000001]]]}}, {"type": "Feature", "properties": {"route": "28", "stop": "C St & Foothill Blvd (1st St)", "re_ratio": 0.6352}, "geometry": {"type": "Polygon", "coordinates": [[[-122.0806593, 37.6668374], [-122.08217390000002, 37.667084], [-122.08657380000001, 37.6695889], [-122.0867617, 37.67022399999999], [-122.0856046, 37.6760037], [-122.08412280000002, 37.67851470000001], [-122.0831962, 37.6785418], [-122.08121140000002, 37.67859669999999], [-122.07742810000002, 37.678481600000005], [-122.0734329, 37.67756949999999], [-122.0729633, 37.675496200000005], [-122.07315159999999, 37.67059339999999], [-122.07915920000002, 37.66684119999999], [-122.0806593, 37.6668374]]]}}, {"type": "Feature", "properties": {"route": "28", "stop": "B St & Vermont St", "re_ratio": 0.3948}, "geometry": {"type": "Polygon", "coordinates": [[[-122.0695925, 37.6786524], [-122.0715487, 37.6790314], [-122.07250539999998, 37.67923339999999], [-122.07181490000002, 37.68054600000001], [-122.0690579, 37.68317729999999], [-122.06263549999998, 37.688685400000004], [-122.06248030000002, 37.6887969], [-122.06235529999998, 37.688773499999996], [-122.05629539999998, 37.6843746], [-122.0568421, 37.6838345], [-122.0577346, 37.6829659], [-122.0650009, 37.679063199999995], [-122.0695925, 37.6786524]]]}}, {"type": "Feature", "properties": {"route": "28", "stop": "B St & Linden St", "re_ratio": 0.3418}, "geometry": {"type": "Polygon", "coordinates": [[[-122.0695155, 37.6766706], [-122.07186840000001, 37.6771183], [-122.0734329, 37.67756949999999], [-122.07444239999998, 37.6784092], [-122.07498260000001, 37.6792214], [-122.0690579, 37.68317729999999], [-122.067995, 37.68385740000001], [-122.0638218, 37.68578029999999], [-122.0636206, 37.6857527], [-122.06075580000001, 37.6852147], [-122.0598289, 37.68418919999999], [-122.059825, 37.6840711], [-122.0606989, 37.6829623], [-122.06284750000002, 37.680590099999996], [-122.0630045, 37.68044839999999], [-122.0650009, 37.679063199999995], [-122.06763680000002, 37.6773296], [-122.06790059999999, 37.6772324], [-122.06848929999998, 37.67702349999999], [-122.0695155, 37.6766706]]]}}, {"type": "Feature", "properties": {"route": "28", "stop": "B St & 7th St", "re_ratio": 0.4674}, "geometry": {"type": "Polygon", "coordinates": [[[-122.07061940000001, 37.6750668], [-122.07616500000002, 37.675800499999994], [-122.07768499999999, 37.6764463], [-122.07801550000002, 37.678066099999995], [-122.078074, 37.679230999999994], [-122.0738562, 37.681527], [-122.067995, 37.68385740000001], [-122.06536620000001, 37.684518499999996], [-122.0632321, 37.684107], [-122.0628481, 37.68376309999999], [-122.0640735, 37.6780001], [-122.06432900000001, 37.67771259999999], [-122.06609059999998, 37.676387999999996], [-122.0676268, 37.675615], [-122.07061940000001, 37.6750668]]]}}, {"type": "Feature", "properties": {"route": "28", "stop": "22233 Center St", "re_ratio": 0.3526}, "geometry": {"type": "Polygon", "coordinates": [[[-122.062673, 37.68193099999999], [-122.0646775, 37.682210600000005], [-122.06618770000001, 37.682435], [-122.06828930000002, 37.6868984], [-122.0635681, 37.69344039999999], [-122.0627382, 37.6942588], [-122.0622867, 37.694303700000006], [-122.0622008, 37.69429459999999], [-122.0597484, 37.6917109], [-122.059825, 37.6840711], [-122.062673, 37.68193099999999]]]}}, {"type": "Feature", "properties": {"route": "28", "stop": "B St & 4th St", "re_ratio": 0.5627}, "geometry": {"type": "Polygon", "coordinates": [[[-122.07556260000001, 37.6721992], [-122.07966039999998, 37.6726179], [-122.0811719, 37.6727782], [-122.08262640000001, 37.6738527], [-122.08257629999999, 37.67501430000001], [-122.0824383, 37.6760804], [-122.08205890000002, 37.677972399999994], [-122.07835070000002, 37.682394699999996], [-122.0747674, 37.683181399999995], [-122.0738714, 37.683173100000005], [-122.0684956, 37.681133900000006], [-122.06877600000001, 37.6797185], [-122.0695155, 37.6766706], [-122.07089239999999, 37.6737272], [-122.07556260000001, 37.6721992]]]}}, {"type": "Feature", "properties": {"route": "28", "stop": "B St & 4th St", "re_ratio": 0.589}, "geometry": {"type": "Polygon", "coordinates": [[[-122.07548780000002, 37.6721377], [-122.0786096, 37.6722805], [-122.0810697, 37.67285179999998], [-122.0818846, 37.67342609999999], [-122.08231820000002, 37.6738676], [-122.08261409999999, 37.674760000000006], [-122.0824383, 37.6760804], [-122.08205890000002, 37.677972399999994], [-122.07835070000002, 37.682394699999996], [-122.0748178, 37.6834572], [-122.0735927, 37.683331299999985], [-122.068021, 37.68140149999999], [-122.06846550000002, 37.679372099999995], [-122.0704494, 37.6738175], [-122.07548780000002, 37.6721377]]]}}, {"type": "Feature", "properties": {"route": "28", "stop": "B St & 6th St", "re_ratio": 0.4922}, "geometry": {"type": "Polygon", "coordinates": [[[-122.0713019, 37.67368689999999], [-122.07628020000001, 37.673921], [-122.0799736, 37.6748066], [-122.0798204, 37.6767521], [-122.07973479999998, 37.67733309999999], [-122.0789713, 37.679907400000005], [-122.07633540000002, 37.681121399999995], [-122.0690579, 37.68317729999999], [-122.0677534, 37.6832472], [-122.06530360000001, 37.6829333], [-122.06607430000001, 37.67954399999999], [-122.0667482, 37.67761769999999], [-122.0676268, 37.675615], [-122.0712024, 37.6737157], [-122.0713019, 37.67368689999999]]]}}, {"type": "Feature", "properties": {"route": "28", "stop": "B St & Mission Blvd", "re_ratio": 0.6091}, "geometry": {"type": "Polygon", "coordinates": [[[-122.0800463, 37.66636809999999], [-122.0870205, 37.666930499999985], [-122.09110840000001, 37.66812399999999], [-122.09196940000001, 37.67013159999999], [-122.0914614, 37.671613799999996], [-122.08982730000001, 37.6759748], [-122.0895055, 37.6767031], [-122.08934630000002, 37.67682659999999], [-122.08662539999999, 37.6771081], [-122.0859882, 37.67713820000001], [-122.08135660000002, 37.676831299999996], [-122.07952110000001, 37.67648619999999], [-122.07814789999999, 37.67611469999999], [-122.07801680000001, 37.674478], [-122.07789020000001, 37.6727997], [-122.0785218, 37.66955939999998], [-122.07928140000001, 37.6667566], [-122.0800463, 37.66636809999999]]]}}, {"type": "Feature", "properties": {"route": "28", "stop": "B St & Linden St", "re_ratio": 0.3661}, "geometry": {"type": "Polygon", "coordinates": [[[-122.0697204, 37.6766004], [-122.07092000000002, 37.6768225], [-122.07578099999999, 37.67781049999999], [-122.0738562, 37.681527], [-122.0638218, 37.68578029999999], [-122.0636206, 37.6857527], [-122.06258860000001, 37.6853212], [-122.0607124, 37.683927600000004], [-122.06284750000002, 37.680590099999996], [-122.0630045, 37.68044839999999], [-122.0650009, 37.679063199999995], [-122.06763680000002, 37.6773296], [-122.06790059999999, 37.6772324], [-122.06848929999998, 37.67702349999999], [-122.0695155, 37.6766706], [-122.0697204, 37.6766004]]]}}, {"type": "Feature", "properties": {"route": "28", "stop": "B St & 7th St", "re_ratio": 0.4673}, "geometry": {"type": "Polygon", "coordinates": [[[-122.07171600000001, 37.674797100000006], [-122.07504500000002, 37.67511149999999], [-122.07814789999999, 37.67611469999999], [-122.07824029999999, 37.6791138], [-122.078074, 37.679230999999994], [-122.0738562, 37.681527], [-122.067995, 37.68385740000001], [-122.0665388, 37.684001300000006], [-122.0633689, 37.68387260000001], [-122.0632639, 37.6837986], [-122.0644018, 37.6779958], [-122.0649092, 37.67740789999999], [-122.06609059999998, 37.676387999999996], [-122.0676268, 37.675615], [-122.07171600000001, 37.674797100000006]]]}}, {"type": "Feature", "properties": {"route": "28", "stop": "2nd St & B St", "re_ratio": 0.639}, "geometry": {"type": "Polygon", "coordinates": [[[-122.0808096, 37.6686595], [-122.08296750000001, 37.6694292], [-122.08553650000002, 37.6712678], [-122.08556830000002, 37.6720954], [-122.08556729999998, 37.67284269999999], [-122.0855074, 37.6734637], [-122.08519310000001, 37.67550850000001], [-122.0847087, 37.67791719999999], [-122.0843036, 37.6794637], [-122.08412290000001, 37.680067199999996], [-122.0811507, 37.6801141], [-122.07587760000001, 37.6798912], [-122.07285330000002, 37.67908539999999], [-122.0722391, 37.6757435], [-122.07241299999998, 37.6702489], [-122.0808096, 37.6686595]]]}}, {"type": "Feature", "properties": {"route": "28", "stop": "Center St & Fernwood Ct", "re_ratio": 0.3408}, "geometry": {"type": "Polygon", "coordinates": [[[-122.06284750000002, 37.680590099999996], [-122.0644078, 37.6806204], [-122.068021, 37.68140149999999], [-122.0680324, 37.682019600000004], [-122.0679706, 37.6823981], [-122.0677534, 37.6832472], [-122.06550309999999, 37.688445299999984], [-122.0632996, 37.69125789999999], [-122.0623395, 37.691669299999994], [-122.0621828, 37.691692599999996], [-122.0608789, 37.6902412], [-122.057524, 37.68435], [-122.0575139, 37.68427330000001], [-122.0580673, 37.68375770000001], [-122.06284750000002, 37.680590099999996]]]}}, {"type": "Feature", "properties": {"route": "28", "stop": "B St & 2nd St", "re_ratio": 0.6452}, "geometry": {"type": "Polygon", "coordinates": [[[-122.08083580000002, 37.6684183], [-122.086129, 37.67035090000001], [-122.0871035, 37.670826999999996], [-122.08718, 37.6708995], [-122.08645170000001, 37.674226899999994], [-122.0858945, 37.6763109], [-122.0850136, 37.67891300000001], [-122.08472290000002, 37.67966989999999], [-122.08417369999998, 37.6801576], [-122.0811507, 37.6801141], [-122.076137, 37.680038800000005], [-122.07285330000002, 37.67908539999999], [-122.07281470000001, 37.678761800000004], [-122.07324519999999, 37.675397], [-122.07375679999998, 37.6714884], [-122.0739474, 37.6709731], [-122.0750305, 37.670472000000004], [-122.08083580000002, 37.6684183]]]}}, {"type": "Feature", "properties": {"route": "28", "stop": "B St & 3rd St", "re_ratio": 0.5719}, "geometry": {"type": "Polygon", "coordinates": [[[-122.08039240000001, 37.67061769999999], [-122.0845152, 37.6717988], [-122.08430020000002, 37.67358449999999], [-122.08369989999998, 37.67851379999999], [-122.08337350000001, 37.67881639999999], [-122.0775495, 37.6814919], [-122.07644190000002, 37.681622399999995], [-122.0747213, 37.681767000000015], [-122.0708433, 37.680366600000006], [-122.07046070000001, 37.68010339999999], [-122.0705787, 37.6763065], [-122.07151830000001, 37.6744326], [-122.0749819, 37.67191], [-122.0754304, 37.67165749999999], [-122.08039240000001, 37.67061769999999]]]}}, {"type": "Feature", "properties": {"route": "28", "stop": "B St & Madrone St", "re_ratio": 0.3493}, "geometry": {"type": "Polygon", "coordinates": [[[-122.06848929999998, 37.67702349999999], [-122.07409910000001, 37.67855529999999], [-122.0731565, 37.6802651], [-122.0690579, 37.68317729999999], [-122.067995, 37.68385740000001], [-122.06305280000001, 37.6867566], [-122.06294200000002, 37.686733399999994], [-122.0607089, 37.68580349999999], [-122.05843140000002, 37.6842438], [-122.05842, 37.684195499999994], [-122.0630045, 37.68044839999999], [-122.0650009, 37.679063199999995], [-122.06848929999998, 37.67702349999999]]]}}, {"type": "Feature", "properties": {"route": "28", "stop": "B St & Main St", "re_ratio": 0.6549}, "geometry": {"type": "Polygon", "coordinates": [[[-122.08046650000001, 37.66691680000001], [-122.0810826, 37.6669676], [-122.08217390000002, 37.667084], [-122.0880318, 37.66827489999999], [-122.08950229999999, 37.6687724], [-122.0907998, 37.6694201], [-122.0895055, 37.6767031], [-122.08769919999999, 37.6780572], [-122.08463379999999, 37.67849969999999], [-122.08412280000002, 37.67851470000001], [-122.0763434, 37.6774076], [-122.07662940000002, 37.6715514], [-122.07953730000001, 37.66706349999999], [-122.07961, 37.667026500000006], [-122.08046650000001, 37.66691680000001]]]}}, {"type": "Feature", "properties": {"route": "28", "stop": "Hayward BART", "re_ratio": 0.6536}, "geometry": {"type": "Polygon", "coordinates": [[[-122.08783920000002, 37.6640849], [-122.0946818, 37.6666781], [-122.09333990000002, 37.67279029999999], [-122.090699, 37.676169], [-122.0895852, 37.67616660000001], [-122.0804943, 37.674433500000006], [-122.08002510000001, 37.673013], [-122.07983439999998, 37.670472399999994], [-122.08051119999999, 37.6682161], [-122.0807809, 37.6673274], [-122.0809289, 37.66722910000001], [-122.0855302, 37.6643888], [-122.0874974, 37.6641001], [-122.08783920000002, 37.6640849]]]}}, {"type": "Feature", "properties": {"route": "28", "stop": "B St & 6th St", "re_ratio": 0.4863}, "geometry": {"type": "Polygon", "coordinates": [[[-122.07126720000001, 37.673621], [-122.07584460000001, 37.6742255], [-122.07938550000001, 37.6752279], [-122.07963, 37.6768896], [-122.0789713, 37.679907400000005], [-122.0690579, 37.68317729999999], [-122.0676173, 37.68332209999999], [-122.0648477, 37.68319030000001], [-122.0648861, 37.6826666], [-122.0660847, 37.677741000000005], [-122.0676268, 37.675615], [-122.07089239999999, 37.6737272], [-122.07126720000001, 37.673621]]]}}, {"type": "Feature", "properties": {"route": "28", "stop": "B St & 3rd St", "re_ratio": 0.5719}, "geometry": {"type": "Polygon", "coordinates": [[[-122.08039240000001, 37.67061769999999], [-122.0845152, 37.6717988], [-122.08430020000002, 37.67358449999999], [-122.08369989999998, 37.67851379999999], [-122.08337350000001, 37.67881639999999], [-122.0775495, 37.6814919], [-122.07644190000002, 37.681622399999995], [-122.0747213, 37.681767000000015], [-122.0708433, 37.680366600000006], [-122.07046070000001, 37.68010339999999], [-122.0705787, 37.6763065], [-122.07151830000001, 37.6744326], [-122.0749819, 37.67191], [-122.0754304, 37.67165749999999], [-122.08039240000001, 37.67061769999999]]]}}, {"type": "Feature", "properties": {"route": "34", "stop": "Lewelling Blvd & Tropic Ct", "re_ratio": 0.4916}, "geometry": {"type": "Polygon", "coordinates": [[[-122.13748610000002, 37.68075670000001], [-122.14004260000002, 37.68189979999999], [-122.1436839, 37.6841135], [-122.14406110000002, 37.68440900000001], [-122.1441883, 37.6845719], [-122.144637, 37.687913599999995], [-122.14213100000002, 37.68976289999999], [-122.138924, 37.6905848], [-122.13095180000002, 37.6883681], [-122.13040349999999, 37.6882042], [-122.12847130000002, 37.68664569999999], [-122.12846910000002, 37.6865863], [-122.1300171, 37.68464759999999], [-122.13748610000002, 37.68075670000001]]]}}, {"type": "Feature", "properties": {"route": "34", "stop": "Lewelling Blvd & Hesperian Blvd", "re_ratio": 0.5898}, "geometry": {"type": "Polygon", "coordinates": [[[-122.12951960000001, 37.6808545], [-122.1372736, 37.684883799999994], [-122.13856500000001, 37.68577799999999], [-122.13927729999999, 37.6863717], [-122.13936969999999, 37.6865405], [-122.13942279999999, 37.686641099999996], [-122.1384911, 37.687772599999995], [-122.13731600000001, 37.68894469999999], [-122.13014300000002, 37.6936194], [-122.12237660000001, 37.6869061], [-122.122345, 37.686744700000006], [-122.1223404, 37.686647300000004], [-122.12240270000001, 37.6864604], [-122.1276619, 37.68101170000001], [-122.12951960000001, 37.6808545]]]}}, {"type": "Feature", "properties": {"route": "34", "stop": "A St & Flagg St", "re_ratio": 0.54}, "geometry": {"type": "Polygon", "coordinates": [[[-122.0903626, 37.66403979999999], [-122.0932083, 37.664384399999996], [-122.0960763, 37.6652266], [-122.0988743, 37.66628319999999], [-122.10010609999999, 37.66683530000001], [-122.1007003, 37.6673857], [-122.1006316, 37.6679247], [-122.09948119999999, 37.6702806], [-122.09912989999998, 37.670933399999996], [-122.0987489, 37.6714738], [-122.09104110000001, 37.6745325], [-122.08507810000002, 37.67311899999999], [-122.0853735, 37.67184580000001], [-122.08553650000002, 37.6712678], [-122.08725549999998, 37.667078999999994], [-122.0883348, 37.664705899999994], [-122.090286, 37.6640432], [-122.0903626, 37.66403979999999]]]}}, {"type": "Feature", "properties": {"route": "34", "stop": "Meekland Av & Laurel Av", "re_ratio": 0.4374}, "geometry": {"type": "Polygon", "coordinates": [[[-122.09666899999999, 37.66382], [-122.10285820000001, 37.666337199999994], [-122.10758419999999, 37.673344699999994], [-122.1077461, 37.6746006], [-122.1061061, 37.6746089], [-122.10048080000001, 37.674172999999996], [-122.0942227, 37.6724282], [-122.0946085, 37.6697249], [-122.0952896, 37.667612], [-122.09666899999999, 37.66382]]]}}, {"type": "Feature", "properties": {"route": "34", "stop": "Meekland Av & Blossom Way", "re_ratio": 0.5517}, "geometry": {"type": "Polygon", "coordinates": [[[-122.1037566, 37.67110890000001], [-122.10889410000001, 37.67137670000001], [-122.1095207, 37.6714167], [-122.1103332, 37.67173879999999], [-122.1153663, 37.676038299999995], [-122.11626629999999, 37.6770562], [-122.116064, 37.6788192], [-122.11496099999998, 37.6821675], [-122.10573660000001, 37.68061120000001], [-122.1026784, 37.6794623], [-122.1019639, 37.6790101], [-122.101931, 37.67894859999999], [-122.1022184, 37.6769242], [-122.1037566, 37.67110890000001]]]}}, {"type": "Feature", "properties": {"route": "34", "stop": "Fargo Av & Crosby St", "re_ratio": 0.5308}, "geometry": {"type": "Polygon", "coordinates": [[[-122.14598050000001, 37.68295969999999], [-122.1511101, 37.68626449999999], [-122.15204370000001, 37.6888969], [-122.14892459999999, 37.6913596], [-122.1456896, 37.693409], [-122.1451001, 37.6935543], [-122.14316110000001, 37.69352659999999], [-122.14129550000001, 37.6924284], [-122.1377511, 37.68977], [-122.13561759999999, 37.68783489999999], [-122.1356034, 37.6875065], [-122.13591790000001, 37.68675399999999], [-122.1372643, 37.685721199999996], [-122.1379394, 37.6855052], [-122.14598050000001, 37.68295969999999]]]}}, {"type": "Feature", "properties": {"route": "34", "stop": "Lewelling Blvd & Lewelling Community Church/School", "re_ratio": 0.4814}, "geometry": {"type": "Polygon", "coordinates": [[[-122.1292779, 37.682338699999995], [-122.1378647, 37.682778799999994], [-122.1381916, 37.682893099999994], [-122.142134, 37.68453679999999], [-122.1425807, 37.685183499999994], [-122.14265, 37.68529449999999], [-122.1426525, 37.6856288], [-122.14188489999998, 37.6880523], [-122.13966949999998, 37.689847799999995], [-122.1382339, 37.68995670000001], [-122.1303179, 37.689800299999995], [-122.1299149, 37.68967859999999], [-122.1275002, 37.68789679999999], [-122.1261881, 37.6868058], [-122.1261881, 37.6867417], [-122.1262222, 37.6865925], [-122.12886319999998, 37.6825086], [-122.1292779, 37.682338699999995]]]}}, {"type": "Feature", "properties": {"route": "34", "stop": "B St & Filbert St", "re_ratio": 0.618}, "geometry": {"type": "Polygon", "coordinates": [[[-122.09207179999999, 37.6615219], [-122.09444940000002, 37.6619018], [-122.1030837, 37.66596210000001], [-122.10341329999999, 37.666387799999995], [-122.1020407, 37.66961009999999], [-122.0997356, 37.6730142], [-122.0942227, 37.6724282], [-122.08897949999998, 37.671319800000006], [-122.08754100000002, 37.670854899999995], [-122.087405, 37.67080419999999], [-122.08739430000001, 37.6707154], [-122.08760410000001, 37.6697545], [-122.08918, 37.6640955], [-122.09109510000002, 37.661545700000005], [-122.09207179999999, 37.6615219]]]}}, {"type": "Feature", "properties": {"route": "34", "stop": "A St & Myrtle St", "re_ratio": 0.5486}, "geometry": {"type": "Polygon", "coordinates": [[[-122.0929123, 37.6639462], [-122.0947907, 37.66430059999999], [-122.1014941, 37.66633099999999], [-122.1010637, 37.6675694], [-122.09906140000001, 37.6719609], [-122.0906521, 37.673925], [-122.0871989, 37.6732159], [-122.08556729999998, 37.67284269999999], [-122.0859158, 37.671175999999996], [-122.086129, 37.67035090000001], [-122.08854460000002, 37.665013099999996], [-122.090286, 37.6640432], [-122.0907932, 37.6640151], [-122.0929123, 37.6639462]]]}}, {"type": "Feature", "properties": {"route": "34", "stop": "Fargo Av & Crosby St", "re_ratio": 0.5308}, "geometry": {"type": "Polygon", "coordinates": [[[-122.14598050000001, 37.68295969999999], [-122.1511101, 37.68626449999999], [-122.15204370000001, 37.6888969], [-122.14892459999999, 37.6913596], [-122.1456896, 37.693409], [-122.1451001, 37.6935543], [-122.14316110000001, 37.69352659999999], [-122.14129550000001, 37.6924284], [-122.1377511, 37.68977], [-122.13561759999999, 37.68783489999999], [-122.1356034, 37.6875065], [-122.13591790000001, 37.68675399999999], [-122.1372643, 37.685721199999996], [-122.1379394, 37.6855052], [-122.14598050000001, 37.68295969999999]]]}}, {"type": "Feature", "properties": {"route": "34", "stop": "Meekland Av & Paseo Grande", "re_ratio": 0.535}, "geometry": {"type": "Polygon", "coordinates": [[[-122.11318390000001, 37.67900809999998], [-122.12217500000001, 37.681530999999985], [-122.12370899999999, 37.6830691], [-122.12315070000001, 37.6870406], [-122.11900079999998, 37.69052739999999], [-122.112488, 37.6876779], [-122.11130939999998, 37.6871309], [-122.10926580000002, 37.68391329999999], [-122.10924930000002, 37.683868899999986], [-122.1094618, 37.6833561], [-122.1119893, 37.6791125], [-122.11219320000001, 37.6790381], [-122.11318390000001, 37.67900809999998]]]}}, {"type": "Feature", "properties": {"route": "34", "stop": "Hayward BART", "re_ratio": 0.5708}, "geometry": {"type": "Polygon", "coordinates": [[[-122.0859548, 37.6650832], [-122.0863907, 37.66508949999999], [-122.0937172, 37.667067900000006], [-122.09376170000002, 37.6671378], [-122.09341790000002, 37.669406699999996], [-122.09251730000001, 37.673127699999995], [-122.0907668, 37.675499999999985], [-122.09036970000001, 37.67566059999999], [-122.08778839999998, 37.67530969999999], [-122.0810357, 37.6741974], [-122.079515, 37.67339200000001], [-122.07936900000001, 37.67181090000001], [-122.07929310000002, 37.670825099999995], [-122.07950190000001, 37.6700682], [-122.08013520000002, 37.6677806], [-122.08046650000001, 37.66691680000001], [-122.0805453, 37.666882699999995], [-122.0806593, 37.6668374], [-122.0859548, 37.6650832]]]}}, {"type": "Feature", "properties": {"route": "34", "stop": "Meekland Av & Laurel Av", "re_ratio": 0.4676}, "geometry": {"type": "Polygon", "coordinates": [[[-122.09666899999999, 37.66382], [-122.1011797, 37.664910899999995], [-122.1030837, 37.66596210000001], [-122.10341329999999, 37.666387799999995], [-122.10758419999999, 37.673344699999994], [-122.1072015, 37.67412550000001], [-122.1060902, 37.6744374], [-122.10048080000001, 37.674172999999996], [-122.0942227, 37.6724282], [-122.0939621, 37.6706037], [-122.095054, 37.66725009999999], [-122.09638670000001, 37.6639519], [-122.09666899999999, 37.66382]]]}}, {"type": "Feature", "properties": {"route": "34", "stop": "E Lewelling Blvd & San Lorenzo High School", "re_ratio": 0.4671}, "geometry": {"type": "Polygon", "coordinates": [[[-122.12305799999999, 37.6824265], [-122.12690400000001, 37.683813799999996], [-122.1274973, 37.684220599999996], [-122.12959970000001, 37.685668], [-122.1305855, 37.6864604], [-122.13052310000002, 37.686746299999996], [-122.1297769, 37.6876], [-122.12800119999999, 37.68868350000001], [-122.1188092, 37.691213299999994], [-122.1178517, 37.6904938], [-122.1130703, 37.6868451], [-122.113367, 37.68640839999998], [-122.1161713, 37.6836026], [-122.12305799999999, 37.6824265]]]}}, {"type": "Feature", "properties": {"route": "34", "stop": "Meekland Av & Blossom Way", "re_ratio": 0.5064}, "geometry": {"type": "Polygon", "coordinates": [[[-122.10417740000001, 37.671476299999995], [-122.10913800000002, 37.67159139999999], [-122.11203989999998, 37.673504499999986], [-122.1153663, 37.676038299999995], [-122.11539210000001, 37.6770752], [-122.1152179, 37.68243970000001], [-122.11050159999999, 37.68160410000001], [-122.10312850000001, 37.67943480000001], [-122.1019639, 37.6790101], [-122.10417740000001, 37.671476299999995]]]}}, {"type": "Feature", "properties": {"route": "34", "stop": "Meekland Av & Sunset Blvd", "re_ratio": 0.3842}, "geometry": {"type": "Polygon", "coordinates": [[[-122.0988743, 37.66628319999999], [-122.10010609999999, 37.66683530000001], [-122.1010637, 37.6675694], [-122.11003200000002, 37.675477199999996], [-122.1102173, 37.67615740000001], [-122.1102572, 37.67664380000001], [-122.110128, 37.676731100000005], [-122.10359899999999, 37.676477999999996], [-122.1019673, 37.67625949999999], [-122.096328, 37.6747774], [-122.0962756, 37.674696399999995], [-122.0978927, 37.66763499999999], [-122.09860170000002, 37.66631909999999], [-122.0988743, 37.66628319999999]]]}}, {"type": "Feature", "properties": {"route": "34", "stop": "Lewelling Blvd & Via Granada", "re_ratio": 0.4773}, "geometry": {"type": "Polygon", "coordinates": [[[-122.1212886, 37.6805829], [-122.1293667, 37.683624599999995], [-122.1339443, 37.686570200000006], [-122.1309574, 37.6891544], [-122.1302964, 37.68966019999999], [-122.1299149, 37.68967859999999], [-122.1287628, 37.689679], [-122.1276679, 37.68967839999999], [-122.1190084, 37.688883800000006], [-122.1163527, 37.68668679999999], [-122.11689, 37.6859492], [-122.1212886, 37.6805829]]]}}, {"type": "Feature", "properties": {"route": "34", "stop": "E Lewelling Blvd & San Lorenzo High School", "re_ratio": 0.4684}, "geometry": {"type": "Polygon", "coordinates": [[[-122.12370899999999, 37.6830691], [-122.1274973, 37.684220599999996], [-122.12980210000002, 37.68653260000001], [-122.12982439999999, 37.68685549999999], [-122.1287604, 37.687543999999995], [-122.1196559, 37.69184520000001], [-122.1142727, 37.6881619], [-122.1123236, 37.68671350000002], [-122.11253619999998, 37.68627249999999], [-122.112601, 37.6862009], [-122.1126452, 37.686156], [-122.1159112, 37.6832854], [-122.1161479, 37.683125899999986], [-122.12370899999999, 37.6830691]]]}}, {"type": "Feature", "properties": {"route": "34", "stop": "Lewelling Blvd & Tropic Ct", "re_ratio": 0.577}, "geometry": {"type": "Polygon", "coordinates": [[[-122.137108, 37.6804467], [-122.1377563, 37.6805879], [-122.1392342, 37.68115100000001], [-122.1455483, 37.6838829], [-122.144637, 37.687913599999995], [-122.14295640000002, 37.6893578], [-122.1390568, 37.692690000000006], [-122.13094830000001, 37.687867], [-122.13041309999998, 37.687547599999995], [-122.12988290000001, 37.687208999999996], [-122.12942080000002, 37.6868084], [-122.1294189, 37.6867569], [-122.1300171, 37.68464759999999], [-122.1370557, 37.680462999999996], [-122.137108, 37.6804467]]]}}, {"type": "Feature", "properties": {"route": "34", "stop": "Lewelling Blvd & Hesperian Blvd", "re_ratio": 0.6055}, "geometry": {"type": "Polygon", "coordinates": [[[-122.1273254, 37.6804701], [-122.12951960000001, 37.6808545], [-122.1372736, 37.684883799999994], [-122.13856500000001, 37.68577799999999], [-122.13927729999999, 37.6863717], [-122.1393053, 37.68672819999999], [-122.1384911, 37.687772599999995], [-122.13731600000001, 37.68894469999999], [-122.13014660000002, 37.6933206], [-122.13006109999999, 37.69331450000001], [-122.12185150000002, 37.6866475], [-122.1218517, 37.6865552], [-122.1221043, 37.6862232], [-122.1273254, 37.6804701]]]}}, {"type": "Feature", "properties": {"route": "34", "stop": "Meekland Av & Grove Way", "re_ratio": 0.4959}, "geometry": {"type": "Polygon", "coordinates": [[[-122.10214770000002, 37.669704599999996], [-122.10348110000001, 37.6698311], [-122.11203989999998, 37.673504499999986], [-122.1134351, 37.674577799999994], [-122.11390969999998, 37.6757656], [-122.11408899999999, 37.6780269], [-122.11356630000002, 37.6806159], [-122.1050668, 37.679318300000006], [-122.1035709, 37.6789719], [-122.10286189999998, 37.6787165], [-122.10001430000001, 37.6776463], [-122.0999815, 37.6775825], [-122.10214770000002, 37.669704599999996]]]}}, {"type": "Feature", "properties": {"route": "34", "stop": "Meekland Av & Medford Av", "re_ratio": 0.4313}, "geometry": {"type": "Polygon", "coordinates": [[[-122.1077461, 37.6746006], [-122.1101805, 37.6746695], [-122.1111619, 37.6754812], [-122.11174160000002, 37.675963800000005], [-122.1193043, 37.68403709999999], [-122.1190674, 37.684637], [-122.1168948, 37.6863254], [-122.11239839999999, 37.68517219999999], [-122.105387, 37.68200350000001], [-122.105317, 37.6819556], [-122.1077461, 37.6746006]]]}}, {"type": "Feature", "properties": {"route": "34", "stop": "Meekland Av & A St", "re_ratio": 0.5972}, "geometry": {"type": "Polygon", "coordinates": [[[-122.09427540000001, 37.66174800000001], [-122.1021863, 37.663069], [-122.1058615, 37.66561800000001], [-122.1068015, 37.6664009], [-122.1055052, 37.6718303], [-122.1053062, 37.672461], [-122.0993127, 37.6725037], [-122.0960365, 37.6716843], [-122.09131920000002, 37.6704094], [-122.0940404, 37.66207059999999], [-122.09422089999998, 37.66177969999998], [-122.09427540000001, 37.66174800000001]]]}}, {"type": "Feature", "properties": {"route": "34", "stop": "Lewelling Blvd & Via Granada", "re_ratio": 0.3725}, "geometry": {"type": "Polygon", "coordinates": [[[-122.1228064, 37.6821659], [-122.12900440000001, 37.683235], [-122.1339443, 37.686570200000006], [-122.13403010000002, 37.6866643], [-122.13403040000001, 37.68676230000001], [-122.1309829, 37.68955859999999], [-122.1303179, 37.689800299999995], [-122.1276679, 37.68967839999999], [-122.11903530000001, 37.6877016], [-122.1182433, 37.6868244], [-122.11824190000002, 37.68673939999999], [-122.1184713, 37.6862858], [-122.1228064, 37.6821659]]]}}, {"type": "Feature", "properties": {"route": "34", "stop": "Meekland Av & A St", "re_ratio": 0.6187}, "geometry": {"type": "Polygon", "coordinates": [[[-122.09387390000002, 37.6614771], [-122.1020952, 37.6623827], [-122.1036626, 37.6633549], [-122.10810290000002, 37.66625969999998], [-122.1063725, 37.669195599999995], [-122.1046029, 37.6718518], [-122.09906140000001, 37.6719609], [-122.09658800000001, 37.67152970000001], [-122.0914311, 37.67022480000001], [-122.09387390000002, 37.6614771]]]}}, {"type": "Feature", "properties": {"route": "34", "stop": "D St & Atherton St", "re_ratio": 0.6165}, "geometry": {"type": "Polygon", "coordinates": [[[-122.08446259999998, 37.663100299999996], [-122.0875172, 37.66333209999999], [-122.0890071, 37.66410549999999], [-122.0905106, 37.6675704], [-122.0907015, 37.6682901], [-122.09013239999999, 37.670865], [-122.0889139, 37.673404999999995], [-122.0866046, 37.67434980000001], [-122.0810357, 37.6741974], [-122.0787628, 37.6739413], [-122.0774403, 37.6731125], [-122.0768954, 37.671408799999995], [-122.07763580000001, 37.66651509999999], [-122.0781514, 37.6653084], [-122.08362690000001, 37.6633236], [-122.08446259999998, 37.663100299999996]]]}}, {"type": "Feature", "properties": {"route": "34", "stop": "Farnsworth St & Fargo Av", "re_ratio": 0.5132}, "geometry": {"type": "Polygon", "coordinates": [[[-122.15424430000002, 37.68492849999999], [-122.1594714, 37.6884539], [-122.15759170000001, 37.691115200000006], [-122.1561409, 37.69237840000001], [-122.1520037, 37.695324600000006], [-122.1479274, 37.69345], [-122.1461186, 37.6920348], [-122.1455774, 37.6914421], [-122.14292670000002, 37.68802310000001], [-122.14290820000001, 37.68795879999999], [-122.1428993, 37.6877413], [-122.14572939999998, 37.6860722], [-122.1525792, 37.6851444], [-122.15424430000002, 37.68492849999999]]]}}, {"type": "Feature", "properties": {"route": "34", "stop": "Fargo Av & Washington Av", "re_ratio": 0.5061}, "geometry": {"type": "Polygon", "coordinates": [[[-122.13879810000002, 37.6817096], [-122.13900550000001, 37.6817577], [-122.1436839, 37.6841135], [-122.14406110000002, 37.68440900000001], [-122.1479932, 37.68800149999999], [-122.1479176, 37.6881856], [-122.1438319, 37.6914909], [-122.1405264, 37.69336309999999], [-122.1391764, 37.693823900000005], [-122.13902070000002, 37.693826200000004], [-122.1329803, 37.68675380000001], [-122.1325992, 37.6862258], [-122.13269689999998, 37.68609730000001], [-122.13757040000002, 37.682097399999996], [-122.13879810000002, 37.6817096]]]}}, {"type": "Feature", "properties": {"route": "34", "stop": "Meekland Av & E Lewelling Blvd", "re_ratio": 0.5589}, "geometry": {"type": "Polygon", "coordinates": [[[-122.113189, 37.680195700000006], [-122.11484360000001, 37.6802489], [-122.1228064, 37.6821659], [-122.12495290000001, 37.6865852], [-122.1249544, 37.6868061], [-122.1240556, 37.687857], [-122.1188092, 37.691213299999994], [-122.1091221, 37.68748870000001], [-122.11002730000001, 37.6851536], [-122.11117810000002, 37.682915099999995], [-122.11253640000001, 37.68054399999999], [-122.113189, 37.680195700000006]]]}}, {"type": "Feature", "properties": {"route": "34", "stop": "Meekland Av & Grove Way", "re_ratio": 0.4959}, "geometry": {"type": "Polygon", "coordinates": [[[-122.10214770000002, 37.669704599999996], [-122.10348110000001, 37.6698311], [-122.11203989999998, 37.673504499999986], [-122.1134351, 37.674577799999994], [-122.11390969999998, 37.6757656], [-122.11408899999999, 37.6780269], [-122.11356630000002, 37.6806159], [-122.1050668, 37.679318300000006], [-122.1035709, 37.6789719], [-122.10286189999998, 37.6787165], [-122.10001430000001, 37.6776463], [-122.0999815, 37.6775825], [-122.10214770000002, 37.669704599999996]]]}}, {"type": "Feature", "properties": {"route": "34", "stop": "Meekland Av & Hood St", "re_ratio": 0.4234}, "geometry": {"type": "Polygon", "coordinates": [[[-122.1081778, 37.674979500000006], [-122.1111619, 37.6754812], [-122.11980840000001, 37.6844647], [-122.1171933, 37.686677599999996], [-122.1165197, 37.686683499999994], [-122.1132235, 37.68586429999999], [-122.1057466, 37.68188790000001], [-122.1081778, 37.674979500000006]]]}}, {"type": "Feature", "properties": {"route": "34", "stop": "Fargo Av & Washington Av", "re_ratio": 0.5102}, "geometry": {"type": "Polygon", "coordinates": [[[-122.137987, 37.682025], [-122.139115, 37.682125400000004], [-122.1436839, 37.6841135], [-122.1471681, 37.686750599999996], [-122.1479932, 37.68800149999999], [-122.14814299999999, 37.688415899999995], [-122.1438319, 37.6914909], [-122.1405264, 37.69336309999999], [-122.1391764, 37.693823900000005], [-122.13902070000002, 37.693826200000004], [-122.1329803, 37.68675380000001], [-122.1325992, 37.6862258], [-122.13269689999998, 37.68609730000001], [-122.13757040000002, 37.682097399999996], [-122.13764969999998, 37.68207760000001], [-122.13772110000001, 37.682063600000006], [-122.137987, 37.682025]]]}}, {"type": "Feature", "properties": {"route": "34", "stop": "Meekland Av & Paseo Grande", "re_ratio": 0.5358}, "geometry": {"type": "Polygon", "coordinates": [[[-122.11219320000001, 37.6790381], [-122.12217500000001, 37.681530999999985], [-122.12370899999999, 37.6830691], [-122.12335230000001, 37.68721119999999], [-122.11912499999998, 37.690525699999995], [-122.118891, 37.69053360000001], [-122.112488, 37.6876779], [-122.11130939999998, 37.6871309], [-122.10926580000002, 37.68391329999999], [-122.10924930000002, 37.683868899999986], [-122.1094618, 37.6833561], [-122.1119893, 37.6791125], [-122.11219320000001, 37.6790381]]]}}, {"type": "Feature", "properties": {"route": "34", "stop": "A St & Grand St", "re_ratio": 0.6615}, "geometry": {"type": "Polygon", "coordinates": [[[-122.0866442, 37.66507459999999], [-122.0887445, 37.6653057], [-122.0914773, 37.6657781], [-122.0965389, 37.6670866], [-122.09798909999999, 37.6675768], [-122.096328, 37.6747774], [-122.09558479999998, 37.6757021], [-122.0927274, 37.676551599999996], [-122.0895852, 37.67616660000001], [-122.0825857, 37.6747802], [-122.0827231, 37.6728355], [-122.08293630000001, 37.6706582], [-122.0829754, 37.6703665], [-122.08321140000001, 37.669674500000006], [-122.08573169999998, 37.66517249999999], [-122.0859548, 37.6650832], [-122.0866442, 37.66507459999999]]]}}, {"type": "Feature", "properties": {"route": "34", "stop": "Lewelling Blvd & Lewelling Community Church/School", "re_ratio": 0.4888}, "geometry": {"type": "Polygon", "coordinates": [[[-122.1292779, 37.682338699999995], [-122.13784250000002, 37.68270699999999], [-122.142134, 37.68453679999999], [-122.1425807, 37.685183499999994], [-122.14281900000002, 37.6855588], [-122.14188489999998, 37.6880523], [-122.13966949999998, 37.689847799999995], [-122.1382339, 37.68995670000001], [-122.1303179, 37.689800299999995], [-122.1299149, 37.68967859999999], [-122.1285893, 37.68882790000001], [-122.1261881, 37.68698379999999], [-122.1261881, 37.6868058], [-122.1261881, 37.6867417], [-122.1262212, 37.6861993], [-122.12886319999998, 37.6825086], [-122.1292779, 37.682338699999995]]]}}, {"type": "Feature", "properties": {"route": "34", "stop": "Meekland Av & Sunset Blvd", "re_ratio": 0.3776}, "geometry": {"type": "Polygon", "coordinates": [[[-122.09860170000002, 37.66631909999999], [-122.10010609999999, 37.66683530000001], [-122.1010637, 37.6675694], [-122.11003200000002, 37.675477199999996], [-122.11045099999998, 37.675991700000004], [-122.1103215, 37.6769517], [-122.10359899999999, 37.676477999999996], [-122.101374, 37.676231], [-122.096792, 37.6745879], [-122.09674630000002, 37.6745059], [-122.0973061, 37.6711635], [-122.09798909999999, 37.6675768], [-122.09860170000002, 37.66631909999999]]]}}, {"type": "Feature", "properties": {"route": "34", "stop": "E Lewelling Blvd & Meekland Av", "re_ratio": 0.5598}, "geometry": {"type": "Polygon", "coordinates": [[[-122.11381129999998, 37.68087709999999], [-122.1159598, 37.6811211], [-122.12153110000001, 37.68258490000001], [-122.1262222, 37.6865925], [-122.12622230000001, 37.68663349999999], [-122.1261881, 37.68698379999999], [-122.1196559, 37.69184520000001], [-122.1084887, 37.687592300000006], [-122.11002730000001, 37.6851536], [-122.11381129999998, 37.68087709999999]]]}}, {"type": "Feature", "properties": {"route": "34", "stop": "A St & Alice St", "re_ratio": 0.5728}, "geometry": {"type": "Polygon", "coordinates": [[[-122.0881716, 37.664167], [-122.09084460000001, 37.6647641], [-122.0991552, 37.66681400000001], [-122.0992638, 37.6671804], [-122.0987973, 37.66864369999999], [-122.09766719999999, 37.67108789999999], [-122.09164230000002, 37.67545140000001], [-122.0901133, 37.6752625], [-122.0837469, 37.673936899999994], [-122.0839776, 37.67211400000001], [-122.0842188, 37.6704532], [-122.08648679999999, 37.66588579999999], [-122.0881716, 37.664167]]]}}, {"type": "Feature", "properties": {"route": "9", "stop": "Watkins St & C St", "re_ratio": 0.6142}, "geometry": {"type": "Polygon", "coordinates": [[[-122.08089499999998, 37.66517220000001], [-122.0863465, 37.66567549999999], [-122.08824409999998, 37.66639099999999], [-122.0907015, 37.6682901], [-122.0909466, 37.668589999999995], [-122.0917479, 37.66980399999999], [-122.0902909, 37.6733621], [-122.089246, 37.67550310000001], [-122.08838109999999, 37.676042599999995], [-122.08572700000002, 37.67613649999999], [-122.0835172, 37.6759854], [-122.08115299999999, 37.67580910000001], [-122.0788769, 37.675592400000006], [-122.07784310000001, 37.6746024], [-122.0774403, 37.6731125], [-122.07832250000001, 37.66693359999999], [-122.07859679999999, 37.66620559999999], [-122.080575, 37.665231], [-122.08089499999998, 37.66517220000001]]]}}, {"type": "Feature", "properties": {"route": "9", "stop": "Mission Blvd & Medford Av", "re_ratio": 0.4391}, "geometry": {"type": "Polygon", "coordinates": [[[-122.0973556, 37.67984150000001], [-122.1057274, 37.68139299999999], [-122.1061655, 37.68158220000001], [-122.1063147, 37.681699599999995], [-122.1065387, 37.684719099999995], [-122.1060508, 37.6895261], [-122.0973298, 37.68816499999999], [-122.09469370000001, 37.6855257], [-122.09446230000002, 37.6851205], [-122.0952269, 37.681232499999986], [-122.0957661, 37.68035619999999], [-122.0961774, 37.680041], [-122.0973556, 37.67984150000001]]]}}, {"type": "Feature", "properties": {"route": "9", "stop": "Mission Blvd & Lafayette Av", "re_ratio": 0.4449}, "geometry": {"type": "Polygon", "coordinates": [[[-122.0202527, 37.6062965], [-122.0262715, 37.606918], [-122.03265760000001, 37.6094003], [-122.0335275, 37.6102245], [-122.0335149, 37.613034899999995], [-122.032283, 37.6151724], [-122.03167950000001, 37.61561640000001], [-122.0297115, 37.6164643], [-122.0222338, 37.613585], [-122.0220065, 37.61339550000001], [-122.0200811, 37.60638329999999], [-122.0202527, 37.6062965]]]}}, {"type": "Feature", "properties": {"route": "9", "stop": "Mission Blvd & Torrano Av", "re_ratio": 0.3451}, "geometry": {"type": "Polygon", "coordinates": [[[-122.06541300000002, 37.649068299999996], [-122.0664042, 37.649102], [-122.0688911, 37.649676400000004], [-122.0721616, 37.6535743], [-122.07472580000001, 37.6572565], [-122.07495650000001, 37.6587397], [-122.074954, 37.65995350000001], [-122.0746462, 37.66098070000001], [-122.0729777, 37.6606744], [-122.0696658, 37.6596283], [-122.06720899999999, 37.6570541], [-122.0644741, 37.65273489999999], [-122.0639728, 37.6515442], [-122.06531139999998, 37.649134999999994], [-122.06541300000002, 37.649068299999996]]]}}, {"type": "Feature", "properties": {"route": "9", "stop": "Mission Blvd & F St", "re_ratio": 0.5308}, "geometry": {"type": "Polygon", "coordinates": [[[-122.01788340000002, 37.59744070000001], [-122.0227687, 37.5990015], [-122.02407900000001, 37.6001417], [-122.024571, 37.605911199999994], [-122.0231859, 37.6090163], [-122.01774339999999, 37.60901559999999], [-122.017301, 37.6089397], [-122.0163517, 37.6085224], [-122.01161660000001, 37.5987428], [-122.0118445, 37.598587900000005], [-122.0178143, 37.597445199999996], [-122.01788340000002, 37.59744070000001]]]}}, {"type": "Feature", "properties": {"route": "9", "stop": "Mission Blvd & Grove Way", "re_ratio": 0.5814}, "geometry": {"type": "Polygon", "coordinates": [[[-122.09122080000002, 37.67480429999999], [-122.0949851, 37.6752352], [-122.10162909999998, 37.6771173], [-122.1005167, 37.681469500000006], [-122.09645879999998, 37.685114600000006], [-122.0884519, 37.6851805], [-122.0873612, 37.6777855], [-122.08730400000002, 37.67491760000001], [-122.09122080000002, 37.67480429999999]]]}}, {"type": "Feature", "properties": {"route": "9", "stop": "Decoto Rd & Fourth St", "re_ratio": 0.5029}, "geometry": {"type": "Polygon", "coordinates": [[[-122.019081, 37.59379249999999], [-122.01941479999999, 37.59386449999999], [-122.0233503, 37.595973], [-122.02339730000001, 37.5966107], [-122.0235829, 37.59922879999999], [-122.0234781, 37.60105599999999], [-122.02325689999999, 37.60467179999999], [-122.02211710000002, 37.605895100000005], [-122.02027229999999, 37.6061561], [-122.02007720000002, 37.60613980000001], [-122.0135513, 37.602444899999995], [-122.01192830000001, 37.59865639999999], [-122.01323, 37.596175699999996], [-122.019081, 37.59379249999999]]]}}, {"type": "Feature", "properties": {"route": "9", "stop": "Mission Blvd & Valle Vista Av", "re_ratio": 0.3746}, "geometry": {"type": "Polygon", "coordinates": [[[-122.04939869999998, 37.628277399999995], [-122.0498734, 37.628413699999996], [-122.0518313, 37.62901920000001], [-122.05263800000002, 37.62928790000001], [-122.0536592, 37.6303269], [-122.05727549999999, 37.634295800000004], [-122.0576221, 37.63550519999999], [-122.0577238, 37.638314300000005], [-122.0569305, 37.638822799999986], [-122.0566921, 37.6389354], [-122.0502838, 37.6367958], [-122.04661629999998, 37.632446599999994], [-122.04623630000002, 37.63179029999999], [-122.0455121, 37.6302104], [-122.04596400000001, 37.6286994], [-122.0462252, 37.628504199999995], [-122.04727720000001, 37.6284268], [-122.04939869999998, 37.628277399999995]]]}}, {"type": "Feature", "properties": {"route": "9", "stop": "Mission Blvd & Garin Av", "re_ratio": 0.5205}, "geometry": {"type": "Polygon", "coordinates": [[[-122.03833100000001, 37.6221153], [-122.03851040000002, 37.6221268], [-122.0440824, 37.622925], [-122.045742, 37.6236456], [-122.0504697, 37.62709389999999], [-122.0506202, 37.6272415], [-122.0507189, 37.629319299999985], [-122.0506838, 37.6295183], [-122.0499869, 37.632155299999994], [-122.0498417, 37.6323103], [-122.0495829, 37.6324927], [-122.04938189999999, 37.6326343], [-122.04360580000001, 37.632880500000006], [-122.0378909, 37.62992690000001], [-122.0377347, 37.62915910000001], [-122.0375863, 37.625768], [-122.0382292, 37.622184099999984], [-122.03833100000001, 37.6221153]]]}}, {"type": "Feature", "properties": {"route": "9", "stop": "Mission Blvd & Holy Sepulchre Cemetery", "re_ratio": 0.4617}, "geometry": {"type": "Polygon", "coordinates": [[[-122.0600136, 37.6424807], [-122.0668216, 37.643880900000006], [-122.07182069999999, 37.6502698], [-122.0704407, 37.65309189999999], [-122.0696858, 37.65458859999999], [-122.06954910000002, 37.6546597], [-122.0632036, 37.6532535], [-122.06309630000001, 37.653156800000005], [-122.05995020000002, 37.6475906], [-122.0596942, 37.64707049999999], [-122.0598382, 37.6429723], [-122.0600136, 37.6424807]]]}}, {"type": "Feature", "properties": {"route": "9", "stop": "Mission Blvd & Cherry Way", "re_ratio": 0.4206}, "geometry": {"type": "Polygon", "coordinates": [[[-122.09286200000001, 37.6779769], [-122.0974832, 37.67848099999999], [-122.1019639, 37.6790101], [-122.1039241, 37.6794202], [-122.1052324, 37.6797807], [-122.10537180000001, 37.6798893], [-122.10500250000001, 37.6821344], [-122.10498960000001, 37.6822022], [-122.1037404, 37.68506760000001], [-122.1023746, 37.686712899999996], [-122.1021713, 37.686905], [-122.1014734, 37.68695160000001], [-122.10008740000002, 37.6864153], [-122.09151100000001, 37.68254780000001], [-122.09131780000001, 37.6820734], [-122.0912372, 37.6781084], [-122.09286200000001, 37.6779769]]]}}, {"type": "Feature", "properties": {"route": "9", "stop": "26395 Mission Blvd", "re_ratio": 0.463}, "geometry": {"type": "Polygon", "coordinates": [[[-122.0601601, 37.642409], [-122.0665413, 37.6435457], [-122.0668216, 37.643880900000006], [-122.07182069999999, 37.6502698], [-122.0704407, 37.65309189999999], [-122.0697743, 37.6539527], [-122.0693544, 37.654401400000005], [-122.0632036, 37.6532535], [-122.06309630000001, 37.653156800000005], [-122.05995020000002, 37.6475906], [-122.0596942, 37.64707049999999], [-122.0598382, 37.6429723], [-122.0600136, 37.6424807], [-122.0601601, 37.642409]]]}}, {"type": "Feature", "properties": {"route": "9", "stop": "Mission Blvd & Hancock St", "re_ratio": 0.4572}, "geometry": {"type": "Polygon", "coordinates": [[[-122.0546969, 37.6329707], [-122.0559879, 37.633416900000014], [-122.0607287, 37.635443699999996], [-122.06232190000001, 37.64136389999999], [-122.0624406, 37.64193959999999], [-122.06215119999999, 37.6433041], [-122.0617397, 37.644461199999995], [-122.061635, 37.6445832], [-122.05886920000002, 37.6441302], [-122.0547668, 37.6426015], [-122.0502838, 37.6367958], [-122.0502613, 37.6357887], [-122.051078, 37.6333904], [-122.0546969, 37.6329707]]]}}, {"type": "Feature", "properties": {"route": "9", "stop": "Mission Blvd & Arrowhead Way", "re_ratio": 0.4879}, "geometry": {"type": "Polygon", "coordinates": [[[-122.03675890000001, 37.6207282], [-122.0440844, 37.62111759999999], [-122.0463136, 37.62176749999999], [-122.04719070000002, 37.62234269999998], [-122.04890689999999, 37.62791599999999], [-122.048433, 37.6310869], [-122.04838060000002, 37.6311237], [-122.0446656, 37.6315773], [-122.04460909999999, 37.63155960000001], [-122.04309300000001, 37.6309769], [-122.0413032, 37.63022809999999], [-122.03963320000001, 37.62859479999999], [-122.0362769, 37.624638], [-122.03666630000001, 37.62079589999998], [-122.03675890000001, 37.6207282]]]}}, {"type": "Feature", "properties": {"route": "9", "stop": "Mission Blvd & Blossom Way", "re_ratio": 0.489}, "geometry": {"type": "Polygon", "coordinates": [[[-122.0895055, 37.6767031], [-122.09246950000002, 37.676747299999995], [-122.1037172, 37.678438299999996], [-122.10375190000002, 37.678504399999994], [-122.1033476, 37.6805486], [-122.1027276, 37.682866], [-122.102057, 37.6839058], [-122.1008189, 37.6855744], [-122.0994048, 37.68552059999999], [-122.0896981, 37.6840943], [-122.08966520000001, 37.68336959999999], [-122.0895055, 37.6767031]]]}}, {"type": "Feature", "properties": {"route": "9", "stop": "Decoto Rd & Eleventh St", "re_ratio": 0.5969}, "geometry": {"type": "Polygon", "coordinates": [[[-122.02144720000001, 37.587029300000005], [-122.02166149999998, 37.58721819999999], [-122.0227948, 37.588662899999996], [-122.0233186, 37.58971220000001], [-122.02532319999999, 37.5945335], [-122.0248421, 37.59830250000002], [-122.0241746, 37.5987936], [-122.0171048, 37.60046499999999], [-122.0165953, 37.6002417], [-122.01571060000002, 37.5991364], [-122.01547360000002, 37.5988168], [-122.01422710000001, 37.59695369999999], [-122.0125631, 37.5897091], [-122.0179799, 37.58791900000001], [-122.02144720000001, 37.587029300000005]]]}}, {"type": "Feature", "properties": {"route": "9", "stop": "Mission Blvd & Calhoun St", "re_ratio": 0.4223}, "geometry": {"type": "Polygon", "coordinates": [[[-122.05445680000001, 37.6365616], [-122.0552637, 37.636593500000004], [-122.05708560000001, 37.63682829999998], [-122.0593374, 37.63751839999999], [-122.0657724, 37.6453959], [-122.06499399999998, 37.6476237], [-122.0647505, 37.6482339], [-122.06215870000001, 37.648022100000006], [-122.06087030000002, 37.647669], [-122.0596942, 37.64707049999999], [-122.0527657, 37.6425816], [-122.05445680000001, 37.6365616]]]}}, {"type": "Feature", "properties": {"route": "9", "stop": "Mission Blvd & Harder Rd", "re_ratio": 0.5199}, "geometry": {"type": "Polygon", "coordinates": [[[-122.06327479999999, 37.644665399999994], [-122.0657724, 37.6453959], [-122.07070820000001, 37.64748199999999], [-122.0742795, 37.64907490000001], [-122.07485450000001, 37.6494078], [-122.0751472, 37.6496001], [-122.0714631, 37.656281500000006], [-122.0710801, 37.656630799999995], [-122.0673344, 37.655782], [-122.0653685, 37.65525319999998], [-122.06309630000001, 37.653156800000005], [-122.0608132, 37.64864059999999], [-122.06087030000002, 37.647669], [-122.0620062, 37.644797999999994], [-122.06327479999999, 37.644665399999994]]]}}, {"type": "Feature", "properties": {"route": "9", "stop": "Mission Blvd & Alquire Pkwy", "re_ratio": 0.5403}, "geometry": {"type": "Polygon", "coordinates": [[[-122.04140669999998, 37.62495429999999], [-122.04782410000001, 37.6250238], [-122.05194430000002, 37.6258693], [-122.0531456, 37.629949800000006], [-122.05352000000002, 37.633669199999986], [-122.0529142, 37.6351167], [-122.0526244, 37.63514589999999], [-122.04655839999998, 37.635303], [-122.04481420000002, 37.63429730000001], [-122.0433362, 37.6332808], [-122.0432179, 37.6331845], [-122.04154060000002, 37.630939999999995], [-122.0404149, 37.628951], [-122.0402042, 37.6283407], [-122.04044890000002, 37.62662780000001], [-122.04084680000001, 37.625417], [-122.04140669999998, 37.62495429999999]]]}}, {"type": "Feature", "properties": {"route": "9", "stop": "Mission Blvd & Carlos Bee Blvd", "re_ratio": 0.5663}, "geometry": {"type": "Polygon", "coordinates": [[[-122.06954910000002, 37.6546597], [-122.08043769999999, 37.656954], [-122.0805963, 37.6570399], [-122.0798888, 37.663846899999996], [-122.0790715, 37.666739499999984], [-122.07892829999999, 37.6667044], [-122.0760376, 37.6659684], [-122.07213809999999, 37.66458879999999], [-122.07036700000002, 37.6638594], [-122.0690464, 37.6627385], [-122.0666947, 37.6606241], [-122.06601589999998, 37.6598138], [-122.06954910000002, 37.6546597]]]}}, {"type": "Feature", "properties": {"route": "9", "stop": "Main St & B St", "re_ratio": 0.6427}, "geometry": {"type": "Polygon", "coordinates": [[[-122.081547, 37.66711500000001], [-122.0816256, 37.667134600000004], [-122.088735, 37.669080599999994], [-122.08988510000002, 37.669788200000006], [-122.09053650000001, 37.6707037], [-122.0895055, 37.6767031], [-122.08682130000001, 37.67877480000001], [-122.08501100000001, 37.6791139], [-122.0844894, 37.679109999999994], [-122.08401099999999, 37.679056], [-122.07801550000002, 37.678066099999995], [-122.07661060000001, 37.6772162], [-122.0768954, 37.671408799999995], [-122.0783458, 37.669046], [-122.0796916, 37.6674703], [-122.07981159999999, 37.66739260000001], [-122.07988629999998, 37.6673526], [-122.0805453, 37.667177800000005], [-122.081547, 37.66711500000001]]]}}, {"type": "Feature", "properties": {"route": "9", "stop": "Mission Blvd & Orchard Av", "re_ratio": 0.5392}, "geometry": {"type": "Polygon", "coordinates": [[[-122.0690785, 37.653777700000006], [-122.0694003, 37.6537973], [-122.06999539999998, 37.6538384], [-122.07128750000001, 37.654105099999995], [-122.0800727, 37.65652539999999], [-122.0805963, 37.6570399], [-122.07926400000001, 37.66307], [-122.0784192, 37.6657261], [-122.0778493, 37.66561960000001], [-122.07588179999999, 37.6651633], [-122.0690464, 37.6627385], [-122.06690380000002, 37.66017449999998], [-122.0689906, 37.65391889999999], [-122.0690785, 37.653777700000006]]]}}, {"type": "Feature", "properties": {"route": "9", "stop": "Mission Blvd & Torrano Av", "re_ratio": 0.3665}, "geometry": {"type": "Polygon", "coordinates": [[[-122.0658651, 37.64882169999999], [-122.06854010000002, 37.64911839999999], [-122.0710464, 37.6503982], [-122.07472580000001, 37.6572565], [-122.0747677, 37.6584949], [-122.07452060000001, 37.65975999999999], [-122.07428870000001, 37.6603404], [-122.073909, 37.66051399999999], [-122.0696658, 37.6596283], [-122.06720899999999, 37.6570541], [-122.0644741, 37.65273489999999], [-122.0639728, 37.6515442], [-122.06531139999998, 37.649134999999994], [-122.06541300000002, 37.649068299999996], [-122.0658651, 37.64882169999999]]]}}, {"type": "Feature", "properties": {"route": "9", "stop": "Mission Blvd & Central Blvd", "re_ratio": 0.4604}, "geometry": {"type": "Polygon", "coordinates": [[[-122.06798630000002, 37.6517907], [-122.0698187, 37.65220459999999], [-122.0712832, 37.6526676], [-122.07836270000001, 37.6579986], [-122.07734290000002, 37.661717200000005], [-122.0767728, 37.6636125], [-122.0766623, 37.66383720000001], [-122.0761661, 37.6638257], [-122.07300430000001, 37.66307940000001], [-122.06939530000001, 37.6619069], [-122.0653685, 37.65525319999998], [-122.0672169, 37.6520836], [-122.0673318, 37.65202219999999], [-122.0675022, 37.6519379], [-122.06798630000002, 37.6517907]]]}}, {"type": "Feature", "properties": {"route": "9", "stop": "Fletcher Lane & Watkins St", "re_ratio": 0.5642}, "geometry": {"type": "Polygon", "coordinates": [[[-122.0750932, 37.66119960000001], [-122.0842431, 37.6622231], [-122.0843271, 37.66224889999999], [-122.08471240000002, 37.662745099999995], [-122.08575230000001, 37.6642142], [-122.08582409999998, 37.6693513], [-122.085819, 37.66945830000001], [-122.08553650000002, 37.6712678], [-122.0853735, 37.67184580000001], [-122.08405060000001, 37.67219229999999], [-122.0802137, 37.67286909999999], [-122.0786096, 37.6722805], [-122.0768954, 37.671408799999995], [-122.07465920000001, 37.669205], [-122.07332079999999, 37.66408879999999], [-122.0733276, 37.664042099999996], [-122.07487970000001, 37.6612923], [-122.0750932, 37.66119960000001]]]}}, {"type": "Feature", "properties": {"route": "9", "stop": "Decoto Rd & Depot Rd", "re_ratio": 0.579}, "geometry": {"type": "Polygon", "coordinates": [[[-122.0208971, 37.5894117], [-122.02467219999998, 37.5950104], [-122.0250677, 37.59639980000001], [-122.0246684, 37.600179], [-122.02401900000001, 37.601123099999995], [-122.0230593, 37.601357199999995], [-122.01998810000002, 37.601903699999994], [-122.0160332, 37.6023374], [-122.01578399999998, 37.602121200000006], [-122.01245610000001, 37.5976207], [-122.01511420000001, 37.59067269999999], [-122.018718, 37.589834999999994], [-122.0208971, 37.5894117]]]}}, {"type": "Feature", "properties": {"route": "9", "stop": "Watkins St & Jackson St", "re_ratio": 0.625}, "geometry": {"type": "Polygon", "coordinates": [[[-122.08433950000001, 37.66203599999999], [-122.0855106, 37.66254909999999], [-122.08824409999998, 37.66639099999999], [-122.0885445, 37.6668698], [-122.0886223, 37.670927000000006], [-122.08808920000001, 37.6721246], [-122.087513, 37.673088099999994], [-122.08594940000002, 37.6738201], [-122.0810357, 37.6741974], [-122.0788263, 37.67389890000001], [-122.0774403, 37.6731125], [-122.0761391, 37.6717878], [-122.0760376, 37.6659684], [-122.07656310000002, 37.6637152], [-122.07665760000002, 37.663579600000006], [-122.08211090000002, 37.6624], [-122.08433950000001, 37.66203599999999]]]}}, {"type": "Feature", "properties": {"route": "9", "stop": "Mission Blvd & Sunset Blvd", "re_ratio": 0.6131}, "geometry": {"type": "Polygon", "coordinates": [[[-122.0894287, 37.672031], [-122.098362, 37.6738473], [-122.0972638, 37.6828789], [-122.0960478, 37.68296260000001], [-122.09446390000001, 37.683048], [-122.09107170000001, 37.68291239999999], [-122.08571090000001, 37.6804751], [-122.08523800000002, 37.68013710000002], [-122.08472290000002, 37.67966989999999], [-122.0844894, 37.679109999999994], [-122.0845154, 37.674778], [-122.0847291, 37.6728564], [-122.08808920000001, 37.6721246], [-122.0894287, 37.672031]]]}}, {"type": "Feature", "properties": {"route": "9", "stop": "C St & Mission Blvd", "re_ratio": 0.6661}, "geometry": {"type": "Polygon", "coordinates": [[[-122.08089499999998, 37.66517220000001], [-122.0863861, 37.6659826], [-122.08657, 37.66603019999999], [-122.0873187, 37.6662434], [-122.08807660000001, 37.66671889999999], [-122.0907998, 37.6694201], [-122.08887520000002, 37.6761914], [-122.08546940000001, 37.6763385], [-122.0850201, 37.676348100000006], [-122.08202710000002, 37.676365899999986], [-122.07976470000001, 37.67608599999999], [-122.07697209999999, 37.6756741], [-122.0767238, 37.6754061], [-122.07628020000001, 37.673921], [-122.0761391, 37.6717878], [-122.077253, 37.6665179], [-122.0779726, 37.6651871], [-122.07802760000001, 37.66515909999999], [-122.08089499999998, 37.66517220000001]]]}}, {"type": "Feature", "properties": {"route": "9", "stop": "Mission Blvd & Jefferson St", "re_ratio": 0.4263}, "geometry": {"type": "Polygon", "coordinates": [[[-122.05486999999998, 37.636672399999995], [-122.05708560000001, 37.63682829999998], [-122.0593374, 37.63751839999999], [-122.0657724, 37.6453959], [-122.06496840000001, 37.64850820000001], [-122.06215870000001, 37.648022100000006], [-122.05995020000002, 37.6475906], [-122.0527657, 37.6425816], [-122.05486999999998, 37.636672399999995]]]}}, {"type": "Feature", "properties": {"route": "9", "stop": "Mission Blvd & Tamarack Dr", "re_ratio": 0.5632}, "geometry": {"type": "Polygon", "coordinates": [[[-122.0180223, 37.603350299999995], [-122.0221509, 37.60375440000001], [-122.02991860000002, 37.60595909999999], [-122.03123990000002, 37.607425799999994], [-122.030076, 37.61092200000001], [-122.02856890000001, 37.6123024], [-122.0245913, 37.613677], [-122.02384250000001, 37.613822], [-122.0168657, 37.612033299999986], [-122.0163517, 37.6085224], [-122.0174396, 37.603779100000004], [-122.0175321, 37.60371099999999], [-122.0180223, 37.603350299999995]]]}}, {"type": "Feature", "properties": {"route": "9", "stop": "Decoto Rd & Eleventh St", "re_ratio": 0.5805}, "geometry": {"type": "Polygon", "coordinates": [[[-122.02141029999999, 37.5871462], [-122.0218167, 37.587260699999995], [-122.02253389999998, 37.58821799999998], [-122.0227948, 37.588662899999996], [-122.0233186, 37.58971220000001], [-122.02532319999999, 37.5945335], [-122.0255016, 37.597817400000004], [-122.0241746, 37.5987936], [-122.0235829, 37.59922879999999], [-122.0171048, 37.60046499999999], [-122.0167328, 37.6002734], [-122.0155795, 37.59852970000001], [-122.0149371, 37.5973179], [-122.0129515, 37.58992909999999], [-122.01693950000002, 37.5882842], [-122.02141029999999, 37.5871462]]]}}, {"type": "Feature", "properties": {"route": "9", "stop": "Mission Blvd & Fairway St", "re_ratio": 0.5074}, "geometry": {"type": "Polygon", "coordinates": [[[-122.03407199999998, 37.616714800000004], [-122.0367663, 37.616860499999994], [-122.0415222, 37.6171641], [-122.0439222, 37.61819509999999], [-122.0444999, 37.61871729999999], [-122.04482119999999, 37.62033829999999], [-122.0441588, 37.6274405], [-122.0394773, 37.627316700000016], [-122.038594, 37.62702879999999], [-122.033727, 37.6227948], [-122.0318216, 37.620054999999994], [-122.0325525, 37.6180856], [-122.03407199999998, 37.616714800000004]]]}}, {"type": "Feature", "properties": {"route": "9", "stop": "Mission Blvd & Grace St", "re_ratio": 0.567}, "geometry": {"type": "Polygon", "coordinates": [[[-122.085819, 37.66945830000001], [-122.0876822, 37.66951569999999], [-122.08924999999999, 37.669930300000004], [-122.09090370000001, 37.67058699999999], [-122.09393900000002, 37.674517], [-122.09378769999998, 37.68007949999999], [-122.0925879, 37.680079], [-122.08679150000002, 37.680073300000004], [-122.0853687, 37.6800298], [-122.08078849999998, 37.6760624], [-122.08091050000002, 37.67428670000001], [-122.0810907, 37.671990699999995], [-122.0815428, 37.6695698], [-122.085819, 37.66945830000001]]]}}, {"type": "Feature", "properties": {"route": "9", "stop": "Mission Blvd & Valle Vista Av", "re_ratio": 0.3925}, "geometry": {"type": "Polygon", "coordinates": [[[-122.0488615, 37.6279527], [-122.051201, 37.628202], [-122.05263800000002, 37.62928790000001], [-122.0536592, 37.6303269], [-122.05727549999999, 37.634295800000004], [-122.0573029, 37.6344062], [-122.05731390000001, 37.6355937], [-122.05706339999999, 37.638736800000004], [-122.0502838, 37.6367958], [-122.04502009999999, 37.631178], [-122.0452593, 37.62838289999999], [-122.0456743, 37.62802129999999], [-122.0488615, 37.6279527]]]}}, {"type": "Feature", "properties": {"route": "9", "stop": "Hayward BART", "re_ratio": 0.6482}, "geometry": {"type": "Polygon", "coordinates": [[[-122.0878445, 37.66418480000001], [-122.0943046, 37.666830499999996], [-122.09431049999999, 37.6679995], [-122.0939875, 37.66930889999999], [-122.09266640000001, 37.67363879999999], [-122.090699, 37.676169], [-122.0895852, 37.67616660000001], [-122.08036120000001, 37.67452889999999], [-122.08002510000001, 37.673013], [-122.07989340000002, 37.671655300000005], [-122.07977259999998, 37.6703591], [-122.0803673, 37.668059], [-122.0806317, 37.66713250000001], [-122.0855302, 37.6643888], [-122.0878445, 37.66418480000001]]]}}, {"type": "Feature", "properties": {"route": "9", "stop": "South Hayward BART", "re_ratio": 0.3607}, "geometry": {"type": "Polygon", "coordinates": [[[-122.0514885, 37.62999750000001], [-122.05312010000002, 37.630212400000005], [-122.0536592, 37.6303269], [-122.0615174, 37.63449210000001], [-122.06177130000002, 37.6348132], [-122.061872, 37.63510939999999], [-122.05974190000002, 37.63911710000001], [-122.05933210000002, 37.639321800000005], [-122.0591233, 37.63942599999999], [-122.0555692, 37.639465900000005], [-122.0502838, 37.6367958], [-122.05044300000002, 37.63378949999999], [-122.0506598, 37.63274239999999], [-122.05112950000002, 37.63073200000001], [-122.051294, 37.6300536], [-122.05136920000001, 37.6300006], [-122.0514885, 37.62999750000001]]]}}, {"type": "Feature", "properties": {"route": "9", "stop": "Mission Blvd & Hancock St", "re_ratio": 0.4676}, "geometry": {"type": "Polygon", "coordinates": [[[-122.0546969, 37.6329707], [-122.0559879, 37.633416900000014], [-122.06103849999998, 37.63516779999999], [-122.06232190000001, 37.64136389999999], [-122.0624406, 37.64193959999999], [-122.06215119999999, 37.6433041], [-122.0617397, 37.644461199999995], [-122.061635, 37.6445832], [-122.05886920000002, 37.6441302], [-122.0547668, 37.6426015], [-122.0502838, 37.6367958], [-122.0502613, 37.6357887], [-122.0511326, 37.63343819999999], [-122.05120900000001, 37.63330200000001], [-122.0546969, 37.6329707]]]}}, {"type": "Feature", "properties": {"route": "9", "stop": "Mission Blvd & Sycamore Av", "re_ratio": 0.4685}, "geometry": {"type": "Polygon", "coordinates": [[[-122.07200850000001, 37.657088099999996], [-122.0785327, 37.65821809999999], [-122.0814675, 37.66546], [-122.0816256, 37.667134600000004], [-122.0814961, 37.667740900000005], [-122.0807606, 37.668781], [-122.0806898, 37.66881209999999], [-122.0769794, 37.6677402], [-122.0704151, 37.6657344], [-122.0697797, 37.6611331], [-122.0716133, 37.657286299999996], [-122.07200850000001, 37.657088099999996]]]}}, {"type": "Feature", "properties": {"route": "9", "stop": "B St & Mission Blvd", "re_ratio": 0.6091}, "geometry": {"type": "Polygon", "coordinates": [[[-122.0800463, 37.66636809999999], [-122.0870205, 37.666930499999985], [-122.09110840000001, 37.66812399999999], [-122.09196940000001, 37.67013159999999], [-122.0914614, 37.671613799999996], [-122.08982730000001, 37.6759748], [-122.0895055, 37.6767031], [-122.08934630000002, 37.67682659999999], [-122.08662539999999, 37.6771081], [-122.0859882, 37.67713820000001], [-122.08135660000002, 37.676831299999996], [-122.07952110000001, 37.67648619999999], [-122.07814789999999, 37.67611469999999], [-122.07801680000001, 37.674478], [-122.07789020000001, 37.6727997], [-122.0785218, 37.66955939999998], [-122.07928140000001, 37.6667566], [-122.0800463, 37.66636809999999]]]}}, {"type": "Feature", "properties": {"route": "9", "stop": "Mission Blvd & Grace St", "re_ratio": 0.5774}, "geometry": {"type": "Polygon", "coordinates": [[[-122.08582409999998, 37.6693513], [-122.08762030000001, 37.669436], [-122.08939130000002, 37.66988580000002], [-122.0911892, 37.670464899999985], [-122.09393900000002, 37.674517], [-122.09368350000001, 37.679996199999984], [-122.0853687, 37.6800298], [-122.08065909999999, 37.676155099999995], [-122.08069639999998, 37.6754809], [-122.0809181, 37.672369799999984], [-122.0811039, 37.67107540000001], [-122.0814186, 37.669572599999995], [-122.08313729999999, 37.66947170000001], [-122.08582409999998, 37.6693513]]]}}, {"type": "Feature", "properties": {"route": "9", "stop": "Mission Blvd & Arrowhead Way", "re_ratio": 0.4851}, "geometry": {"type": "Polygon", "coordinates": [[[-122.03626360000001, 37.62005870000001], [-122.0409587, 37.6202445], [-122.0440844, 37.62111759999999], [-122.0463136, 37.62176749999999], [-122.04719070000002, 37.62234269999998], [-122.04782410000001, 37.6250238], [-122.0484568, 37.62835230000001], [-122.04804190000002, 37.63039009999999], [-122.0448635, 37.630929000000016], [-122.0413032, 37.63022809999999], [-122.03963320000001, 37.62859479999999], [-122.0362769, 37.624638], [-122.03614839999999, 37.62383599999999], [-122.0360549, 37.621399], [-122.0360509, 37.621116400000005], [-122.03626360000001, 37.62005870000001]]]}}, {"type": "Feature", "properties": {"route": "9", "stop": "Mission Blvd & Berry Av", "re_ratio": 0.4009}, "geometry": {"type": "Polygon", "coordinates": [[[-122.0670933, 37.65116750000001], [-122.0691692, 37.6515047], [-122.07101230000002, 37.652295900000006], [-122.0779482, 37.65812969999999], [-122.07800180000001, 37.658198], [-122.0773917, 37.660552900000006], [-122.07711460000002, 37.66142179999999], [-122.076451, 37.66333039999999], [-122.0726135, 37.66248719999999], [-122.0697797, 37.6611331], [-122.06720899999999, 37.6570541], [-122.06669360000001, 37.65473990000001], [-122.0670933, 37.65116750000001]]]}}, {"type": "Feature", "properties": {"route": "9", "stop": "Mission Blvd & Fairway St", "re_ratio": 0.4918}, "geometry": {"type": "Polygon", "coordinates": [[[-122.0348416, 37.61741279999999], [-122.0359811, 37.61742590000001], [-122.0410756, 37.617486], [-122.0439222, 37.61819509999999], [-122.0444999, 37.61871729999999], [-122.04482119999999, 37.62033829999999], [-122.0443862, 37.6276291], [-122.039077, 37.627481200000005], [-122.033727, 37.6227948], [-122.0318216, 37.620054999999994], [-122.0325525, 37.6180856], [-122.0348416, 37.61741279999999]]]}}, {"type": "Feature", "properties": {"route": "9", "stop": "Mission Blvd & Grove Way", "re_ratio": 0.5959}, "geometry": {"type": "Polygon", "coordinates": [[[-122.0901133, 37.6752625], [-122.0957004, 37.675726], [-122.1014117, 37.67711700000001], [-122.10144360000001, 37.6771778], [-122.10151689999998, 37.679248799999996], [-122.10123540000001, 37.6812348], [-122.1001101, 37.68383980000001], [-122.0996963, 37.684171000000006], [-122.0965446, 37.6858037], [-122.09083980000001, 37.68540360000001], [-122.0884519, 37.6851805], [-122.0881752, 37.6848198], [-122.08801099999998, 37.6821602], [-122.08799529999999, 37.67728989999999], [-122.0880236, 37.675500499999984], [-122.0901133, 37.6752625]]]}}, {"type": "Feature", "properties": {"route": "9", "stop": "Mission Blvd & Industrial Pkwy", "re_ratio": 0.5514}, "geometry": {"type": "Polygon", "coordinates": [[[-122.04732, 37.6238753], [-122.05194430000002, 37.6258693], [-122.05263800000002, 37.62928790000001], [-122.0527585, 37.6335826], [-122.05211950000002, 37.6342976], [-122.0476302, 37.6344825], [-122.04481420000002, 37.63429730000001], [-122.0433362, 37.6332808], [-122.0432179, 37.6331845], [-122.03963320000001, 37.62859479999999], [-122.0401073, 37.6254078], [-122.04060790000001, 37.62424750000001], [-122.0435114, 37.623974399999994], [-122.04732, 37.6238753]]]}}, {"type": "Feature", "properties": {"route": "9", "stop": "Decoto Rd & 3rd St", "re_ratio": 0.3852}, "geometry": {"type": "Polygon", "coordinates": [[[-122.0190075, 37.59468890000001], [-122.0220156, 37.59694579999999], [-122.02197760000001, 37.600439599999994], [-122.0217311, 37.60233889999999], [-122.0208986, 37.6059028], [-122.0202527, 37.6062965], [-122.0200811, 37.60638329999999], [-122.01984380000002, 37.60636799999999], [-122.0135513, 37.602444899999995], [-122.01161660000001, 37.5987428], [-122.01245610000001, 37.5976207], [-122.01404260000001, 37.59677689999999], [-122.01859270000001, 37.5947887], [-122.0190075, 37.59468890000001]]]}}, {"type": "Feature", "properties": {"route": "9", "stop": "Mission Blvd & Blossom Way", "re_ratio": 0.489}, "geometry": {"type": "Polygon", "coordinates": [[[-122.0895055, 37.6767031], [-122.09246950000002, 37.676747299999995], [-122.1037172, 37.678438299999996], [-122.10375190000002, 37.678504399999994], [-122.1033476, 37.6805486], [-122.1027276, 37.682866], [-122.102057, 37.6839058], [-122.1008189, 37.6855744], [-122.0994048, 37.68552059999999], [-122.0896981, 37.6840943], [-122.08966520000001, 37.68336959999999], [-122.0895055, 37.6767031]]]}}, {"type": "Feature", "properties": {"route": "9", "stop": "South Hayward BART", "re_ratio": 0.3607}, "geometry": {"type": "Polygon", "coordinates": [[[-122.0514885, 37.62999750000001], [-122.05312010000002, 37.630212400000005], [-122.0536592, 37.6303269], [-122.0615174, 37.63449210000001], [-122.06177130000002, 37.6348132], [-122.061872, 37.63510939999999], [-122.05974190000002, 37.63911710000001], [-122.05933210000002, 37.639321800000005], [-122.0591233, 37.63942599999999], [-122.0555692, 37.639465900000005], [-122.0502838, 37.6367958], [-122.05044300000002, 37.63378949999999], [-122.0506598, 37.63274239999999], [-122.05112950000002, 37.63073200000001], [-122.051294, 37.6300536], [-122.05136920000001, 37.6300006], [-122.0514885, 37.62999750000001]]]}}, {"type": "Feature", "properties": {"route": "9", "stop": "Mission Blvd & Blanche St", "re_ratio": 0.2276}, "geometry": {"type": "Polygon", "coordinates": [[[-122.0275417, 37.61189530000001], [-122.028265, 37.6120406], [-122.03266, 37.6130308], [-122.03433239999998, 37.6186143], [-122.0336223, 37.6202265], [-122.0316808, 37.620284500000004], [-122.0259623, 37.61625720000001], [-122.02596979999998, 37.614543], [-122.0271212, 37.6123091], [-122.0275417, 37.61189530000001]]]}}, {"type": "Feature", "properties": {"route": "9", "stop": "Mission Blvd & Pinedale Ct", "re_ratio": 0.4849}, "geometry": {"type": "Polygon", "coordinates": [[[-122.073838, 37.65956070000001], [-122.0763882, 37.659896700000004], [-122.0770311, 37.660188899999994], [-122.08349529999998, 37.66429970000001], [-122.0836688, 37.6644136], [-122.0842622, 37.6680358], [-122.0838476, 37.6703599], [-122.08341579999998, 37.67084429999999], [-122.08304870000002, 37.6711112], [-122.0826325, 37.6712743], [-122.0815243, 37.6715324], [-122.0800961, 37.67184709999999], [-122.07957300000001, 37.67166170000001], [-122.0780127, 37.6708293], [-122.0748859, 37.66910519999999], [-122.0720537, 37.664519], [-122.07232659999998, 37.6631389], [-122.07301710000002, 37.66109699999999], [-122.0736345, 37.65965390000001], [-122.073838, 37.65956070000001]]]}}, {"type": "Feature", "properties": {"route": "9", "stop": "Decoto Rd & Seventh St", "re_ratio": 0.5777}, "geometry": {"type": "Polygon", "coordinates": [[[-122.0202175, 37.59066940000001], [-122.0210476, 37.591654399999996], [-122.02169200000002, 37.5927373], [-122.0233503, 37.595973], [-122.02339730000001, 37.5966107], [-122.0235829, 37.59922879999999], [-122.0234781, 37.60105599999999], [-122.0204086, 37.603316299999996], [-122.0175321, 37.60371099999999], [-122.0154243, 37.6023606], [-122.01161660000001, 37.5987428], [-122.01086569999998, 37.5962009], [-122.0108316, 37.5959355], [-122.01113110000001, 37.59430509999999], [-122.01626040000001, 37.591565100000004], [-122.0163804, 37.5915039], [-122.01710289999998, 37.59130279999999], [-122.0202175, 37.59066940000001]]]}}, {"type": "Feature", "properties": {"route": "9", "stop": "Mission Blvd & Blanche St", "re_ratio": 0.4379}, "geometry": {"type": "Polygon", "coordinates": [[[-122.02526169999999, 37.60937710000001], [-122.03180469999998, 37.6109282], [-122.03525789999999, 37.6123405], [-122.0362964, 37.6130451], [-122.0354156, 37.618775899999996], [-122.0337313, 37.619089], [-122.0310604, 37.6191614], [-122.02971140000001, 37.6185691], [-122.0259623, 37.61625720000001], [-122.02245100000002, 37.61242190000001], [-122.0236144, 37.60959679999999], [-122.0237493, 37.609503899999986], [-122.02526169999999, 37.60937710000001]]]}}, {"type": "Feature", "properties": {"route": "9", "stop": "Mission Blvd & Sorenson Rd", "re_ratio": 0.4902}, "geometry": {"type": "Polygon", "coordinates": [[[-122.0586393, 37.640488500000004], [-122.05968530000001, 37.640592999999996], [-122.0656009, 37.6415073], [-122.07011599999998, 37.6431517], [-122.0698187, 37.64625000000001], [-122.069087, 37.65006000000001], [-122.06837559999998, 37.65160579999999], [-122.0679841, 37.65234879999999], [-122.0677981, 37.652331999999994], [-122.06370679999999, 37.651245], [-122.06201800000001, 37.64988129999999], [-122.0608132, 37.64864059999999], [-122.05995020000002, 37.6475906], [-122.05765960000001, 37.64366909999999], [-122.0574874, 37.642785800000006], [-122.0584888, 37.64055], [-122.0586393, 37.640488500000004]]]}}, {"type": "Feature", "properties": {"route": "9", "stop": "Mission Blvd & Whipple Rd", "re_ratio": 0.6127}, "geometry": {"type": "Polygon", "coordinates": [[[-122.0167236, 37.6011981], [-122.0230593, 37.601357199999995], [-122.02479810000001, 37.6018055], [-122.0264584, 37.6023154], [-122.0265433, 37.60238429999999], [-122.0279168, 37.60477929999999], [-122.0272375, 37.60796409999999], [-122.02623160000002, 37.6115012], [-122.02616440000001, 37.611595200000004], [-122.02356200000001, 37.61158830000001], [-122.017421, 37.6113587], [-122.01423759999999, 37.6109486], [-122.0147333, 37.60160830000001], [-122.01649590000001, 37.60119859999999], [-122.0167236, 37.6011981]]]}}, {"type": "Feature", "properties": {"route": "9", "stop": "Mission Blvd & Tennyson Rd", "re_ratio": 0.5575}, "geometry": {"type": "Polygon", "coordinates": [[[-122.0506811, 37.631657999999995], [-122.0533349, 37.63172559999999], [-122.055033, 37.63214349999999], [-122.05944100000002, 37.6337283], [-122.0615174, 37.63449210000001], [-122.06177130000002, 37.6348132], [-122.061872, 37.63510939999999], [-122.0620251, 37.6360738], [-122.0606614, 37.6421639], [-122.06049900000001, 37.6428493], [-122.055673, 37.64223200000001], [-122.05497280000002, 37.641906800000015], [-122.04736630000001, 37.6377439], [-122.04925, 37.63221349999998], [-122.04953099999999, 37.6317574], [-122.0498986, 37.63171470000001], [-122.0506811, 37.631657999999995]]]}}, {"type": "Feature", "properties": {"route": "9", "stop": "Mission Blvd & Gresel St", "re_ratio": 0.4328}, "geometry": {"type": "Polygon", "coordinates": [[[-122.0362964, 37.6130451], [-122.0392205, 37.6135536], [-122.04014340000002, 37.614904200000005], [-122.0404664, 37.618024200000015], [-122.0404008, 37.61989299999998], [-122.0400077, 37.6219789], [-122.0394317, 37.622395], [-122.03779070000002, 37.6226416], [-122.0351111, 37.62178070000001], [-122.0316808, 37.620284500000004], [-122.02971140000001, 37.6185691], [-122.02852060000001, 37.615481700000004], [-122.02844640000002, 37.61472109999998], [-122.02854870000002, 37.61458489999999], [-122.0309302, 37.6130255], [-122.03266, 37.6130308], [-122.0362964, 37.6130451]]]}}, {"type": "Feature", "properties": {"route": "9", "stop": "Hayward BART", "re_ratio": 0.6536}, "geometry": {"type": "Polygon", "coordinates": [[[-122.08783920000002, 37.6640849], [-122.0946818, 37.6666781], [-122.09333990000002, 37.67279029999999], [-122.090699, 37.676169], [-122.0895852, 37.67616660000001], [-122.0804943, 37.674433500000006], [-122.08002510000001, 37.673013], [-122.07983439999998, 37.670472399999994], [-122.08051119999999, 37.6682161], [-122.0807809, 37.6673274], [-122.0809289, 37.66722910000001], [-122.0855302, 37.6643888], [-122.0874974, 37.6641001], [-122.08783920000002, 37.6640849]]]}}, {"type": "Feature", "properties": {"route": "9", "stop": "Mission Blvd & E Lewelling Blvd", "re_ratio": 0.4721}, "geometry": {"type": "Polygon", "coordinates": [[[-122.10190719999999, 37.6830804], [-122.1127831, 37.68688830000001], [-122.112488, 37.6876779], [-122.11062050000001, 37.6926537], [-122.10520050000001, 37.6926317], [-122.1041538, 37.69262369999999], [-122.1018429, 37.691115700000005], [-122.0981159, 37.68634180000001], [-122.09773530000001, 37.6834711], [-122.0978686, 37.6833681], [-122.10190719999999, 37.6830804]]]}}, {"type": "Feature", "properties": {"route": "9", "stop": "Mission Blvd & Jackson St", "re_ratio": 0.6687}, "geometry": {"type": "Polygon", "coordinates": [[[-122.08433950000001, 37.66203599999999], [-122.08575230000001, 37.6642142], [-122.08701420000001, 37.66670169999998], [-122.08718, 37.6708995], [-122.08594940000002, 37.6738201], [-122.08150459999999, 37.6747031], [-122.0801267, 37.6746969], [-122.079191, 37.674422099999994], [-122.0784297, 37.674195700000006], [-122.0769165, 37.6734668], [-122.0751002, 37.6723483], [-122.07505790000002, 37.6722956], [-122.07485940000001, 37.672048100000005], [-122.0746062, 37.671435599999995], [-122.07489320000002, 37.664345], [-122.07564540000001, 37.66231390000001], [-122.0757298, 37.66227010000001], [-122.08433950000001, 37.66203599999999]]]}}, {"type": "Feature", "properties": {"route": "9", "stop": "Mission Blvd & Harder Rd", "re_ratio": 0.4823}, "geometry": {"type": "Polygon", "coordinates": [[[-122.06304739999999, 37.645729299999985], [-122.0639323, 37.6458841], [-122.0642632, 37.64595760000001], [-122.07070820000001, 37.64748199999999], [-122.07486500000002, 37.64964659999999], [-122.07497479999999, 37.649752499999984], [-122.07212430000001, 37.65703], [-122.07200850000001, 37.657088099999996], [-122.0717529, 37.65721629999999], [-122.0716133, 37.657286299999996], [-122.0703828, 37.656983], [-122.0653685, 37.65525319999998], [-122.06309630000001, 37.653156800000005], [-122.06262499999998, 37.65180539999999], [-122.0621103, 37.6491098], [-122.06215870000001, 37.648022100000006], [-122.0623379, 37.647213099999995], [-122.0628352, 37.6458293], [-122.06304739999999, 37.645729299999985]]]}}, {"type": "Feature", "properties": {"route": "9", "stop": "Mission Blvd:Corrine St(Gresel St)", "re_ratio": 0.4921}, "geometry": {"type": "Polygon", "coordinates": [[[-122.0362964, 37.6130451], [-122.0392205, 37.6135536], [-122.04014340000002, 37.614904200000005], [-122.0410003, 37.61753989999999], [-122.0409587, 37.6202445], [-122.04095600000001, 37.6203486], [-122.0406096, 37.6215441], [-122.03961210000001, 37.6233664], [-122.03614839999999, 37.62383599999999], [-122.0343426, 37.6232883], [-122.033727, 37.6227948], [-122.02971140000001, 37.6185691], [-122.02852060000001, 37.615481700000004], [-122.02854870000002, 37.61458489999999], [-122.03012699999998, 37.61372399999999], [-122.0362964, 37.6130451]]]}}, {"type": "Feature", "properties": {"route": "9", "stop": "Mission Blvd & Tamarack Dr", "re_ratio": 0.4978}, "geometry": {"type": "Polygon", "coordinates": [[[-122.0175321, 37.60371099999999], [-122.0197597, 37.6037959], [-122.02325689999999, 37.60467179999999], [-122.02756460000002, 37.605932900000006], [-122.03064330000001, 37.6078744], [-122.030076, 37.61092200000001], [-122.02856890000001, 37.6123024], [-122.02515430000001, 37.6142591], [-122.02384250000001, 37.613822], [-122.017421, 37.6113587], [-122.0167176, 37.608391], [-122.0175321, 37.60371099999999]]]}}, {"type": "Feature", "properties": {"route": "9", "stop": "Union City BART", "re_ratio": 0.3473}, "geometry": {"type": "Polygon", "coordinates": [[[-122.01777550000001, 37.583112099999994], [-122.01800709999999, 37.58316919999999], [-122.02203700000001, 37.5864501], [-122.02251589999999, 37.5869407], [-122.0231074, 37.5877464], [-122.02375710000001, 37.590840299999996], [-122.0213659, 37.594296099999994], [-122.0189502, 37.595166299999995], [-122.0186348, 37.59497489999999], [-122.0175278, 37.5940616], [-122.0141401, 37.585599099999996], [-122.0142918, 37.5852506], [-122.0143415, 37.58513649999998], [-122.01566579999998, 37.58408829999999], [-122.01777550000001, 37.583112099999994]]]}}, {"type": "Feature", "properties": {"route": "9", "stop": "Mission Blvd & Lafayette Av", "re_ratio": 0.4407}, "geometry": {"type": "Polygon", "coordinates": [[[-122.0201571, 37.6062124], [-122.0262715, 37.606918], [-122.03265760000001, 37.6094003], [-122.0335275, 37.6102245], [-122.0335149, 37.613034899999995], [-122.032283, 37.6151724], [-122.03167950000001, 37.61561640000001], [-122.0292668, 37.6160717], [-122.0281595, 37.6157677], [-122.0222338, 37.613585], [-122.0220065, 37.61339550000001], [-122.0200811, 37.60638329999999], [-122.0201571, 37.6062124]]]}}, {"type": "Feature", "properties": {"route": "9", "stop": "Mission Blvd & Tennyson Rd", "re_ratio": 0.5735}, "geometry": {"type": "Polygon", "coordinates": [[[-122.0497794, 37.63125939999999], [-122.0533349, 37.63172559999999], [-122.055033, 37.63214349999999], [-122.05944100000002, 37.6337283], [-122.06177130000002, 37.6348132], [-122.061872, 37.63510939999999], [-122.0600136, 37.6424807], [-122.05497280000002, 37.641906800000015], [-122.0465816, 37.6380876], [-122.0487946, 37.6314899], [-122.0488507, 37.6314507], [-122.0497794, 37.63125939999999]]]}}, {"type": "Feature", "properties": {"route": "9", "stop": "Mission Blvd & Cherry Way", "re_ratio": 0.3314}, "geometry": {"type": "Polygon", "coordinates": [[[-122.09477890000001, 37.679546299999984], [-122.09977240000002, 37.6797241], [-122.10331420000001, 37.680485299999994], [-122.10348220000002, 37.6805863], [-122.10500250000001, 37.6821344], [-122.10491579999999, 37.68507770000001], [-122.10410390000001, 37.6879192], [-122.10404720000001, 37.68797159999999], [-122.1008472, 37.68822889999999], [-122.09932159999998, 37.68774299999998], [-122.09645879999998, 37.685114600000006], [-122.09425259999999, 37.68045419999999], [-122.0943125, 37.67991120000001], [-122.09477890000001, 37.679546299999984]]]}}, {"type": "Feature", "properties": {"route": "9", "stop": "Mission Blvd & Sunset Blvd", "re_ratio": 0.6131}, "geometry": {"type": "Polygon", "coordinates": [[[-122.0894287, 37.672031], [-122.098362, 37.6738473], [-122.0972638, 37.6828789], [-122.0960478, 37.68296260000001], [-122.09446390000001, 37.683048], [-122.09107170000001, 37.68291239999999], [-122.08571090000001, 37.6804751], [-122.08523800000002, 37.68013710000002], [-122.08472290000002, 37.67966989999999], [-122.0844894, 37.679109999999994], [-122.0845154, 37.674778], [-122.0847291, 37.6728564], [-122.08808920000001, 37.6721246], [-122.0894287, 37.672031]]]}}, {"type": "Feature", "properties": {"route": "9", "stop": "Mission Blvd & Highland Blvd", "re_ratio": 0.4488}, "geometry": {"type": "Polygon", "coordinates": [[[-122.0720006, 37.65779930000001], [-122.0728053, 37.6579319], [-122.07549959999999, 37.658443500000004], [-122.0770824, 37.658846399999995], [-122.0771282, 37.658906800000004], [-122.0814675, 37.66546], [-122.08217390000002, 37.667084], [-122.0821897, 37.667206099999994], [-122.0822796, 37.6683641], [-122.0815428, 37.6695698], [-122.08146140000001, 37.669617800000005], [-122.0800547, 37.6698735], [-122.0760797, 37.66855749999999], [-122.0709991, 37.66639560000001], [-122.0704151, 37.6657344], [-122.07036700000002, 37.6638594], [-122.0720006, 37.65779930000001]]]}}, {"type": "Feature", "properties": {"route": "9", "stop": "Mission Blvd & Whipple Rd", "re_ratio": 0.5981}, "geometry": {"type": "Polygon", "coordinates": [[[-122.0167328, 37.6002734], [-122.024672, 37.601024300000006], [-122.02657619999998, 37.6023342], [-122.0279168, 37.60477929999999], [-122.02756460000002, 37.605932900000006], [-122.02557439999998, 37.6106469], [-122.02539519999999, 37.6107768], [-122.017421, 37.6113587], [-122.01479050000002, 37.6105896], [-122.0147333, 37.60160830000001], [-122.0167328, 37.6002734]]]}}, {"type": "Feature", "properties": {"route": "9", "stop": "Decoto Rd & Seventh St", "re_ratio": 0.5952}, "geometry": {"type": "Polygon", "coordinates": [[[-122.0201155, 37.591046500000004], [-122.0201761, 37.59105859999999], [-122.02399970000002, 37.5954966], [-122.0237146, 37.600872800000005], [-122.0234781, 37.60105599999999], [-122.0204086, 37.603316299999996], [-122.0195223, 37.6035942], [-122.0174396, 37.603779100000004], [-122.0154243, 37.6023606], [-122.01161660000001, 37.5987428], [-122.0106318, 37.59602360000001], [-122.01061209999999, 37.595924], [-122.0108288, 37.5940358], [-122.0168743, 37.591489899999985], [-122.0201155, 37.591046500000004]]]}}, {"type": "Feature", "properties": {"route": "9", "stop": "Mission Blvd & Sorenson Rd", "re_ratio": 0.2361}, "geometry": {"type": "Polygon", "coordinates": [[[-122.06000630000001, 37.642214599999996], [-122.06048309999998, 37.6422511], [-122.06215119999999, 37.6433041], [-122.0654357, 37.64556810000001], [-122.06854010000002, 37.64911839999999], [-122.0684524, 37.6497404], [-122.06740040000001, 37.651576099999986], [-122.06724380000001, 37.6515938], [-122.06370679999999, 37.651245], [-122.06201800000001, 37.64988129999999], [-122.0608132, 37.64864059999999], [-122.05995020000002, 37.6475906], [-122.0596942, 37.64707049999999], [-122.05962580000002, 37.64266069999999], [-122.0597104, 37.642424899999995], [-122.059876, 37.642306], [-122.06000630000001, 37.642214599999996]]]}}, {"type": "Feature", "properties": {"route": "9", "stop": "Mission Blvd & C St", "re_ratio": 0.6505}, "geometry": {"type": "Polygon", "coordinates": [[[-122.08089499999998, 37.66517220000001], [-122.08648679999999, 37.66588579999999], [-122.0873187, 37.6662434], [-122.08807660000001, 37.66671889999999], [-122.08991939999999, 37.66860689999999], [-122.09024640000001, 37.6701532], [-122.09013239999999, 37.670865], [-122.0889063, 37.6752274], [-122.08853810000001, 37.67591790000001], [-122.08838109999999, 37.676042599999995], [-122.0882144, 37.6761749], [-122.08546940000001, 37.6763385], [-122.0850201, 37.676348100000006], [-122.08013530000001, 37.6760483], [-122.07849059999998, 37.67586909999999], [-122.07697209999999, 37.6756741], [-122.0767238, 37.6754061], [-122.0761391, 37.6717878], [-122.077253, 37.6665179], [-122.0779726, 37.6651871], [-122.07802760000001, 37.66515909999999], [-122.08089499999998, 37.66517220000001]]]}}, {"type": "Feature", "properties": {"route": "9", "stop": "Mission Blvd & Lewelling Blvd", "re_ratio": 0.4803}, "geometry": {"type": "Polygon", "coordinates": [[[-122.1001101, 37.68383980000001], [-122.102057, 37.6839058], [-122.1076449, 37.68536989999999], [-122.1130703, 37.6868451], [-122.11322490000002, 37.686894099999996], [-122.11118510000001, 37.69305159999999], [-122.1110376, 37.6931842], [-122.1109773, 37.6932364], [-122.110662, 37.69326310000001], [-122.1096786, 37.6933064], [-122.1081106, 37.69334849999999], [-122.10631309999998, 37.693237100000005], [-122.10375440000001, 37.6930766], [-122.1018429, 37.691115700000005], [-122.0981159, 37.68634180000001], [-122.09837110000001, 37.68413199999999], [-122.0985646, 37.68392699999998], [-122.09867520000002, 37.6838409], [-122.1001101, 37.68383980000001]]]}}, {"type": "Feature", "properties": {"route": "9", "stop": "Mission Blvd & Medford Av", "re_ratio": 0.4242}, "geometry": {"type": "Polygon", "coordinates": [[[-122.09477890000001, 37.679546299999984], [-122.09977240000002, 37.6797241], [-122.10331420000001, 37.680485299999994], [-122.107095, 37.68144360000001], [-122.107125, 37.68150450000001], [-122.1065387, 37.684719099999995], [-122.10579580000001, 37.68803719999999], [-122.1051626, 37.6887484], [-122.10165330000001, 37.6887645], [-122.09932159999998, 37.68774299999998], [-122.0965446, 37.6858037], [-122.09555530000002, 37.6847795], [-122.09425259999999, 37.68045419999999], [-122.0943125, 37.67991120000001], [-122.09477890000001, 37.679546299999984]]]}}, {"type": "Feature", "properties": {"route": "CONTROL", "stop": "Channing x California, Berkeley", "re_ratio": 0.956698, "stop_lat": 37.864360330851504, "stop_lon": -122.2790346887757}, "geometry": {"type": "Polygon", "coordinates": [[[-122.278717, 37.8579853], [-122.2828806, 37.8601802], [-122.2854934, 37.8616329], [-122.2872353, 37.8632393], [-122.285981, 37.8652443], [-122.281787, 37.8694502], [-122.2798419, 37.8711012], [-122.2783281, 37.8704536], [-122.277485, 37.8700017], [-122.2749358, 37.8685106], [-122.2726409, 37.8670439], [-122.2720003, 37.863372], [-122.2719949, 37.8633106], [-122.2758049, 37.8592703], [-122.277821, 37.8581054], [-122.278717, 37.8579853]]]}}, {"type": "Feature", "properties": {"route": "CONTROL", "stop": "Ohlone Greenway", "re_ratio": 0.754933, "stop_lat": 37.88314546283414, "stop_lon": -122.29071715774252}, "geometry": {"type": "Polygon", "coordinates": [[[-122.2904658, 37.8771292], [-122.2939535, 37.8777478], [-122.2951152, 37.8787764], [-122.2966802, 37.8803167], [-122.2972955, 37.883921], [-122.2972482, 37.8844863], [-122.2952142, 37.8872317], [-122.2937218, 37.8881452], [-122.2933734, 37.8882144], [-122.2928606, 37.8883158], [-122.29106, 37.8880654], [-122.2874276, 37.8858526], [-122.2847851, 37.880182], [-122.2858176, 37.8796266], [-122.2899964, 37.8773806], [-122.2904658, 37.8771292]]]}}, {"type": "Feature", "properties": {"route": "CONTROL", "stop": "Jack London Square, Oakland", "re_ratio": 0.512582, "stop_lat": 37.795145, "stop_lon": -122.27689}, "geometry": {"type": "Polygon", "coordinates": [[[-122.2729447, 37.7919747], [-122.2822053, 37.7962641], [-122.2816034, 37.7973874], [-122.280702, 37.7986246], [-122.2801092, 37.7993629], [-122.2782275, 37.8002212], [-122.2742622, 37.7995337], [-122.2741577, 37.7994933], [-122.2718069, 37.7985649], [-122.2688844, 37.7921715], [-122.2689158, 37.7921078], [-122.2729447, 37.7919747]]]}}]}