{"type": "FeatureCollection", "features": [{"type": "Feature", "properties": {"waterway": "canal", "name": "Elmhurst Creek"}, "geometry": {"type": "LineString", "coordinates": [[-122.1939864, 37.7483885], [-122.1941323, 37.7484564], [-122.1942954, 37.7485106], [-122.1945099, 37.7485514], [-122.1946129, 37.7486057], [-122.1947559, 37.7487096], [-122.1949356, 37.7488183], [-122.1959201, 37.7488422]]}}, {"type": "Feature", "properties": {"waterway": "canal", "name": "Elmhurst Creek"}, "geometry": {"type": "LineString", "coordinates": [[-122.1959201, 37.7488422], [-122.196109, 37.7488552]]}}, {"type": "Feature", "properties": {"waterway": "canal", "name": "Elmhurst Creek"}, "geometry": {"type": "LineString", "coordinates": [[-122.1965491, 37.7488882], [-122.1975226, 37.7489043], [-122.1976241, 37.7488975], [-122.1977216, 37.7488764], [-122.198647, 37.7482595], [-122.2008831, 37.7467653]]}}, {"type": "Feature", "properties": {"waterway": "river", "name": "Redwood Creek"}, "geometry": {"type": "LineString", "coordinates": [[-122.2270602, 37.4889397], [-122.227062, 37.4892397], [-122.2270329, 37.4893119], [-122.2269835, 37.4893739], [-122.2269411, 37.4894087], [-122.2268536, 37.4894451], [-122.2267421, 37.4894552], [-122.2264133, 37.4895233], [-122.22578, 37.4897412], [-122.2257009, 37.4900781], [-122.2251827, 37.4914227], [-122.2251921, 37.4916924], [-122.2252803, 37.4919509], [-122.2256494, 37.4921144], [-122.2260957, 37.4921076], [-122.2265568, 37.4921487], [-122.2268315, 37.4922441], [-122.2270994, 37.492489], [-122.2272606, 37.492857], [-122.2273483, 37.4933267], [-122.2272005, 37.4938104], [-122.2269277, 37.4941507], [-122.226471, 37.4945118], [-122.2262578, 37.4946164], [-122.2260076, 37.4947065], [-122.2258203, 37.4947398], [-122.2256271, 37.4947365], [-122.225458, 37.4947187], [-122.2252603, 37.4946856], [-122.2250025, 37.4946291], [-122.224856, 37.4946007], [-122.2246463, 37.4945797], [-122.2243056, 37.4945686], [-122.2240279, 37.4945701], [-122.2238307, 37.4945894], [-122.2236083, 37.4946329], [-122.2233795, 37.4946993], [-122.2231292, 37.494793], [-122.2228391, 37.4948831], [-122.2225233, 37.4949919], [-122.222268, 37.4950875], [-122.2219357, 37.4952402], [-122.2215975, 37.4954154], [-122.2212038, 37.4956471], [-122.2207889, 37.4958873], [-122.2204427, 37.4960852], [-122.2200873, 37.4963305], [-122.2197906, 37.4965689], [-122.2195476, 37.4969123], [-122.2193809, 37.4972508], [-122.219223, 37.4977947], [-122.2191647, 37.4984715], [-122.2191216, 37.4991117], [-122.2191845, 37.4996455], [-122.2193795, 37.5000044], [-122.2197072, 37.5004091], [-122.2201093, 37.50076], [-122.2204608, 37.5010391], [-122.2211663, 37.5014787], [-122.2216752, 37.5017361], [-122.2221112, 37.502031], [-122.2229796, 37.5026861]]}}, {"type": "Feature", "properties": {"waterway": "river", "name": ""}, "geometry": {"type": "LineString", "coordinates": [[-122.3802239, 37.6495886], [-122.3813209, 37.6495778], [-122.3833878, 37.6497132]]}}, {"type": "Feature", "properties": {"waterway": "canal", "name": "Contra Costa Canal"}, "geometry": {"type": "LineString", "coordinates": [[-122.0717047, 37.9270716], [-122.0730993, 37.9280567], [-122.073148, 37.9280868], [-122.073333, 37.9281521]]}}, {"type": "Feature", "properties": {"waterway": "canal", "name": "Contra Costa Canal"}, "geometry": {"type": "LineString", "coordinates": [[-121.9099492, 38.0088348], [-121.9116229, 38.0092879], [-121.9117249, 38.009358], [-121.9118038, 38.0094433], [-121.9123267, 38.0107554], [-121.912464, 38.0108906], [-121.9139466, 38.0113205], [-121.9140609, 38.0113892], [-121.9141586, 38.0115131], [-121.914617, 38.0136161], [-121.9147004, 38.0137348], [-121.914837, 38.0138232], [-121.9248319, 38.0162123], [-121.9250036, 38.0163407], [-121.9259059, 38.0175232], [-121.9260823, 38.017611], [-121.9272391, 38.0179911], [-121.930072, 38.0182221], [-121.932001, 38.017879], [-121.9322031, 38.0177966], [-121.9334393, 38.0166547], [-121.9345474, 38.016258], [-121.9347639, 38.0162437], [-121.9349813, 38.0163179], [-121.9378145, 38.0183067]]}}, {"type": "Feature", "properties": {"waterway": "canal", "name": "Contra Costa Canal"}, "geometry": {"type": "LineString", "coordinates": [[-121.9084777, 38.0084483], [-121.9099492, 38.0088348]]}}, {"type": "Feature", "properties": {"waterway": "canal", "name": "Contra Costa Canal"}, "geometry": {"type": "LineString", "coordinates": [[-121.9378145, 38.0183067], [-121.9380532, 38.0184758], [-121.938123, 38.0185962], [-121.9381552, 38.0194415], [-121.9381954, 38.0195175], [-121.9382732, 38.0195661], [-121.9383858, 38.0195894]]}}, {"type": "Feature", "properties": {"waterway": "canal", "name": "Contra Costa Canal"}, "geometry": {"type": "LineString", "coordinates": [[-121.9383858, 38.0195894], [-121.9466687, 38.019577], [-121.9468643, 38.0195767], [-121.9469743, 38.0195873], [-121.9470655, 38.0196105], [-121.947162, 38.0196697], [-121.9484079, 38.0206616], [-121.948494, 38.0206896], [-121.9486347, 38.0207353], [-121.949442, 38.0208339], [-121.9506585, 38.0209448], [-121.9511578, 38.0208634], [-121.951348, 38.0208721], [-121.9567423, 38.0221634], [-121.9569365, 38.0222577], [-121.9572713, 38.0227175], [-121.9577691, 38.0228865], [-121.9582476, 38.0232557], [-121.9603923, 38.0249105], [-121.9606873, 38.0251381], [-121.9608867, 38.0252443], [-121.9614989, 38.0252687]]}}, {"type": "Feature", "properties": {"waterway": "canal", "name": "Contra Costa Canal"}, "geometry": {"type": "LineString", "coordinates": [[-121.9643096, 38.0254896], [-121.9651334, 38.0257939]]}}, {"type": "Feature", "properties": {"waterway": "canal", "name": "Contra Costa Canal"}, "geometry": {"type": "LineString", "coordinates": [[-121.9651334, 38.0257939], [-121.9662148, 38.0261996], [-121.9664037, 38.0263145], [-121.9664919, 38.0264449], [-121.9670263, 38.0276531], [-121.967159, 38.0278019], [-121.9674245, 38.0278774], [-121.9700683, 38.0283909], [-121.9702472, 38.0284897], [-121.971213, 38.0291116], [-121.9713526, 38.0291689], [-121.9715516, 38.0291722], [-121.9723934, 38.02912], [-121.9727036, 38.0291947], [-121.9728046, 38.0292713], [-121.9728918, 38.029386], [-121.972919, 38.0301007], [-121.9729795, 38.030242], [-121.974275, 38.0312163], [-121.9774622, 38.0330161], [-121.9800102, 38.0338654]]}}, {"type": "Feature", "properties": {"waterway": "canal", "name": "Contra Costa Canal"}, "geometry": {"type": "LineString", "coordinates": [[-122.0041364, 38.0117042], [-122.0040755, 38.011652], [-122.004003, 38.0116053], [-122.0029447, 38.0111489], [-122.0023082, 38.0110194], [-122.0021266, 38.0109454], [-122.0020277, 38.0108283], [-122.001593, 38.0100638], [-122.0015061, 38.0099784], [-121.9994425, 38.0088416], [-121.9992811, 38.0087698], [-121.9980166, 38.0085247], [-121.9978438, 38.0084912], [-121.9977233, 38.0084445], [-121.9976094, 38.0083531], [-121.9969407, 38.0075813], [-121.996774, 38.0074595], [-121.9949767, 38.0065491], [-121.9943579, 38.0059383], [-121.9936612, 38.0033706], [-121.9936676, 38.0032222], [-121.9937136, 38.003095], [-121.9939476, 38.002685], [-121.9940725, 38.0025542], [-121.9951758, 38.0019178], [-121.9953059, 38.0018139], [-121.9953932, 38.0017064], [-121.9960587, 38.0002509]]}}, {"type": "Feature", "properties": {"waterway": "canal", "name": "Contra Costa Canal"}, "geometry": {"type": "LineString", "coordinates": [[-122.0056073, 38.0131482], [-122.0041364, 38.0117042]]}}, {"type": "Feature", "properties": {"waterway": "canal", "name": "Contra Costa Canal"}, "geometry": {"type": "LineString", "coordinates": [[-121.9963576, 37.9997243], [-121.9964634, 37.9995611], [-121.9965868, 37.9994892], [-122.0007551, 37.9992342], [-122.000916, 37.9992545]]}}, {"type": "Feature", "properties": {"waterway": "canal", "name": "Contra Costa Canal"}, "geometry": {"type": "LineString", "coordinates": [[-121.9960587, 38.0002509], [-121.9963576, 37.9997243]]}}, {"type": "Feature", "properties": {"waterway": "canal", "name": "Contra Costa Canal"}, "geometry": {"type": "LineString", "coordinates": [[-121.885858, 38.0040065], [-121.8876447, 38.0047228], [-121.8877351, 38.0048129], [-121.8890295, 38.0062695], [-121.889161, 38.0063519], [-121.8927064, 38.0073132], [-121.893287, 38.0074774], [-121.8989634, 38.0090234], [-121.8991653, 38.0090512], [-121.8993515, 38.0089926], [-121.9001983, 38.008557], [-121.9003588, 38.008429], [-121.9006812, 38.0078346], [-121.9007835, 38.0077382], [-121.9009547, 38.0076716], [-121.9012122, 38.0077055], [-121.9013661, 38.0077882], [-121.9024739, 38.0087875], [-121.9026885, 38.0088754], [-121.9046269, 38.0090867], [-121.9048508, 38.0090688], [-121.9050173, 38.0089674], [-121.9058793, 38.0079298], [-121.9060275, 38.0078571], [-121.9062442, 38.0078356], [-121.9084777, 38.0084483]]}}, {"type": "Feature", "properties": {"waterway": "canal", "name": "Contra Costa Canal"}, "geometry": {"type": "LineString", "coordinates": [[-122.0634228, 37.9230352], [-122.0644736, 37.9230694], [-122.0665235, 37.9230555]]}}, {"type": "Feature", "properties": {"waterway": "canal", "name": "Contra Costa Canal"}, "geometry": {"type": "LineString", "coordinates": [[-122.0705065, 37.9262195], [-122.0717047, 37.9270716]]}}, {"type": "Feature", "properties": {"waterway": "canal", "name": "Contra Costa Canal"}, "geometry": {"type": "LineString", "coordinates": [[-122.073333, 37.9281521], [-122.0736532, 37.9282597]]}}, {"type": "Feature", "properties": {"waterway": "canal", "name": "Contra Costa Canal"}, "geometry": {"type": "LineString", "coordinates": [[-122.0736532, 37.9282597], [-122.074979, 37.9287096], [-122.0750308, 37.9287358], [-122.0750915, 37.9287918], [-122.0756596, 37.9297172], [-122.0765548, 37.9312184], [-122.0765883, 37.9312506], [-122.076634, 37.9312859], [-122.0776026, 37.9318468], [-122.0776498, 37.9318773], [-122.0783937, 37.9327149]]}}, {"type": "Feature", "properties": {"waterway": "canal", "name": "Contra Costa Canal"}, "geometry": {"type": "LineString", "coordinates": [[-122.0552349, 37.9226413], [-122.0554979, 37.9226695]]}}, {"type": "Feature", "properties": {"waterway": "canal", "name": "Contra Costa Canal"}, "geometry": {"type": "LineString", "coordinates": [[-122.0554979, 37.9226695], [-122.0556202, 37.9226812], [-122.0557142, 37.9226755], [-122.0557709, 37.9226509], [-122.0558448, 37.9226084], [-122.056719, 37.921988], [-122.0567859, 37.9219416], [-122.0568619, 37.9219024], [-122.0569449, 37.9218763], [-122.0570329, 37.9218693], [-122.0570996, 37.9218688], [-122.0580823, 37.9218726], [-122.0584864, 37.9218044], [-122.0589186, 37.9217196], [-122.0589803, 37.9217088], [-122.0590811, 37.9217025], [-122.0606203, 37.9217038]]}}, {"type": "Feature", "properties": {"waterway": "canal", "name": "Contra Costa Canal"}, "geometry": {"type": "LineString", "coordinates": [[-122.0612422, 37.9218256], [-122.061424, 37.9218829], [-122.0619274, 37.9221495], [-122.062449, 37.9224722]]}}, {"type": "Feature", "properties": {"waterway": "canal", "name": "Contra Costa Canal"}, "geometry": {"type": "LineString", "coordinates": [[-122.0261772, 37.9621609], [-122.0260556, 37.961612], [-122.0258651, 37.9613135], [-122.0256653, 37.9612159], [-122.0250051, 37.9610643], [-122.0248037, 37.9610067], [-122.02458, 37.960898], [-122.024386, 37.960813], [-122.0240965, 37.9606344], [-122.02374, 37.9602338], [-122.0231755, 37.9596012], [-122.0227538, 37.959103], [-122.0224789, 37.9587374], [-122.0224299, 37.958593], [-122.0221617, 37.9576363], [-122.0215015, 37.9573575], [-122.0211056, 37.9572402], [-122.0209216, 37.9570601]]}}, {"type": "Feature", "properties": {"waterway": "canal", "name": "Contra Costa Canal"}, "geometry": {"type": "LineString", "coordinates": [[-122.0209216, 37.9570601], [-122.0209079, 37.9569956], [-122.0209106, 37.9569287], [-122.0209544, 37.9568573], [-122.0214217, 37.9563271], [-122.0214819, 37.9562098], [-122.0214796, 37.956128], [-122.0214499, 37.9560462], [-122.0208695, 37.9551126], [-122.0204993, 37.9542098], [-122.0204556, 37.9541258], [-122.0200327, 37.9536575], [-122.0198771, 37.9533318], [-122.0190882, 37.9515772], [-122.0183511, 37.9508888], [-122.0175539, 37.9504467], [-122.0166307, 37.9497201], [-122.0162293, 37.9489918], [-122.0147449, 37.9474951], [-122.0145556, 37.9470205], [-122.0138754, 37.9463638]]}}, {"type": "Feature", "properties": {"waterway": "canal", "name": "Contra Costa Canal"}, "geometry": {"type": "LineString", "coordinates": [[-122.0402569, 37.9270747], [-122.0405937, 37.9269215]]}}, {"type": "Feature", "properties": {"waterway": "canal", "name": "Contra Costa Canal"}, "geometry": {"type": "LineString", "coordinates": [[-122.0405937, 37.9269215], [-122.0408035, 37.9268339], [-122.040846, 37.9267885], [-122.041347, 37.9259164], [-122.0414024, 37.9258578], [-122.0414603, 37.925823], [-122.0430125, 37.9251835], [-122.0453335, 37.924221], [-122.046189, 37.9238362], [-122.0473769, 37.9233046], [-122.0474761, 37.9232783], [-122.0475616, 37.923271], [-122.0494871, 37.923335]]}}, {"type": "Feature", "properties": {"waterway": "river", "name": "Guadalupe Slough"}, "geometry": {"type": "LineString", "coordinates": [[-121.9867235, 37.4173227], [-121.9872996, 37.4173508], [-121.9888375, 37.41734], [-121.9915606, 37.4172349], [-121.9932043, 37.417194], [-121.9938548, 37.4172224], [-121.9942048, 37.4172502], [-121.9943283, 37.4172737], [-121.9944494, 37.4173041], [-121.9945674, 37.4173413], [-121.9948369, 37.4174818], [-121.9948601, 37.4174933], [-121.9948769, 37.4175147], [-121.9950298, 37.4178745], [-121.9951719, 37.4182436], [-121.9952047, 37.4183142], [-121.9952949, 37.4184462], [-121.9953516, 37.4185064], [-121.9954153, 37.4185619], [-121.9954854, 37.4186123], [-121.9955467, 37.4186491], [-121.9960225, 37.4188963], [-121.9962799, 37.4190174], [-121.9964193, 37.4190778], [-121.9965411, 37.4191221], [-121.9966664, 37.4191596], [-121.9967946, 37.4191903], [-121.9969252, 37.4192139], [-121.9971871, 37.4192581], [-121.9973279, 37.4192919], [-121.9974659, 37.4193325], [-121.9977312, 37.4194336], [-121.9978575, 37.4194938], [-121.9979789, 37.41956], [-121.9980486, 37.4196019], [-121.9981914, 37.4196944], [-121.9984587, 37.4198958], [-121.9985826, 37.4200042], [-121.9986961, 37.4201139], [-121.9992264, 37.4206645], [-121.9995871, 37.4210533], [-121.9999404, 37.4214465], [-122.0005045, 37.422101], [-122.0006295, 37.4222705], [-122.0006892, 37.4223711], [-122.0007404, 37.4224746], [-122.0007831, 37.4225806], [-122.0008419, 37.4227981], [-122.0008578, 37.4229087], [-122.0008622, 37.4231311], [-122.0008508, 37.423242], [-122.0007837, 37.4235371], [-122.0006959, 37.4238559], [-122.0006353, 37.4240583], [-122.0005843, 37.4243174], [-122.0006365, 37.4246595], [-122.0006793, 37.4247704], [-122.0007307, 37.4248788], [-122.0007906, 37.4249845], [-122.0008429, 37.4250646], [-122.0009015, 37.4251414], [-122.0009678, 37.4252142], [-122.0013498, 37.4255129], [-122.0022613, 37.4261829], [-122.0025248, 37.4264142], [-122.0027602, 37.4266641], [-122.0029655, 37.4269303], [-122.0030908, 37.427117], [-122.0032407, 37.4273543], [-122.0033825, 37.4275949], [-122.0036393, 37.4280697], [-122.0036989, 37.4281586], [-122.0037665, 37.4282438], [-122.0038417, 37.4283249], [-122.0039241, 37.4284014], [-122.0040133, 37.4284728], [-122.0041088, 37.4285389], [-122.0044279, 37.4287014], [-122.0045433, 37.4287428], [-122.0046621, 37.4287773], [-122.0047806, 37.4288041], [-122.0049328, 37.4288337], [-122.0054474, 37.4289289], [-122.0059025, 37.4290069], [-122.0062271, 37.4290888], [-122.0063381, 37.4291312], [-122.006445, 37.42918], [-122.006547, 37.4292349], [-122.0066437, 37.4292957], [-122.0067345, 37.429362], [-122.0068188, 37.4294335], [-122.0068964, 37.4295097], [-122.0070611, 37.4297431], [-122.0071059, 37.4299471], [-122.0070409, 37.4302147], [-122.0063378, 37.4313086], [-122.006237, 37.431489], [-122.0061514, 37.4317088], [-122.0061013, 37.4319355], [-122.0060899, 37.4320503], [-122.0060877, 37.4321719], [-122.0060947, 37.4322934], [-122.006111, 37.4324143], [-122.0061363, 37.4325341], [-122.0061707, 37.4326526], [-122.006214, 37.4327691], [-122.0062661, 37.4328834], [-122.0063267, 37.432995], [-122.0063956, 37.4331034], [-122.0064726, 37.4332083], [-122.0065575, 37.4333093], [-122.0066345, 37.4333909], [-122.0067269, 37.4334761], [-122.006815, 37.4335454], [-122.0069093, 37.4336093], [-122.0070093, 37.4336675], [-122.0071144, 37.4337197], [-122.0072241, 37.4337656], [-122.0073376, 37.4338048], [-122.0074546, 37.4338373], [-122.0075698, 37.4338628], [-122.008884, 37.4341402], [-122.0100113, 37.4343721], [-122.0105098, 37.4344672], [-122.0108958, 37.4345323], [-122.0112837, 37.4345902], [-122.0115853, 37.4346269], [-122.0117733, 37.4346407], [-122.0119619, 37.4346473], [-122.0121507, 37.4346466], [-122.0125271, 37.4346237], [-122.0127139, 37.4346015], [-122.0128991, 37.4345722], [-122.0132631, 37.4344925], [-122.0134411, 37.4344423], [-122.0136159, 37.4343854], [-122.0138988, 37.4342759], [-122.0143684, 37.4340757], [-122.0158116, 37.4334661], [-122.016908, 37.4330096], [-122.0172005, 37.4328967], [-122.0174968, 37.4327903], [-122.0177967, 37.4326906], [-122.0181001, 37.4325977], [-122.0184066, 37.4325116], [-122.018716, 37.4324323], [-122.0190281, 37.43236], [-122.0193425, 37.4322947], [-122.0196592, 37.4322365], [-122.0199778, 37.4321854], [-122.020298, 37.4321414], [-122.0206197, 37.4321046], [-122.020869, 37.4320811], [-122.02121, 37.4320662], [-122.0213839, 37.4320694], [-122.0215573, 37.43208], [-122.0217297, 37.4320978], [-122.0219008, 37.4321229], [-122.0220699, 37.4321551], [-122.0222367, 37.4321944], [-122.0224006, 37.4322407], [-122.0225613, 37.4322938], [-122.022871, 37.4324199], [-122.0230191, 37.4324925], [-122.0231622, 37.4325713], [-122.0233586, 37.432695], [-122.0234964, 37.4327906], [-122.0237109, 37.4329474], [-122.0239191, 37.4331094], [-122.0241209, 37.4332765], [-122.0243161, 37.4334486], [-122.0247331, 37.4338353], [-122.0249821, 37.4340539], [-122.0252378, 37.4342675], [-122.0255, 37.4344762], [-122.0258482, 37.434743], [-122.0260954, 37.4349414], [-122.026336, 37.4351448], [-122.02657, 37.4353531], [-122.0267971, 37.4355662], [-122.0270101, 37.4357768], [-122.0271708, 37.4359475], [-122.0273021, 37.4361001], [-122.0274259, 37.4362566], [-122.027542, 37.4364168], [-122.0277501, 37.4367475], [-122.0278419, 37.4369175], [-122.0279252, 37.4370902], [-122.0280664, 37.4374427], [-122.0281239, 37.4376219], [-122.0282124, 37.4379852], [-122.0282658, 37.4382802], [-122.0283413, 37.4386596], [-122.0284257, 37.4390377], [-122.0285452, 37.4395137], [-122.0286066, 37.43972], [-122.0287388, 37.440065], [-122.0288177, 37.4402341], [-122.0289051, 37.4404005], [-122.0290008, 37.4405639], [-122.0292163, 37.4408811], [-122.0293358, 37.4410343], [-122.0294629, 37.4411835], [-122.0295975, 37.4413285], [-122.0297391, 37.4414692], [-122.0298574, 37.4415765], [-122.0300383, 37.4417061], [-122.0301374, 37.4417624], [-122.0302414, 37.4418127], [-122.0303499, 37.4418566], [-122.0306957, 37.441948], [-122.0309573, 37.4419746], [-122.0310778, 37.441976], [-122.0312102, 37.4419707], [-122.0313418, 37.4419582], [-122.031472, 37.4419385], [-122.0316003, 37.4419118], [-122.031726, 37.4418782], [-122.0319672, 37.4417909], [-122.0320817, 37.4417376], [-122.0324418, 37.4415277], [-122.032752, 37.4413331], [-122.0330565, 37.4411329], [-122.0334855, 37.4408439], [-122.0336524, 37.4407442], [-122.0340019, 37.440563], [-122.0341838, 37.4404818], [-122.034349, 37.4404164], [-122.0345008, 37.4403649], [-122.034814, 37.4402823], [-122.0349744, 37.4402514], [-122.0351367, 37.4402277], [-122.0353003, 37.440211], [-122.0354649, 37.4402016], [-122.0356299, 37.4401995], [-122.0357948, 37.4402046], [-122.0359591, 37.4402169], [-122.0361222, 37.4402364], [-122.0362838, 37.4402631], [-122.0364433, 37.4402968], [-122.0366002, 37.4403375], [-122.036806, 37.4404028], [-122.0369738, 37.4404642], [-122.0371907, 37.4405505], [-122.0374033, 37.4406434], [-122.0376114, 37.4407425], [-122.0378147, 37.4408478], [-122.0382057, 37.4410763], [-122.0383928, 37.4411992], [-122.038574, 37.4413276], [-122.038749, 37.4414614], [-122.0390442, 37.4417119], [-122.0391906, 37.4418507], [-122.0393242, 37.4419888], [-122.0394506, 37.4421312], [-122.0395695, 37.4422776], [-122.0397839, 37.4425815], [-122.0398792, 37.4427385], [-122.0399662, 37.4428985], [-122.0400448, 37.4430613], [-122.040115, 37.4432265], [-122.0401765, 37.4433938], [-122.0402733, 37.4437339], [-122.0403084, 37.4439061], [-122.0403346, 37.4440793], [-122.0403517, 37.4442531], [-122.0403598, 37.4444274], [-122.040349, 37.4447761], [-122.04033, 37.4449498], [-122.040302, 37.4451228], [-122.0402651, 37.4452947], [-122.0401647, 37.4456341], [-122.0401014, 37.4458011], [-122.0399904, 37.4460472], [-122.0398553, 37.4462806], [-122.0397756, 37.4463924], [-122.0396883, 37.4465005], [-122.0395934, 37.4466045], [-122.0394914, 37.4467041], [-122.0393826, 37.446799], [-122.0391457, 37.4469734], [-122.0390185, 37.4470524], [-122.0388859, 37.4471256], [-122.0387484, 37.4471927], [-122.0386063, 37.4472536], [-122.0384602, 37.447308], [-122.0383105, 37.4473558], [-122.0381577, 37.4473969], [-122.0380022, 37.447431], [-122.0378446, 37.4474582], [-122.0377407, 37.4474716], [-122.0376049, 37.4474826], [-122.0374684, 37.4474862], [-122.0373319, 37.4474825], [-122.037196, 37.4474714], [-122.0370614, 37.4474531], [-122.0369286, 37.4474275], [-122.0367984, 37.4473949], [-122.0366711, 37.4473553], [-122.0365476, 37.4473089], [-122.0363136, 37.4471969], [-122.0362042, 37.4471316], [-122.0361097, 37.4470673], [-122.0360543, 37.447027], [-122.0357523, 37.4468015], [-122.0354565, 37.4465708], [-122.0351672, 37.446335], [-122.0348845, 37.4460942], [-122.034782, 37.4460044], [-122.0345472, 37.4458233], [-122.0342884, 37.4456642], [-122.0340089, 37.4455292], [-122.0338625, 37.4454713], [-122.0337122, 37.44542], [-122.0335586, 37.4453756], [-122.0334021, 37.445338], [-122.0330823, 37.4452842], [-122.0329201, 37.4452681], [-122.0327571, 37.4452593], [-122.0325936, 37.4452578], [-122.0322374, 37.4452808], [-122.0320816, 37.4453028], [-122.031776, 37.4453679], [-122.0316273, 37.4454109], [-122.0313403, 37.445517], [-122.0310706, 37.4456488], [-122.030826, 37.4458001], [-122.0305388, 37.4460132], [-122.0304048, 37.4461275], [-122.0302776, 37.4462466], [-122.0301575, 37.4463704], [-122.0299752, 37.4465843], [-122.0298841, 37.4467052], [-122.0297785, 37.4468578], [-122.029681, 37.4470138], [-122.0295109, 37.4473349], [-122.0294386, 37.4474993], [-122.0293749, 37.447666], [-122.0292738, 37.4480051], [-122.0292366, 37.4481769], [-122.0292084, 37.4483497], [-122.0291792, 37.4486974], [-122.0291782, 37.4488717], [-122.0291864, 37.4490459], [-122.0292303, 37.4493913], [-122.0292653, 37.4495568], [-122.0293092, 37.449721], [-122.0294233, 37.450044], [-122.0294933, 37.4502023], [-122.0295719, 37.450358], [-122.0296587, 37.4505109], [-122.0297537, 37.4506607], [-122.0298567, 37.4508071], [-122.0299675, 37.4509498], [-122.0300859, 37.4510886], [-122.0302276, 37.4512465], [-122.0303766, 37.4514044], [-122.0305097, 37.4515323], [-122.0306496, 37.4516553], [-122.0307961, 37.4517734], [-122.0309489, 37.4518863], [-122.0311078, 37.4519937], [-122.0312724, 37.4520956], [-122.0314424, 37.4521916], [-122.0316175, 37.4522816], [-122.0317973, 37.4523654], [-122.0319816, 37.4524429], [-122.0321699, 37.4525139], [-122.032362, 37.4525783], [-122.0325574, 37.452636], [-122.0327557, 37.4526868], [-122.0328961, 37.4527175]]}}, {"type": "Feature", "properties": {"waterway": "river", "name": "Alviso Slough"}, "geometry": {"type": "LineString", "coordinates": [[-121.9761526, 37.4227709], [-121.9764456, 37.422727], [-121.9766311, 37.4226902], [-121.976814, 37.4226464], [-121.9769942, 37.4225957], [-121.9772411, 37.4225131], [-121.9773127, 37.4225026], [-121.9775886, 37.4224821], [-121.9777911, 37.4225014], [-121.9779861, 37.4225492], [-121.9781672, 37.422624], [-121.9783287, 37.4227234], [-121.9784653, 37.4228442], [-121.9785566, 37.4230146], [-121.9786503, 37.4232203], [-121.9787353, 37.4234284], [-121.9788116, 37.4236387], [-121.9788454, 37.4237448], [-121.9788791, 37.4238508], [-121.9789378, 37.4240647], [-121.9789874, 37.4242799], [-121.9790281, 37.4244964], [-121.9790871, 37.4249239], [-121.9791332, 37.4251892], [-121.9791883, 37.4254535], [-121.9792523, 37.4257164], [-121.9793253, 37.4259779], [-121.9795799, 37.4267525], [-121.9796808, 37.426991], [-121.9797123, 37.4270654], [-121.9798788, 37.4273676], [-121.9799745, 37.4275141], [-121.9800782, 37.427657], [-121.9803089, 37.4279311], [-121.9804355, 37.4280618], [-121.980534, 37.4281559], [-121.9805933, 37.4282021], [-121.9810025, 37.4285144], [-121.9814179, 37.4288215], [-121.9818393, 37.4291233], [-121.9822148, 37.4293841], [-121.9825006, 37.429487], [-121.9829402, 37.429619], [-121.9833912, 37.4297235], [-121.983851, 37.4298001], [-121.9842691, 37.4298446], [-121.9847753, 37.4298784], [-121.9850564, 37.4299073], [-121.9853362, 37.4299434], [-121.9856144, 37.4299867], [-121.9858907, 37.430037], [-121.9862554, 37.4301137], [-121.9864066, 37.4301546], [-121.9865546, 37.4302023], [-121.9866989, 37.4302566], [-121.9868391, 37.4303174], [-121.9869747, 37.4303845], [-121.9871053, 37.4304577], [-121.9872305, 37.4305367], [-121.9873498, 37.4306213], [-121.9874628, 37.4307111], [-121.9875692, 37.430806], [-121.9876687, 37.4309055], [-121.9878351, 37.4311703], [-121.9879205, 37.4312946], [-121.9880137, 37.4314152], [-121.9881145, 37.4315319], [-121.9883379, 37.4317522], [-121.9884599, 37.4318552], [-121.9885883, 37.4319532], [-121.9887228, 37.4320457], [-121.9890087, 37.4322139], [-121.9891594, 37.432289], [-121.9894741, 37.4324203], [-121.9896374, 37.4324762], [-121.989878, 37.4325545], [-121.9900377, 37.4326157], [-121.9901932, 37.4326833], [-121.9904901, 37.4328372], [-121.9906308, 37.432923], [-121.9907656, 37.4330146], [-121.9908944, 37.4331115], [-121.9910168, 37.4332137], [-121.9911324, 37.4333207], [-121.9913422, 37.4335482], [-121.9914358, 37.4336681], [-121.9915215, 37.4337917], [-121.9915992, 37.4339187], [-121.9916685, 37.4340486], [-121.9917293, 37.4341813], [-121.9917815, 37.4343163], [-121.991825, 37.4344532], [-121.991885, 37.4347315], [-121.9919015, 37.4348721], [-121.9919089, 37.4350133], [-121.9919072, 37.4351545], [-121.9918792, 37.4354193], [-121.9918551, 37.4355475], [-121.9917809, 37.4359084], [-121.9916977, 37.4362681], [-121.9916057, 37.4366264], [-121.9914983, 37.437005], [-121.991502, 37.4372216], [-121.9915427, 37.4374286], [-121.9916192, 37.4376291], [-121.9916704, 37.4377257], [-121.9917299, 37.4378192], [-121.9917974, 37.4379092], [-121.9918727, 37.4379952], [-121.9919553, 37.4380768], [-121.9920449, 37.4381536], [-121.9921409, 37.4382252], [-121.992243, 37.4382913], [-121.9923506, 37.4383516], [-121.9924632, 37.4384058], [-121.9925803, 37.4384535], [-121.9927013, 37.4384946], [-121.9928256, 37.4385289], [-121.9929525, 37.4385562], [-121.9935425, 37.4386514], [-121.9940888, 37.4387482], [-121.994633, 37.4388521], [-121.995175, 37.4389631], [-121.9957147, 37.439081], [-121.9962519, 37.4392058], [-121.9967865, 37.4393376], [-121.9973184, 37.4394762], [-121.9978474, 37.4396217], [-121.9982723, 37.4397442], [-121.9983494, 37.4397608], [-121.9986891, 37.4398297], [-121.999031, 37.4398916], [-121.9993748, 37.4399464], [-121.9997202, 37.4399941], [-122.0000671, 37.4400346], [-122.0004151, 37.440068], [-122.0007642, 37.4400942], [-122.0015336, 37.4401431], [-122.001722, 37.4401732], [-122.0019083, 37.4402105], [-122.0020921, 37.4402548], [-122.0022731, 37.440306], [-122.0024509, 37.440364], [-122.002625, 37.4404287], [-122.002795, 37.4404999], [-122.0029857, 37.4405885], [-122.0031908, 37.4406919], [-122.0033909, 37.4408013], [-122.0035857, 37.4409166], [-122.003775, 37.4410376], [-122.0039585, 37.4411642], [-122.0041359, 37.4412961], [-122.004307, 37.4414333], [-122.0045033, 37.441609], [-122.0047137, 37.441837], [-122.0048075, 37.4419572], [-122.0048935, 37.4420811], [-122.0050541, 37.442365], [-122.0051469, 37.4425619], [-122.0052312, 37.4427613], [-122.0053376, 37.4430528], [-122.0054338, 37.4433605], [-122.0055119, 37.4436414], [-122.005581, 37.4439237], [-122.0056411, 37.4442074], [-122.0057097, 37.4445626], [-122.0057438, 37.4446776], [-122.0058381, 37.4449015], [-122.0059339, 37.4450667], [-122.0060446, 37.4452317], [-122.0062019, 37.4454528], [-122.006367, 37.4456702], [-122.0065398, 37.4458838], [-122.0067203, 37.4460934], [-122.0069081, 37.4462988], [-122.007185, 37.4465799], [-122.0074406, 37.4468], [-122.0077218, 37.4469993], [-122.008026, 37.4471759], [-122.0083503, 37.447328], [-122.0086513, 37.4474411], [-122.0088633, 37.4475082], [-122.0093113, 37.447627], [-122.0095393, 37.4476761], [-122.0097336, 37.447712], [-122.0099077, 37.4477359], [-122.0100467, 37.4477467], [-122.0101863, 37.4477503], [-122.0103259, 37.4477467], [-122.010465, 37.4477359], [-122.0106316, 37.4477133], [-122.010834, 37.4476764], [-122.0112316, 37.4475815], [-122.0114261, 37.4475238], [-122.0116172, 37.4474592], [-122.0118046, 37.4473881], [-122.0119879, 37.4473104], [-122.0121515, 37.4472342], [-122.0130978, 37.446771], [-122.0133079, 37.4466777], [-122.0137407, 37.4465104], [-122.0139627, 37.4464366], [-122.0141327, 37.4463854], [-122.0144033, 37.4463132], [-122.0146261, 37.4462621], [-122.0150785, 37.4461811], [-122.0153073, 37.4461512], [-122.0155373, 37.4461284], [-122.0157683, 37.4461128], [-122.016, 37.4461044], [-122.0162515, 37.4461046], [-122.0164434, 37.446113], [-122.0166346, 37.4461288], [-122.0168246, 37.4461517], [-122.017013, 37.4461819], [-122.0171995, 37.4462191], [-122.0173834, 37.4462634], [-122.0175646, 37.4463146], [-122.0177796, 37.4463858], [-122.018021, 37.4464823], [-122.0181677, 37.4465515], [-122.0183095, 37.4466268], [-122.0185768, 37.4467952], [-122.0187016, 37.4468877], [-122.018829, 37.4469933], [-122.019073, 37.4472034], [-122.0192229, 37.4473284], [-122.0193796, 37.4474645], [-122.0196304, 37.4477161], [-122.0197449, 37.4478484], [-122.0198403, 37.4479688], [-122.0199521, 37.4481223], [-122.020056, 37.4482792], [-122.0202392, 37.4486026], [-122.0203182, 37.4487685], [-122.0204236, 37.4490298], [-122.0204851, 37.4492252], [-122.0205198, 37.4493703], [-122.0205455, 37.4495166], [-122.0205621, 37.4496638], [-122.0205696, 37.4498114], [-122.0205681, 37.4499591], [-122.0205575, 37.4501066], [-122.0205091, 37.4503995], [-122.0204714, 37.4505441], [-122.0204249, 37.4506871], [-122.0203696, 37.4508281], [-122.0203058, 37.4509668], [-122.0202334, 37.4511028], [-122.0201528, 37.4512359], [-122.0200679, 37.4513642], [-122.0198405, 37.4516965], [-122.0196052, 37.4520254], [-122.0192632, 37.4524787], [-122.0190944, 37.4527289], [-122.0190299, 37.4528489], [-122.018974, 37.4529716], [-122.0189268, 37.4530966], [-122.0188885, 37.4532235], [-122.0188592, 37.4533519], [-122.0188459, 37.4534296], [-122.0188263, 37.4535509], [-122.0187852, 37.4537598], [-122.0186641, 37.4542488], [-122.0186439, 37.4543791], [-122.0186329, 37.45451], [-122.018631, 37.4546412], [-122.0186382, 37.4547723], [-122.0186546, 37.4549029], [-122.0186801, 37.4550325], [-122.0187145, 37.4551609], [-122.0187578, 37.4552875], [-122.0188099, 37.4554119], [-122.0192575, 37.4562577], [-122.0195062, 37.4567457], [-122.019967, 37.4577033], [-122.0200964, 37.457923], [-122.0201734, 37.4580277], [-122.0203036, 37.4581842], [-122.0204107, 37.4583129], [-122.0205053, 37.4584434], [-122.0205917, 37.4585773], [-122.02067, 37.4587144], [-122.0207399, 37.4588544], [-122.0208686, 37.4591561], [-122.020987, 37.4594582], [-122.021116, 37.459819], [-122.0211975, 37.4600752], [-122.0212703, 37.460333], [-122.0214039, 37.4608693], [-122.0214565, 37.4610304], [-122.0215167, 37.4611865]]}}, {"type": "Feature", "properties": {"waterway": "canal", "name": ""}, "geometry": {"type": "LineString", "coordinates": [[-122.2893525, 37.5697121], [-122.2896448, 37.5697652]]}}, {"type": "Feature", "properties": {"waterway": "canal", "name": "Contra Costa Canal"}, "geometry": {"type": "LineString", "coordinates": [[-122.0784256, 38.0024528], [-122.0785555, 38.0026432], [-122.0786191, 38.0026913], [-122.0787321, 38.0027446], [-122.0789199, 38.002842], [-122.0789645, 38.0028914], [-122.0789813, 38.0029386], [-122.078981, 38.0033015], [-122.0789906, 38.0033697], [-122.079072, 38.0035315], [-122.0792094, 38.00381], [-122.0792281, 38.0038649], [-122.0792296, 38.0039088], [-122.0791762, 38.0040421], [-122.0791533, 38.004079], [-122.0791235, 38.0041101], [-122.0789685, 38.0042148], [-122.0789179, 38.0042489], [-122.0788875, 38.0042792], [-122.0788754, 38.0043201], [-122.0788767, 38.0043624], [-122.0789082, 38.0044214], [-122.0789399, 38.0044477], [-122.0789808, 38.0044668], [-122.0790347, 38.0044761], [-122.0792173, 38.0044917], [-122.0793178, 38.0045059], [-122.0794782, 38.0045516], [-122.0796367, 38.0046067], [-122.0799084, 38.0047364], [-122.0800012, 38.0047918], [-122.0800891, 38.004871], [-122.0801896, 38.0049706], [-122.080347, 38.0051633], [-122.0804203, 38.005267], [-122.0804406, 38.0053635], [-122.0804802, 38.0056152], [-122.0805061, 38.005645], [-122.0805497, 38.0056607]]}}, {"type": "Feature", "properties": {"waterway": "canal", "name": "Contra Costa Canal"}, "geometry": {"type": "LineString", "coordinates": [[-121.8554845, 37.9982469], [-121.8565834, 37.998251]]}}, {"type": "Feature", "properties": {"waterway": "canal", "name": ""}, "geometry": {"type": "LineString", "coordinates": [[-122.412809, 37.4536312], [-122.4132019, 37.4537687], [-122.413264, 37.4537632], [-122.4133329, 37.4537468], [-122.4134707, 37.4536698], [-122.413581, 37.453604], [-122.4136499, 37.453582], [-122.4137189, 37.4535655], [-122.4137878, 37.45356], [-122.4138981, 37.4535875], [-122.4140221, 37.4536425], [-122.4141117, 37.4537139], [-122.4142013, 37.4538073], [-122.4143046, 37.4538953], [-122.4144287, 37.4539337], [-122.4145596, 37.4539667], [-122.4146423, 37.4539833], [-122.4147595, 37.4539778], [-122.4148422, 37.4539668], [-122.4148904, 37.4539394], [-122.4149456, 37.453868], [-122.4150904, 37.4535987], [-122.4152146, 37.45339], [-122.4154077, 37.4531648], [-122.4157593, 37.4527912], [-122.41598, 37.4525715], [-122.4162419, 37.4523353], [-122.4164487, 37.4521815]]}}, {"type": "Feature", "properties": {"waterway": "river", "name": "Alameda Creek"}, "geometry": {"type": "LineString", "coordinates": [[-122.0387044, 37.5877886], [-122.0389183, 37.5878272], [-122.0397124, 37.5878768], [-122.0402508, 37.5880198], [-122.040872, 37.5880383], [-122.0414524, 37.5879449], [-122.0420981, 37.5878191], [-122.0425865, 37.5877416], [-122.0433601, 37.587571], [-122.0441881, 37.5874449], [-122.0448164, 37.5873497], [-122.0455363, 37.5872032]]}}, {"type": "Feature", "properties": {"waterway": "river", "name": "Laguna Creek"}, "geometry": {"type": "LineString", "coordinates": [[-121.9494034, 37.4848249], [-121.9487869, 37.4842389], [-121.9484903, 37.4839367], [-121.9484144, 37.4838488], [-121.9483593, 37.4837389], [-121.9483455, 37.4836565], [-121.9483386, 37.4835412], [-121.9483524, 37.4834587], [-121.9483868, 37.4833269], [-121.9484489, 37.4832224], [-121.948573, 37.4830851], [-121.9509788, 37.4814972], [-121.9512202, 37.4813104], [-121.9512478, 37.4812884], [-121.9513512, 37.4812059], [-121.9514391, 37.4811385], [-121.9515039, 37.4810608], [-121.9515307, 37.4809412]]}}, {"type": "Feature", "properties": {"waterway": "canal", "name": ""}, "geometry": {"type": "LineString", "coordinates": [[-122.1327193, 37.6249351], [-122.1327626, 37.6250979], [-122.1327971, 37.6251969], [-122.1328523, 37.6252353], [-122.1329283, 37.6252573], [-122.1330457, 37.6252135], [-122.1331563, 37.6251641], [-122.1332737, 37.6251256], [-122.1333635, 37.6251312], [-122.1334741, 37.6251532], [-122.1335777, 37.6251642], [-122.1336882, 37.6251533], [-122.1337366, 37.6251039], [-122.1337712, 37.6250435], [-122.1337832, 37.6249356]]}}, {"type": "Feature", "properties": {"waterway": "canal", "name": ""}, "geometry": {"type": "LineString", "coordinates": [[-122.0766267, 37.5336637], [-122.0766556, 37.5334759], [-122.0766307, 37.5333832], [-122.0764995, 37.5333545], [-122.0761908, 37.5332983], [-122.0756831, 37.5331407], [-122.0754001, 37.5330173], [-122.0752605, 37.5329313], [-122.0749176, 37.5328774]]}}, {"type": "Feature", "properties": {"waterway": "river", "name": "Colma Creek"}, "geometry": {"type": "LineString", "coordinates": [[-122.4101298, 37.6494673], [-122.4082315, 37.6484328], [-122.408092, 37.6483735], [-122.4079136, 37.6483489], [-122.4077192, 37.6483586], [-122.4075258, 37.6484029], [-122.4073192, 37.6485057], [-122.4068438, 37.6487045], [-122.4065509, 37.6487907], [-122.4060397, 37.6488931], [-122.4057287, 37.6489291], [-122.4047038, 37.6489228], [-122.4023935, 37.648926], [-122.4020401, 37.6489], [-122.4017249, 37.6488127], [-122.4015505, 37.6486774], [-122.4014629, 37.6484593], [-122.4014528, 37.6482529], [-122.4014991, 37.6478645], [-122.4014882, 37.6471119], [-122.4013455, 37.6466061], [-122.4011883, 37.6461894], [-122.4011728, 37.6461439], [-122.400843, 37.6453229], [-122.4003305, 37.6439455], [-122.4001658, 37.6436251], [-122.3999814, 37.6432207], [-122.3998524, 37.643065], [-122.399613, 37.6428706], [-122.3993377, 37.6427109], [-122.3990522, 37.6425854], [-122.3987573, 37.6424975], [-122.3984751, 37.6424617], [-122.3971064, 37.6425304], [-122.3959266, 37.6428591], [-122.3949064, 37.6434161], [-122.3939779, 37.644141], [-122.3926911, 37.6446634], [-122.3910941, 37.6451719], [-122.3906307, 37.6452926]]}}, {"type": "Feature", "properties": {"waterway": "canal", "name": ""}, "geometry": {"type": "LineString", "coordinates": [[-122.1492475, 37.6407355], [-122.1495002, 37.6403925], [-122.1496978, 37.6400152], [-122.1499678, 37.6396236]]}}, {"type": "Feature", "properties": {"waterway": "canal", "name": ""}, "geometry": {"type": "LineString", "coordinates": [[-122.0929643, 37.6243242], [-122.0940211, 37.624313], [-122.0951608, 37.6243182], [-122.0962108, 37.6243015], [-122.0964112, 37.6242904], [-122.0964871, 37.6242629], [-122.0965286, 37.6242244], [-122.0965611, 37.6241712], [-122.0965955, 37.6239837], [-122.0966979, 37.6229878], [-122.0967782, 37.6222303], [-122.0968459, 37.6215258], [-122.0969218, 37.6207851], [-122.097003, 37.620007], [-122.0970802, 37.619284]]}}, {"type": "Feature", "properties": {"waterway": "river", "name": "Alameda Creek"}, "geometry": {"type": "LineString", "coordinates": [[-121.8914627, 37.5883184], [-121.8917604, 37.5882371], [-121.8920592, 37.5882847], [-121.8923584, 37.5883078], [-121.8925469, 37.5883351], [-121.8927457, 37.5883032], [-121.8930349, 37.5881534], [-121.8932678, 37.5882358], [-121.8934989, 37.5882406], [-121.8941719, 37.5883979], [-121.8945644, 37.5885076], [-121.8949305, 37.588703], [-121.8954619, 37.5891915], [-121.8963075, 37.5899719], [-121.8964984, 37.5903167], [-121.8967752, 37.5904898]]}}, {"type": "Feature", "properties": {"waterway": "river", "name": "Alameda Creek"}, "geometry": {"type": "LineString", "coordinates": [[-121.8854897, 37.5835745], [-121.8855581, 37.58374], [-121.8857025, 37.5839029], [-121.8860378, 37.5841978], [-121.8862406, 37.584409], [-121.8863682, 37.5844874], [-121.8865483, 37.5845831], [-121.8867155, 37.5847199], [-121.886821, 37.5848204], [-121.8869101, 37.5848614], [-121.887138, 37.5848727], [-121.8875488, 37.5849987], [-121.8882946, 37.585356], [-121.8884737, 37.5854129], [-121.8885587, 37.5854464], [-121.8886629, 37.585492], [-121.8891102, 37.5857132], [-121.8892964, 37.5858152], [-121.8894752, 37.5859004], [-121.8897892, 37.5860427], [-121.8901687, 37.5862597], [-121.890451, 37.5864149], [-121.8910895, 37.5868537], [-121.8913449, 37.5872621], [-121.8915126, 37.5878005], [-121.8914627, 37.5883184]]}}, {"type": "Feature", "properties": {"waterway": "canal", "name": ""}, "geometry": {"type": "LineString", "coordinates": [[-122.1036912, 37.5756018], [-122.1037862, 37.575652], [-122.104118, 37.5758192], [-122.1044077, 37.57598], [-122.1049322, 37.5762809], [-122.1051372, 37.5763921], [-122.1052759, 37.5764997], [-122.1054287, 37.5766025], [-122.1055531, 37.5767021], [-122.105655, 37.5767866], [-122.1057492, 37.5768502], [-122.1058553, 37.5769059], [-122.1059655, 37.5769416], [-122.1060613, 37.5769684]]}}, {"type": "Feature", "properties": {"waterway": "canal", "name": ""}, "geometry": {"type": "LineString", "coordinates": [[-122.1378179, 37.6269353], [-122.1387502, 37.6273258], [-122.1387844, 37.6249324]]}}, {"type": "Feature", "properties": {"waterway": "river", "name": "Alameda Creek"}, "geometry": {"type": "LineString", "coordinates": [[-121.9619588, 37.5865678], [-121.9622952, 37.5864538], [-121.962775, 37.586234], [-121.9631703, 37.5860895], [-121.9634948, 37.5859136], [-121.9637261, 37.5857598], [-121.9638434, 37.585654], [-121.9639279, 37.5855565], [-121.9641332, 37.5853313], [-121.9643936, 37.5850274], [-121.9645506, 37.5847459], [-121.9646024, 37.5844783], [-121.9645504, 37.5841109], [-121.9644174, 37.583686], [-121.9642861, 37.5832849], [-121.9642066, 37.5828852], [-121.9642062, 37.5822244], [-121.9642268, 37.5820535], [-121.9642252, 37.5819614], [-121.9642441, 37.5818833], [-121.9642734, 37.58172], [-121.9642941, 37.5816021], [-121.9643277, 37.5815024], [-121.9643749, 37.5813773], [-121.964475, 37.5810438], [-121.9648475, 37.5806921], [-121.9652708, 37.5803548], [-121.9657698, 37.5799961], [-121.9661794, 37.5797932], [-121.966478, 37.5796696], [-121.966621, 37.5795369], [-121.9669756, 37.5793997], [-121.9672534, 37.5792488], [-121.9676203, 37.5791547], [-121.967996, 37.5789969], [-121.9684251, 37.5787929], [-121.9685672, 37.578714], [-121.9686546, 37.5786209], [-121.9686425, 37.5783467], [-121.9686802, 37.5780959], [-121.968656, 37.5779132], [-121.968639, 37.5776847], [-121.9685541, 37.5774992], [-121.9684328, 37.5773799], [-121.9685055, 37.5770628], [-121.9686948, 37.5766277], [-121.9688606, 37.5762251], [-121.9692532, 37.5755646], [-121.970464, 37.5740217], [-121.9708062, 37.5735976], [-121.9712356, 37.5732444], [-121.9719443, 37.5726707], [-121.9722815, 37.5724495], [-121.9729753, 37.5722192], [-121.9743099, 37.5717886], [-121.9753003, 37.5716304], [-121.9760535, 37.5717246], [-121.9769234, 37.5719504], [-121.9781629, 37.5720867], [-121.9785958, 37.5721055], [-121.9789277, 37.5721443], [-121.9792358, 37.5721013], [-121.9796686, 37.5718549], [-121.9801574, 37.5717023], [-121.9804472, 37.5717829], [-121.9810361, 37.5719333], [-121.9814074, 37.5721266], [-121.9821117, 37.5723512], [-121.9825303, 37.5723831], [-121.9828962, 37.5723218], [-121.9837158, 37.572112], [-121.984371, 37.57186], [-121.9851072, 37.5715583], [-121.9857454, 37.571196], [-121.9863171, 37.5707152], [-121.9875638, 37.56951], [-121.9880234, 37.5691095], [-121.9881797, 37.5689734], [-121.9890043, 37.5684636], [-121.9895738, 37.5679348], [-121.9901636, 37.5675043], [-121.99044, 37.5672772], [-121.9908841, 37.566965], [-121.9914382, 37.5664805], [-121.9918822, 37.5662937], [-121.9927422, 37.5660405], [-121.9934395, 37.5659002], [-121.9941295, 37.5658205], [-121.9945673, 37.5658007], [-121.9948419, 37.5657876], [-121.9960061, 37.5658084], [-121.9967347, 37.5657854], [-121.9968518, 37.5657817], [-121.9971196, 37.5657733], [-121.9979684, 37.5658746], [-121.9984778, 37.5658703], [-121.9988365, 37.5659079], [-121.9993813, 37.5659885], [-122.0002462, 37.5661121], [-122.0006766, 37.5662688], [-122.0010697, 37.5664091]]}}, {"type": "Feature", "properties": {"waterway": "canal", "name": ""}, "geometry": {"type": "LineString", "coordinates": [[-122.1123696, 37.6049568], [-122.1124386, 37.6049513], [-122.1125008, 37.6048964], [-122.1125559, 37.6048029], [-122.1126386, 37.6046216]]}}, {"type": "Feature", "properties": {"waterway": "river", "name": "Alameda Creek"}, "geometry": {"type": "LineString", "coordinates": [[-121.8731762, 37.5755331], [-121.8733936, 37.5757209], [-121.8736965, 37.5759069], [-121.8741182, 37.5762488], [-121.8743529, 37.5763256], [-121.8744565, 37.5763804], [-121.8746361, 37.5764738], [-121.8747258, 37.5765397], [-121.874795, 37.5766166], [-121.8748433, 37.576655], [-121.8750585, 37.5767531], [-121.875299, 37.5769283], [-121.8754257, 37.5770014], [-121.8756231, 37.577165], [-121.8757274, 37.5772671], [-121.8757689, 37.5773467], [-121.8758934, 37.5773984], [-121.8760658, 37.5774784]]}}, {"type": "Feature", "properties": {"waterway": "canal", "name": ""}, "geometry": {"type": "LineString", "coordinates": [[-122.1499678, 37.6396236], [-122.1500809, 37.6394639], [-122.1515238, 37.6381205]]}}, {"type": "Feature", "properties": {"waterway": "canal", "name": ""}, "geometry": {"type": "LineString", "coordinates": [[-122.1395453, 37.6232954], [-122.1397388, 37.623312], [-122.1400772, 37.623378], [-122.140602, 37.6235101], [-122.1417001, 37.6238018], [-122.1434198, 37.6243794], [-122.1451188, 37.624935]]}}, {"type": "Feature", "properties": {"waterway": "canal", "name": ""}, "geometry": {"type": "LineString", "coordinates": [[-122.1009543, 37.6053234], [-122.1009819, 37.605252], [-122.1010648, 37.6051476]]}}, {"type": "Feature", "properties": {"waterway": "canal", "name": ""}, "geometry": {"type": "LineString", "coordinates": [[-122.1344551, 37.6250108], [-122.1343928, 37.6250822], [-122.1343651, 37.6251646], [-122.1343651, 37.6252634], [-122.134358, 37.6254997]]}}, {"type": "Feature", "properties": {"waterway": "river", "name": "Alameda Creek"}, "geometry": {"type": "LineString", "coordinates": [[-121.8967752, 37.5904898], [-121.8969478, 37.5906442], [-121.8973482, 37.5908514], [-121.8974967, 37.5909215], [-121.8976045, 37.5909831], [-121.8978967, 37.5911447], [-121.8980458, 37.5912993], [-121.8980327, 37.5913941], [-121.898144, 37.59148]]}}, {"type": "Feature", "properties": {"waterway": "river", "name": "San Bruno Creek"}, "geometry": {"type": "LineString", "coordinates": [[-122.40504, 37.6304445], [-122.4050889, 37.63148]]}}, {"type": "Feature", "properties": {"waterway": "canal", "name": ""}, "geometry": {"type": "LineString", "coordinates": [[-122.1110544, 37.5999193], [-122.1109924, 37.6000072], [-122.1108268, 37.6002765], [-122.1107164, 37.6003919], [-122.1105783, 37.6004798], [-122.1104126, 37.6005239], [-122.1103297, 37.6005294], [-122.1099984, 37.6006889], [-122.1099639, 37.6007054], [-122.1096809, 37.6008593], [-122.1094254, 37.6010681], [-122.1091909, 37.6013484], [-122.1090735, 37.6015243], [-122.1090253, 37.6016726], [-122.1090254, 37.601832], [-122.1090669, 37.6019473], [-122.1092328, 37.6021176], [-122.1094124, 37.6022548], [-122.1097508, 37.6024525], [-122.1100755, 37.6026007], [-122.1103864, 37.6027545], [-122.1106557, 37.6028807], [-122.1107801, 37.6029521], [-122.1109045, 37.6030894], [-122.1109597, 37.6031443], [-122.1112016, 37.603408], [-122.111637, 37.6038913], [-122.1119203, 37.6041934], [-122.1121414, 37.6044021], [-122.1123694, 37.6045338], [-122.1126386, 37.6046216]]}}, {"type": "Feature", "properties": {"waterway": "canal", "name": ""}, "geometry": {"type": "LineString", "coordinates": [[-122.1015896, 37.6050101], [-122.1016723, 37.6046749], [-122.1017757, 37.6043562], [-122.1018929, 37.6041199], [-122.1019068, 37.6040595], [-122.1019067, 37.6039551], [-122.1019619, 37.6038232], [-122.1020102, 37.6036858], [-122.1020722, 37.603477], [-122.1020721, 37.6032574], [-122.1020927, 37.6030596], [-122.1021342, 37.6028618], [-122.1021548, 37.6026914], [-122.1021478, 37.6025321], [-122.1021063, 37.6024497], [-122.1020856, 37.6023453], [-122.1021269, 37.6020541], [-122.1021612, 37.6017739], [-122.1021611, 37.6015816], [-122.1022163, 37.6013948], [-122.1022092, 37.6011255], [-122.1022438, 37.6010211], [-122.102292, 37.6009278]]}}, {"type": "Feature", "properties": {"waterway": "canal", "name": ""}, "geometry": {"type": "LineString", "coordinates": [[-122.1112399, 37.5759482], [-122.1114469, 37.5757228], [-122.1115503, 37.5755799], [-122.1115984, 37.5753766], [-122.1116604, 37.5750579], [-122.1117708, 37.5747117], [-122.1119223, 37.5741677], [-122.1119842, 37.5738106], [-122.1119771, 37.573492], [-122.1117765, 37.5728931], [-122.1114864, 37.5726076], [-122.1111204, 37.5724099], [-122.110934, 37.572366], [-122.1104439, 37.5723607], [-122.1096018, 37.5723995], [-122.1091254, 37.5723063], [-122.1088147, 37.5721252]]}}, {"type": "Feature", "properties": {"waterway": "canal", "name": ""}, "geometry": {"type": "LineString", "coordinates": [[-122.0924648, 37.580157], [-122.0913462, 37.5794376], [-122.0910354, 37.5792564], [-122.0904348, 37.5789653], [-122.0902622, 37.5789214], [-122.0893854, 37.5789106], [-122.0883154, 37.5789108], [-122.0874249, 37.5788671], [-122.0871625, 37.5788341], [-122.0869899, 37.5786749], [-122.0868032, 37.5780705], [-122.0866996, 37.5774716], [-122.0866715, 37.576197], [-122.0866438, 37.5758509], [-122.0865263, 37.5754224], [-122.086257, 37.5744884], [-122.086181, 37.574351], [-122.0859117, 37.5740599], [-122.0857874, 37.5739006], [-122.0847858, 37.5717691], [-122.0838052, 37.5700551], [-122.0835773, 37.569643], [-122.0835634, 37.5694837], [-122.0836945, 37.5691101], [-122.0840049, 37.5684397], [-122.0841636, 37.5680881], [-122.0842465, 37.5679781]]}}, {"type": "Feature", "properties": {"waterway": "canal", "name": ""}, "geometry": {"type": "LineString", "coordinates": [[-122.0814972, 37.5892979], [-122.0859108, 37.5876674], [-122.0860374, 37.5876307], [-122.0861865, 37.5876485], [-122.0864757, 37.5877566], [-122.087248, 37.5880917], [-122.089671, 37.5888653], [-122.0898789, 37.5890032]]}}, {"type": "Feature", "properties": {"waterway": "canal", "name": ""}, "geometry": {"type": "LineString", "coordinates": [[-122.1251484, 37.599858], [-122.1254039, 37.6000227], [-122.1255975, 37.600171], [-122.1258048, 37.6003576]]}}, {"type": "Feature", "properties": {"waterway": "canal", "name": ""}, "geometry": {"type": "LineString", "coordinates": [[-122.1229553, 37.7332816], [-122.1236423, 37.7332099], [-122.1237261, 37.7332011], [-122.1253352, 37.7330331], [-122.1255257, 37.7330132], [-122.1260751, 37.7329559], [-122.1263095, 37.7329273], [-122.1279472, 37.7326917]]}}, {"type": "Feature", "properties": {"waterway": "canal", "name": ""}, "geometry": {"type": "LineString", "coordinates": [[-122.3851344, 37.6602177], [-122.3851204, 37.6603935], [-122.3850997, 37.6604319], [-122.3846088, 37.6607504], [-122.3843876, 37.6608162], [-122.3838301, 37.6609883], [-122.3820562, 37.6609254], [-122.3801166, 37.6608984], [-122.3799944, 37.660789], [-122.3799605, 37.6607485]]}}, {"type": "Feature", "properties": {"waterway": "river", "name": "Alameda Creek"}, "geometry": {"type": "LineString", "coordinates": [[-121.8760658, 37.5774784], [-121.8763864, 37.5775869], [-121.8769316, 37.577697], [-121.8770628, 37.577741], [-121.8771525, 37.577796], [-121.877249, 37.5778729], [-121.8788926, 37.5791625], [-121.8790494, 37.5794233], [-121.8794054, 37.5796877], [-121.8796094, 37.5798093], [-121.8799884, 37.5799557], [-121.8804276, 37.5800666], [-121.8807017, 37.5800866], [-121.8809874, 37.5800465], [-121.8812808, 37.5799341], [-121.8815587, 37.5797585], [-121.8816928, 37.5796584], [-121.881755, 37.5795059], [-121.8819419, 37.5788143], [-121.8820436, 37.5786879], [-121.8822855, 37.5785616], [-121.8824312, 37.5785398], [-121.8826785, 37.5785311], [-121.8829479, 37.5786117], [-121.8830816, 37.5787611], [-121.8832717, 37.5789437], [-121.8834342, 37.5791165], [-121.8835404, 37.5794861]]}}, {"type": "Feature", "properties": {"waterway": "river", "name": "Alamo Canal"}, "geometry": {"type": "LineString", "coordinates": [[-121.9201203, 37.7021761], [-121.9200628, 37.7020498], [-121.9198888, 37.7014067], [-121.9198129, 37.7010322], [-121.9198773, 37.7008451], [-121.9199248, 37.7007757], [-121.9203901, 37.7003033], [-121.9207875, 37.6998059], [-121.9210089, 37.6995014], [-121.9210948, 37.6992925], [-121.9211029, 37.6991435], [-121.9210733, 37.6989405], [-121.9207952, 37.6982149], [-121.9202791, 37.6968668], [-121.9199055, 37.6958895], [-121.9198588, 37.6957712], [-121.9195134, 37.6949428], [-121.9191141, 37.6939723], [-121.9189899, 37.6936525], [-121.9187292, 37.6929811], [-121.9185273, 37.6924607], [-121.9172971, 37.6892912], [-121.9166359, 37.6875223]]}}, {"type": "Feature", "properties": {"waterway": "river", "name": "Alameda Creek"}, "geometry": {"type": "LineString", "coordinates": [[-122.0010697, 37.5664091], [-122.0011916, 37.566463], [-122.0015849, 37.566617], [-122.0019299, 37.5667655], [-122.0024473, 37.5669855], [-122.0030063, 37.5671946], [-122.0032822, 37.5672881], [-122.0039378, 37.5674973], [-122.0048142, 37.5678328], [-122.0054766, 37.5680749], [-122.0061389, 37.5683829], [-122.0066082, 37.5685645], [-122.0077053, 37.5689936], [-122.0090094, 37.5695381], [-122.0092233, 37.5696371], [-122.0098788, 37.5699285], [-122.0104309, 37.5701925], [-122.0109622, 37.5704179], [-122.0119076, 37.570792], [-122.0126252, 37.5711879], [-122.0136395, 37.5718147], [-122.0146882, 37.5723755], [-122.0151919, 37.5727053], [-122.0162062, 37.5733046], [-122.0169239, 37.573728], [-122.0176209, 37.5741568], [-122.0181936, 37.5743823]]}}, {"type": "Feature", "properties": {"waterway": "river", "name": "Arroyo de la Laguna"}, "geometry": {"type": "LineString", "coordinates": [[-121.8760241, 37.5992753], [-121.8767221, 37.5992295], [-121.877123, 37.5992199], [-121.8774126, 37.5992675], [-121.8776658, 37.599305], [-121.8779307, 37.5993697], [-121.8783396, 37.5993161], [-121.8786444, 37.5992355], [-121.8790672, 37.599066], [-121.8795025, 37.5990968], [-121.8801329, 37.5989491], [-121.8804684, 37.5988275], [-121.8806709, 37.5988099], [-121.8808209, 37.5986341], [-121.8815425, 37.5983177], [-121.8821613, 37.5981179], [-121.8823295, 37.598041], [-121.8824588, 37.5979522], [-121.8825558, 37.5978326], [-121.8827067, 37.5976037], [-121.8829421, 37.5974244], [-121.8835091, 37.5969973], [-121.8838023, 37.5965583], [-121.8839942, 37.5963294], [-121.8842677, 37.5961138], [-121.8844577, 37.5960151], [-121.8845612, 37.5957948], [-121.8846625, 37.595407], [-121.8846819, 37.5950722], [-121.8846065, 37.5948809], [-121.8844054, 37.5946649]]}}, {"type": "Feature", "properties": {"waterway": "canal", "name": ""}, "geometry": {"type": "LineString", "coordinates": [[-122.1500567, 37.6366312], [-122.1502542, 37.6368137]]}}, {"type": "Feature", "properties": {"waterway": "river", "name": "Arroyo de la Laguna"}, "geometry": {"type": "LineString", "coordinates": [[-121.8754735, 37.6072935], [-121.8754735, 37.6071115], [-121.8754356, 37.6069289], [-121.8753958, 37.6068414], [-121.8754468, 37.6065998], [-121.8754627, 37.606375], [-121.8754941, 37.6062369], [-121.8754497, 37.6059511], [-121.8752863, 37.6057291], [-121.8750294, 37.6055521], [-121.8748703, 37.6053973], [-121.8748309, 37.605147], [-121.8749296, 37.6050217], [-121.8750437, 37.6048999], [-121.8751746, 37.6046897], [-121.8752661, 37.6045965], [-121.8751037, 37.6044487], [-121.8749123, 37.6041306], [-121.874946, 37.6036991], [-121.8749646, 37.6034544], [-121.8750662, 37.6033608], [-121.8752973, 37.6033722], [-121.8755007, 37.6030208], [-121.875508, 37.6026087], [-121.8753696, 37.6023854], [-121.8751587, 37.6022191], [-121.8750037, 37.6021104], [-121.874853, 37.6018622], [-121.8747566, 37.6016295], [-121.874679, 37.6013542], [-121.8746669, 37.6009959]]}}, {"type": "Feature", "properties": {"waterway": "river", "name": "Laguna Creek"}, "geometry": {"type": "LineString", "coordinates": [[-121.9538347, 37.4970633], [-121.954052, 37.4965615]]}}, {"type": "Feature", "properties": {"waterway": "river", "name": "Alameda Creek"}, "geometry": {"type": "LineString", "coordinates": [[-121.8520065, 37.5319723], [-121.8519863, 37.532306], [-121.8518967, 37.5326027], [-121.8518211, 37.5329984], [-121.851786, 37.5332205], [-121.8517668, 37.5334464], [-121.8517968, 37.5336798], [-121.8518723, 37.5339083], [-121.8520802, 37.5342164], [-121.8523065, 37.5344622], [-121.8525636, 37.5347027], [-121.852845, 37.5348436]]}}, {"type": "Feature", "properties": {"waterway": "canal", "name": ""}, "geometry": {"type": "LineString", "coordinates": [[-122.1279472, 37.7326917], [-122.1282269, 37.732653], [-122.1283953, 37.732629], [-122.1286035, 37.7326315], [-122.1288348, 37.7326484], [-122.1289811, 37.732676], [-122.129166, 37.7327145], [-122.1301859, 37.732947], [-122.1303348, 37.7329667], [-122.1305623, 37.7329136]]}}, {"type": "Feature", "properties": {"waterway": "canal", "name": ""}, "geometry": {"type": "LineString", "coordinates": [[-122.0881588, 37.6084748], [-122.0881242, 37.6084253], [-122.0880275, 37.6081342], [-122.0880204, 37.6077825], [-122.0879385, 37.607614]]}}, {"type": "Feature", "properties": {"waterway": "river", "name": "Arroyo de la Laguna"}, "geometry": {"type": "LineString", "coordinates": [[-121.9126199, 37.6770851], [-121.9123138, 37.6763092], [-121.9120411, 37.6756158], [-121.91175, 37.6750862], [-121.9115096, 37.6745422], [-121.9113791, 37.6741426], [-121.9110468, 37.6731227], [-121.9107231, 37.6722708]]}}, {"type": "Feature", "properties": {"waterway": "river", "name": "Newark Slough"}, "geometry": {"type": "LineString", "coordinates": [[-122.0754078, 37.532069], [-122.0758618, 37.5325445], [-122.0762055, 37.5327635], [-122.0767913, 37.5328083], [-122.0773252, 37.5326432], [-122.0776983, 37.5322299], [-122.0780168, 37.5315937], [-122.078652, 37.5305622], [-122.0792805, 37.5300713], [-122.0798621, 37.5298093], [-122.0805782, 37.5298154], [-122.0821085, 37.5301835], [-122.0825595, 37.5303222], [-122.0844224, 37.5306972], [-122.0853826, 37.5308398], [-122.0869076, 37.531077], [-122.0890334, 37.5311421], [-122.0896903, 37.5309808], [-122.0907363, 37.5306579], [-122.0912979, 37.5301936], [-122.0915884, 37.529521], [-122.0915637, 37.5288196], [-122.0914085, 37.528265], [-122.0912261, 37.5278778], [-122.0910149, 37.5273808], [-122.0901177, 37.52617], [-122.0893965, 37.5255143], [-122.08851, 37.5250307], [-122.0880063, 37.5249332], [-122.0870872, 37.5248331], [-122.0853405, 37.525026], [-122.0847197, 37.524886], [-122.0840468, 37.524385], [-122.0838821, 37.5239782], [-122.0838055, 37.5235115], [-122.0838633, 37.523026], [-122.0844145, 37.5220896], [-122.0846441, 37.521821], [-122.0846458, 37.5216858], [-122.0851061, 37.5210584], [-122.0853961, 37.5204748], [-122.0862602, 37.5192196], [-122.0875207, 37.5179225], [-122.0883259, 37.5168471], [-122.0887307, 37.5161292], [-122.0890822, 37.5151404], [-122.0892601, 37.5144658], [-122.0893749, 37.5143315], [-122.0893771, 37.5141512], [-122.0894929, 37.5139268], [-122.0894969, 37.5136114], [-122.0893848, 37.5135204], [-122.0891608, 37.5133384], [-122.0889356, 37.5132465], [-122.0878613, 37.5131931], [-122.0870666, 37.5134123], [-122.0855298, 37.5141666], [-122.0846779, 37.5144304], [-122.0841677, 37.5145166], [-122.0828386, 37.5144837], [-122.0823064, 37.5140514], [-122.0820285, 37.5136437], [-122.0820351, 37.5131029], [-122.0822658, 37.5127442], [-122.0823251, 37.5125193], [-122.0826701, 37.5120713], [-122.0827876, 37.5117117], [-122.0837021, 37.5109528], [-122.0851248, 37.5094772], [-122.0859021, 37.5082287], [-122.0860312, 37.5079076]]}}, {"type": "Feature", "properties": {"waterway": "river", "name": "Alameda Creek"}, "geometry": {"type": "LineString", "coordinates": [[-122.0318843, 37.5848861], [-122.032043, 37.58504], [-122.0326573, 37.5855291], [-122.0331335, 37.5858588], [-122.0335201, 37.5861118], [-122.0345071, 37.586568], [-122.036371, 37.5872057], [-122.0365919, 37.5872937], [-122.0373996, 37.5875301], [-122.0379726, 37.5876567], [-122.0387044, 37.5877886]]}}, {"type": "Feature", "properties": {"waterway": "canal", "name": ""}, "geometry": {"type": "LineString", "coordinates": [[-122.1010648, 37.6051476], [-122.1011269, 37.6050927], [-122.1011959, 37.6050652], [-122.1012995, 37.6050376], [-122.1014584, 37.6050211], [-122.1015896, 37.6050101]]}}, {"type": "Feature", "properties": {"waterway": "canal", "name": ""}, "geometry": {"type": "LineString", "coordinates": [[-122.1326918, 37.6248087], [-122.1327193, 37.6249351]]}}, {"type": "Feature", "properties": {"waterway": "canal", "name": ""}, "geometry": {"type": "LineString", "coordinates": [[-122.1931768, 37.5037125], [-122.193425, 37.5038719]]}}, {"type": "Feature", "properties": {"waterway": "river", "name": "Alameda Creek"}, "geometry": {"type": "LineString", "coordinates": [[-121.8597261, 37.5515572], [-121.8601862, 37.5520162], [-121.8603473, 37.5521936], [-121.8606943, 37.5522633], [-121.8609129, 37.5523976], [-121.8608879, 37.5526142], [-121.8610165, 37.5528133], [-121.861153, 37.5529707], [-121.8614261, 37.5531204]]}}, {"type": "Feature", "properties": {"waterway": "river", "name": "Alameda Creek"}, "geometry": {"type": "LineString", "coordinates": [[-121.8614261, 37.5531204], [-121.8613674, 37.5538789], [-121.8612597, 37.5548235], [-121.8613959, 37.5552825], [-121.8618265, 37.5554794], [-121.8622957, 37.5556821], [-121.8627071, 37.5560369], [-121.8630661, 37.556406], [-121.8633464, 37.5568332], [-121.8635637, 37.5573096], [-121.8638899, 37.5576538], [-121.8642685, 37.5577396], [-121.8647101, 37.5576991], [-121.8652565, 37.5579695], [-121.8654082, 37.5582657], [-121.8652247, 37.5586369], [-121.8652583, 37.5588825], [-121.8654531, 37.5592676], [-121.8657409, 37.5598175], [-121.8675066, 37.5613149], [-121.8705849, 37.5641995], [-121.8717832, 37.5663345], [-121.8722484, 37.5670981], [-121.8730915, 37.5693931], [-121.8732799, 37.5703608], [-121.8732867, 37.5713409], [-121.8730365, 37.5726782], [-121.872779, 37.5734928], [-121.8727947, 37.5741421], [-121.8727685, 37.5747477], [-121.8729524, 37.5752195], [-121.8731762, 37.5755331]]}}, {"type": "Feature", "properties": {"waterway": "river", "name": "Lake Merritt-Oakland Estuary Channel"}, "geometry": {"type": "LineString", "coordinates": [[-122.2596593, 37.7960922], [-122.2598545, 37.7956951], [-122.2600436, 37.7954457], [-122.2608058, 37.7952797], [-122.261152, 37.7950996], [-122.2612002, 37.7945761], [-122.2611103, 37.7942362], [-122.2611285, 37.7940605], [-122.2612607, 37.7939295], [-122.261539, 37.793625], [-122.2616997, 37.7934176], [-122.2617611, 37.7930194], [-122.2620689, 37.7923722], [-122.2625313, 37.7917413], [-122.2628532, 37.7914319], [-122.262936, 37.7912291], [-122.2631644, 37.7909611], [-122.2640323, 37.7907999]]}}, {"type": "Feature", "properties": {"waterway": "river", "name": "Alameda Creek"}, "geometry": {"type": "LineString", "coordinates": [[-121.9246984, 37.5986234], [-121.9248475, 37.5986327], [-121.9249907, 37.5986367], [-121.9252801, 37.5986856], [-121.9255481, 37.5986343], [-121.9257999, 37.5985731], [-121.9263058, 37.5984036], [-121.9265816, 37.5982433], [-121.9268938, 37.5980162], [-121.9270484, 37.5978419], [-121.9273177, 37.5975623], [-121.927634, 37.5971893], [-121.9277631, 37.5970252], [-121.9280003, 37.5968166], [-121.9281924, 37.5965882], [-121.9284243, 37.5965531], [-121.9285822, 37.5964129], [-121.9288039, 37.5962863], [-121.929246, 37.5960972], [-121.9295361, 37.5960078], [-121.9299055, 37.5959264], [-121.9301351, 37.5958385], [-121.9304297, 37.5957578], [-121.9307116, 37.5955666], [-121.9308186, 37.5954911], [-121.9310017, 37.5953331], [-121.9310586, 37.5952755], [-121.9311415, 37.5951534], [-121.931346, 37.5948137], [-121.9315325, 37.5943935], [-121.9314763, 37.594273], [-121.9314991, 37.5941509], [-121.9316701, 37.5938184], [-121.9317185, 37.5937458], [-121.9317651, 37.593651], [-121.9318203, 37.5935563], [-121.9319983, 37.5933071], [-121.9321759, 37.593103], [-121.9322725, 37.5929492], [-121.932535, 37.592625]]}}, {"type": "Feature", "properties": {"waterway": "canal", "name": ""}, "geometry": {"type": "LineString", "coordinates": [[-122.1060613, 37.5769684], [-122.1062978, 37.5769554], [-122.106491, 37.5768619], [-122.106912, 37.5766475], [-122.1070983, 37.576543], [-122.1072225, 37.5764496], [-122.107533, 37.576076], [-122.1076434, 37.5759441], [-122.1077468, 37.5758616], [-122.1079193, 37.5756968], [-122.1080366, 37.5755593], [-122.1081124, 37.575389], [-122.10814, 37.5752845]]}}, {"type": "Feature", "properties": {"waterway": "canal", "name": ""}, "geometry": {"type": "LineString", "coordinates": [[-122.1525392, 37.6400717], [-122.151275, 37.6399724], [-122.1506601, 37.6398403], [-122.1503078, 37.6397358], [-122.1499678, 37.6396236]]}}, {"type": "Feature", "properties": {"waterway": "river", "name": "Mud Slough"}, "geometry": {"type": "LineString", "coordinates": [[-121.9672732, 37.4678106], [-121.9677049, 37.4677923], [-121.9681333, 37.4677983], [-121.9687762, 37.4678079], [-121.9691891, 37.4678001], [-121.9703699, 37.4678868], [-121.9710825, 37.4679876], [-121.9715714, 37.4681127], [-121.9721291, 37.4682949], [-121.9730175, 37.4686373], [-121.973696, 37.4690112], [-121.9744133, 37.4694225], [-121.9751027, 37.4698251], [-121.9756809, 37.4701554], [-121.9762413, 37.4703945], [-121.9767461, 37.4705568], [-121.9773793, 37.4706675], [-121.9779635, 37.4706751], [-121.9785006, 37.4706476], [-121.9788701, 37.4705961], [-121.9794315, 37.4704601], [-121.9801506, 37.470216], [-121.9808301, 37.4698254], [-121.9813726, 37.4693823], [-121.9818726, 37.4688926], [-121.9822816, 37.4683693], [-121.9825891, 37.4678264], [-121.9828583, 37.4674975], [-121.983382, 37.4668512], [-121.9836513, 37.4665557], [-121.9841232, 37.4661071], [-121.984734, 37.4657226], [-121.9852676, 37.4654858], [-121.9857104, 37.4653286], [-121.9861078, 37.4652095], [-121.9863655, 37.4651605], [-121.9868284, 37.4650772], [-121.9876304, 37.4650105], [-121.9884342, 37.4650938], [-121.9886311, 37.4651491]]}}, {"type": "Feature", "properties": {"waterway": "canal", "name": ""}, "geometry": {"type": "LineString", "coordinates": [[-122.1330235, 37.624688], [-122.1328576, 37.6247374], [-122.1326918, 37.6248087]]}}, {"type": "Feature", "properties": {"waterway": "river", "name": "Alameda Creek"}, "geometry": {"type": "LineString", "coordinates": [[-122.0455363, 37.5872032], [-122.045809, 37.5870977], [-122.046534, 37.5867847], [-122.0476733, 37.5861202], [-122.0479081, 37.5860048], [-122.0482533, 37.585818], [-122.0485779, 37.5856038], [-122.0489853, 37.5851754], [-122.0498071, 37.5841261], [-122.0508704, 37.5828736], [-122.0510915, 37.5826373], [-122.0514437, 37.5822089], [-122.0517092, 37.5817963], [-122.0522101, 37.5811485], [-122.0526245, 37.5805442], [-122.0528386, 37.5803355], [-122.0532425, 37.5802931], [-122.0535314, 37.5800866], [-122.0541405, 37.579589], [-122.0546205, 37.5792639], [-122.0553701, 37.5788145], [-122.0557925, 37.5785863], [-122.0561689, 37.5783562], [-122.0567549, 37.5780309], [-122.0572509, 37.5776316], [-122.0577612, 37.5772203], [-122.0581784, 37.5768268], [-122.0586876, 37.5762469], [-122.0585212, 37.575891], [-122.0588366, 37.5754812], [-122.0596485, 37.5745595], [-122.0605019, 37.5736497], [-122.0612201, 37.5729249], [-122.0613569, 37.5725237], [-122.0616788, 37.5723093], [-122.0626625, 37.5713478], [-122.0638084, 37.5700071], [-122.0649008, 37.5687301], [-122.0650791, 37.5685128], [-122.0652629, 37.5682479], [-122.0658314, 37.5675605], [-122.0666281, 37.5665308], [-122.0670949, 37.5660996], [-122.0672695, 37.5659675], [-122.0675909, 37.5657217], [-122.0677612, 37.565561], [-122.0688622, 37.5643178], [-122.0697304, 37.5636393], [-122.0700825, 37.5634525], [-122.0708391, 37.5631048], [-122.0728582, 37.5625639]]}}, {"type": "Feature", "properties": {"waterway": "canal", "name": ""}, "geometry": {"type": "LineString", "coordinates": [[-122.0976811, 37.6055991], [-122.0987653, 37.6055879], [-122.0998841, 37.6055875], [-122.1001396, 37.6055874], [-122.1003122, 37.6055434], [-122.1005263, 37.6054994], [-122.1007541, 37.6054224], [-122.1009543, 37.6053234]]}}, {"type": "Feature", "properties": {"waterway": "canal", "name": ""}, "geometry": {"type": "LineString", "coordinates": [[-122.1390054, 37.6249324], [-122.1389507, 37.6240094], [-122.1380391, 37.6237508], [-122.136036, 37.623695], [-122.1343708, 37.624304], [-122.1330235, 37.624688]]}}, {"type": "Feature", "properties": {"waterway": "canal", "name": ""}, "geometry": {"type": "LineString", "coordinates": [[-122.1073967, 37.5798583], [-122.1074454, 37.579801], [-122.107466, 37.5796966], [-122.1075074, 37.5796032], [-122.1074865, 37.5792296], [-122.1074242, 37.5789659], [-122.1073482, 37.5788341]]}}, {"type": "Feature", "properties": {"waterway": "canal", "name": ""}, "geometry": {"type": "LineString", "coordinates": [[-122.1348331, 37.6249361], [-122.1347728, 37.6249999], [-122.1347037, 37.6250493], [-122.1346208, 37.6250768], [-122.1345449, 37.6250657], [-122.1344551, 37.6250108]]}}, {"type": "Feature", "properties": {"waterway": "canal", "name": ""}, "geometry": {"type": "LineString", "coordinates": [[-122.1095677, 37.6278011], [-122.1062778, 37.6249343]]}}, {"type": "Feature", "properties": {"waterway": "river", "name": "Arroyo de la Laguna"}, "geometry": {"type": "LineString", "coordinates": [[-121.8781457, 37.6117874], [-121.8775708, 37.6114594], [-121.8772042, 37.6112324], [-121.8771135, 37.6110361], [-121.87717, 37.6104552], [-121.8772701, 37.6102963], [-121.877405, 37.6102923], [-121.8776572, 37.6104196], [-121.8779334, 37.6104728], [-121.8781668, 37.6103984], [-121.8783411, 37.6101647], [-121.878317, 37.6100074], [-121.8783568, 37.6098494], [-121.8782285, 37.6095209], [-121.8779474, 37.6092216], [-121.8776869, 37.609089], [-121.8772884, 37.6090178], [-121.8770538, 37.6090649], [-121.8769303, 37.6091214], [-121.8767586, 37.6090619], [-121.8765917, 37.6087949], [-121.8764743, 37.6086242], [-121.8763027, 37.6084967], [-121.8761837, 37.6080382], [-121.8759543, 37.6078434], [-121.8757389, 37.6076094], [-121.8756128, 37.6074682], [-121.8754735, 37.6072935]]}}, {"type": "Feature", "properties": {"waterway": "canal", "name": "Bockman Canal"}, "geometry": {"type": "LineString", "coordinates": [[-122.1424197, 37.6690739], [-122.1426151, 37.6689542], [-122.1468683, 37.6669503], [-122.1469251, 37.6669235], [-122.1470138, 37.6668697], [-122.1472566, 37.6667799], [-122.1479694, 37.6665441], [-122.1503181, 37.6658322], [-122.1505149, 37.6657899], [-122.1506859, 37.6657757], [-122.1579783, 37.6658105], [-122.1603521, 37.6657864], [-122.1606705, 37.665822], [-122.1608192, 37.6658076]]}}, {"type": "Feature", "properties": {"waterway": "canal", "name": ""}, "geometry": {"type": "LineString", "coordinates": [[-122.134358, 37.6254997], [-122.134358, 37.6255272], [-122.1344453, 37.6289776], [-122.1344452, 37.6291588]]}}, {"type": "Feature", "properties": {"waterway": "canal", "name": ""}, "geometry": {"type": "LineString", "coordinates": [[-122.0856113, 37.5325936], [-122.0853392, 37.5325377], [-122.0844989, 37.5323795], [-122.08385, 37.5323363], [-122.083042, 37.5323155], [-122.0825463, 37.5323235], [-122.082109, 37.5323075], [-122.081577, 37.5323027], [-122.0809503, 37.5323091], [-122.0804761, 37.5323362], [-122.080109, 37.532551], [-122.0796583, 37.5328557], [-122.0788333, 37.533426], [-122.0785275, 37.5336427]]}}, {"type": "Feature", "properties": {"waterway": "river", "name": "Alameda Creek"}, "geometry": {"type": "LineString", "coordinates": [[-121.8511368, 37.5300043], [-121.8516889, 37.5306634], [-121.8517719, 37.5308337], [-121.8518823, 37.5311194], [-121.8520065, 37.5319723]]}}, {"type": "Feature", "properties": {"waterway": "canal", "name": ""}, "geometry": {"type": "LineString", "coordinates": [[-122.1260734, 37.5995334], [-122.1259284, 37.5995775], [-122.1257075, 37.5996105], [-122.1255141, 37.5996381], [-122.1253416, 37.5996711], [-122.1252311, 37.5997316], [-122.1251484, 37.599858]]}}, {"type": "Feature", "properties": {"waterway": "canal", "name": ""}, "geometry": {"type": "LineString", "coordinates": [[-122.1058201, 37.5618137], [-122.106973, 37.5622693], [-122.107477, 37.5624834], [-122.1075667, 37.5625163], [-122.107622, 37.5625713], [-122.1081054, 37.563137]]}}, {"type": "Feature", "properties": {"waterway": "canal", "name": ""}, "geometry": {"type": "LineString", "coordinates": [[-122.1356692, 37.6247112], [-122.135524, 37.6247605], [-122.1353789, 37.6247989], [-122.1351164, 37.6247988], [-122.1349438, 37.6248097], [-122.134847, 37.6248591], [-122.1348331, 37.6249361]]}}, {"type": "Feature", "properties": {"waterway": "canal", "name": ""}, "geometry": {"type": "LineString", "coordinates": [[-122.0972213, 37.6171327], [-122.0971549, 37.6170172], [-122.0970437, 37.6169366], [-122.0965185, 37.616513], [-122.0962385, 37.6162751], [-122.0945563, 37.6148904], [-122.0932228, 37.6137206], [-122.0931261, 37.6135997], [-122.0930501, 37.6135063], [-122.0930845, 37.6133635], [-122.093195, 37.613259]]}}, {"type": "Feature", "properties": {"waterway": "canal", "name": ""}, "geometry": {"type": "LineString", "coordinates": [[-122.1040585, 37.5983669], [-122.1045418, 37.5983613], [-122.1066687, 37.5983551]]}}, {"type": "Feature", "properties": {"waterway": "river", "name": "Arroyo de la Laguna"}, "geometry": {"type": "LineString", "coordinates": [[-121.88364, 37.6294568], [-121.8835322, 37.6293672], [-121.883481, 37.6292442], [-121.8834291, 37.6290733], [-121.8834212, 37.6289625], [-121.8835178, 37.6288934], [-121.8838369, 37.6288558], [-121.8842227, 37.6286475], [-121.8842501, 37.6284885], [-121.8840844, 37.6282281], [-121.8837404, 37.6279683], [-121.8834586, 37.6276545], [-121.8830293, 37.6271525], [-121.8828326, 37.6269955], [-121.882692, 37.6268406], [-121.8826567, 37.6267543], [-121.8826258, 37.6264192], [-121.8825835, 37.6260222], [-121.8826189, 37.6257182], [-121.8826634, 37.6253454], [-121.8827215, 37.6252279], [-121.8827452, 37.6251683], [-121.8827495, 37.6251172], [-121.8827194, 37.625078], [-121.8825922, 37.6249351], [-121.8825622, 37.6248047], [-121.882507, 37.6246454], [-121.8824726, 37.6246235], [-121.882445, 37.6245905], [-121.8824174, 37.6245245], [-121.8822176, 37.6238816], [-121.8822038, 37.6237992], [-121.8822039, 37.6236069], [-121.8822387, 37.6234147], [-121.8822664, 37.6233432], [-121.8822802, 37.6232663], [-121.882301, 37.6232499], [-121.8823494, 37.6231235], [-121.8825639, 37.6227172], [-121.8825916, 37.6225908], [-121.882668, 37.6220579], [-121.8827373, 37.6218217], [-121.8827928, 37.621569], [-121.8827244, 37.6207174], [-121.8826241, 37.6204998], [-121.8824329, 37.6200151], [-121.8823943, 37.6195766], [-121.8825044, 37.6193328], [-121.882562, 37.6191556], [-121.8824988, 37.6189756], [-121.8824347, 37.6188704], [-121.8823538, 37.6187408], [-121.8822792, 37.6186406], [-121.8822194, 37.6185659], [-121.8821331, 37.6184523], [-121.8819553, 37.6182926], [-121.8815112, 37.6175358], [-121.8814767, 37.6174479], [-121.8814216, 37.6173312], [-121.8813324, 37.6172092], [-121.8811013, 37.6170304], [-121.8810851, 37.6169037], [-121.8812701, 37.6166131], [-121.8817738, 37.6162153], [-121.8818853, 37.6161405], [-121.8819413, 37.6158649], [-121.881912, 37.6156961], [-121.8817868, 37.6154636], [-121.8817158, 37.6153026], [-121.8814431, 37.6150282], [-121.8810394, 37.6147732], [-121.8807659, 37.6145629], [-121.8806469, 37.6142414], [-121.8806002, 37.6139776], [-121.8801698, 37.613697], [-121.8797788, 37.613441], [-121.8796677, 37.6130968], [-121.8795393, 37.6127054], [-121.8794533, 37.6125866], [-121.8793246, 37.6124829], [-121.8787837, 37.61206], [-121.8781457, 37.6117874]]}}, {"type": "Feature", "properties": {"waterway": "canal", "name": ""}, "geometry": {"type": "LineString", "coordinates": [[-122.1142686, 37.6046703], [-122.1145862, 37.6046098], [-122.1148694, 37.6045328], [-122.1151109, 37.6043954], [-122.1153803, 37.6042963]]}}, {"type": "Feature", "properties": {"waterway": "canal", "name": ""}, "geometry": {"type": "LineString", "coordinates": [[-122.1142686, 37.6046703], [-122.1143858, 37.6044011], [-122.1144962, 37.6042253], [-122.1145997, 37.6040384], [-122.1146687, 37.6038406], [-122.1147306, 37.6036098], [-122.1147926, 37.6034176], [-122.1149858, 37.6030714], [-122.1151237, 37.6028241], [-122.1151788, 37.6026262], [-122.1152339, 37.6024834], [-122.1153236, 37.602335], [-122.1153925, 37.6021426], [-122.1154407, 37.6018789], [-122.1154267, 37.6016921], [-122.1154405, 37.6015438], [-122.1154818, 37.6013789], [-122.1154679, 37.6011921], [-122.1154953, 37.6008569], [-122.1155088, 37.6004339], [-122.1155223, 37.6000273], [-122.1155357, 37.5994175], [-122.1155354, 37.5989834], [-122.1155489, 37.5984944], [-122.1155624, 37.5981153], [-122.1155622, 37.5978186], [-122.1155828, 37.5975989], [-122.11541, 37.5973573], [-122.1151129, 37.5970552], [-122.1147675, 37.5967642], [-122.1141663, 37.596248], [-122.1135929, 37.5957812], [-122.1133166, 37.595589], [-122.1130886, 37.5953528], [-122.1127017, 37.5951332], [-122.1124807, 37.5950399], [-122.1122529, 37.5950126], [-122.111949, 37.5950071], [-122.1116797, 37.5950018], [-122.1113276, 37.5950239], [-122.1109892, 37.5949801], [-122.1106785, 37.5949857], [-122.1103954, 37.5949693], [-122.1101883, 37.5949803], [-122.1100295, 37.5949804], [-122.1098845, 37.594942], [-122.1094425, 37.5949038], [-122.1089383, 37.594739], [-122.1087311, 37.5946842], [-122.1083996, 37.5945964], [-122.1080958, 37.594569], [-122.1079163, 37.5946075]]}}, {"type": "Feature", "properties": {"waterway": "river", "name": "Alameda Creek"}, "geometry": {"type": "LineString", "coordinates": [[-121.9477668, 37.5977621], [-121.9481431, 37.5977651], [-121.9484781, 37.5978225], [-121.9491618, 37.5978962], [-121.949424, 37.5979043], [-121.949935, 37.5978958], [-121.9501422, 37.5978673], [-121.9504979, 37.5977924], [-121.9506687, 37.5977335], [-121.9509343, 37.5976622], [-121.9514384, 37.5974202], [-121.9517508, 37.5971915], [-121.952053, 37.5968177], [-121.9521556, 37.596623], [-121.9522324, 37.5963586], [-121.9523601, 37.5962523], [-121.952422, 37.5960472], [-121.9526145, 37.5957917], [-121.9527691, 37.5956215], [-121.9529935, 37.5953785], [-121.9531279, 37.5951575], [-121.9532655, 37.5949859], [-121.9534614, 37.5947867], [-121.9535957, 37.5945939], [-121.9537794, 37.5943618], [-121.9542462, 37.5939685], [-121.9546637, 37.5935825], [-121.9548316, 37.593347], [-121.9549264, 37.5931745], [-121.9553047, 37.5927906], [-121.9556298, 37.5925359], [-121.9558968, 37.5922257], [-121.9561743, 37.5919673], [-121.9563158, 37.5917911], [-121.9564003, 37.5916541], [-121.9565107, 37.5915089], [-121.9566177, 37.5913535], [-121.9567989, 37.5911597], [-121.9569439, 37.5909525], [-121.9571077, 37.5906561], [-121.9571788, 37.5903305], [-121.9571819, 37.5900847], [-121.9571629, 37.5899721], [-121.9570938, 37.5898719], [-121.9571146, 37.5897895], [-121.9572094, 37.5896686], [-121.9573147, 37.5895212], [-121.9574615, 37.5893382], [-121.9575873, 37.5891943], [-121.9576961, 37.5890248], [-121.9577772, 37.5888841], [-121.9578291, 37.5887345], [-121.9579136, 37.5885616], [-121.9583402, 37.5882081], [-121.9586585, 37.5880051], [-121.959025, 37.5878594], [-121.9594287, 37.5876875], [-121.9597859, 37.5875031], [-121.9599034, 37.5874481], [-121.9600447, 37.5873576], [-121.9604588, 37.587134], [-121.9607507, 37.5870417], [-121.9612218, 37.5868928], [-121.9614444, 37.5868022], [-121.9615307, 37.5867531], [-121.9617293, 37.5866557], [-121.9619588, 37.5865678]]}}, {"type": "Feature", "properties": {"waterway": "canal", "name": ""}, "geometry": {"type": "LineString", "coordinates": [[-122.1499678, 37.6396236], [-122.1490783, 37.6391255]]}}, {"type": "Feature", "properties": {"waterway": "river", "name": "Alameda Creek"}, "geometry": {"type": "LineString", "coordinates": [[-121.9018501, 37.5945414], [-121.902356, 37.5948777], [-121.9027025, 37.5950095], [-121.903134, 37.5952241], [-121.9037821, 37.5953807], [-121.9041189, 37.5954342], [-121.9043216, 37.5954424], [-121.9044972, 37.5954281], [-121.9046461, 37.595372], [-121.9050881, 37.5952732], [-121.9052159, 37.5952089], [-121.9054726, 37.5951621], [-121.9057095, 37.5951205], [-121.9059517, 37.5951361], [-121.9061665, 37.5950652], [-121.9063603, 37.5949745], [-121.9066684, 37.5949741], [-121.9068521, 37.5950379], [-121.9070642, 37.5949894], [-121.9073613, 37.5948647], [-121.907695, 37.5947061], [-121.9078439, 37.5946236], [-121.9080484, 37.5945148], [-121.9082835, 37.5943797], [-121.9083616, 37.594265], [-121.9087896, 37.5941096], [-121.9089119, 37.5940236], [-121.909124, 37.5939006], [-121.9092917, 37.593801], [-121.9094912, 37.5937642], [-121.9096685, 37.5937402], [-121.909784, 37.5936758], [-121.9099152, 37.5936045], [-121.9105657, 37.5933187], [-121.910802, 37.5931116], [-121.9112073, 37.5929637], [-121.9114529, 37.5928979], [-121.9116829, 37.5928245], [-121.9120109, 37.5927612], [-121.9124775, 37.5928686], [-121.9127847, 37.5929268], [-121.9132258, 37.5929662], [-121.9135897, 37.5930208], [-121.913871, 37.5930758], [-121.9144981, 37.5932702], [-121.9146316, 37.5933185], [-121.914783, 37.5934669], [-121.9148741, 37.5935301], [-121.9150099, 37.5936778], [-121.9151706, 37.5937898], [-121.9153284, 37.5938417], [-121.9153957, 37.593889], [-121.9154984, 37.5939216], [-121.9156168, 37.593924], [-121.9160398, 37.5939692], [-121.9164067, 37.594053], [-121.9165265, 37.5940868], [-121.9167686, 37.5941716], [-121.9170306, 37.5942779], [-121.9174133, 37.5944907], [-121.917419, 37.5944967]]}}, {"type": "Feature", "properties": {"waterway": "canal", "name": ""}, "geometry": {"type": "LineString", "coordinates": [[-122.1479085, 37.6316682], [-122.1479593, 37.6317147], [-122.1480306, 37.631833], [-122.1480736, 37.6319482], [-122.1480894, 37.6320674], [-122.1480779, 37.6321334], [-122.1480435, 37.6322577], [-122.1480114, 37.6323355], [-122.1479725, 37.6324968], [-122.1479848, 37.6326567], [-122.1479574, 37.632892], [-122.1479227, 37.6330752], [-122.1478891, 37.6332803]]}}, {"type": "Feature", "properties": {"waterway": "canal", "name": ""}, "geometry": {"type": "LineString", "coordinates": [[-122.0898789, 37.5890032], [-122.0914945, 37.5890523]]}}, {"type": "Feature", "properties": {"waterway": "canal", "name": ""}, "geometry": {"type": "LineString", "coordinates": [[-122.1066687, 37.5983551], [-122.1066894, 37.598388], [-122.106793, 37.5984484], [-122.1069794, 37.5985033], [-122.1072419, 37.5985087], [-122.1079739, 37.5985908], [-122.1084227, 37.5986291], [-122.108554, 37.5986346], [-122.1086576, 37.5986291], [-122.1087611, 37.5986564], [-122.1088716, 37.598673], [-122.1090373, 37.5986893], [-122.1091892, 37.5986838], [-122.1093136, 37.5986838], [-122.1095691, 37.5987166], [-122.1098454, 37.5988319], [-122.1099904, 37.5989637]]}}, {"type": "Feature", "properties": {"waterway": "canal", "name": ""}, "geometry": {"type": "LineString", "coordinates": [[-122.0929623, 37.6000017], [-122.0938255, 37.5999631], [-122.0946886, 37.599919], [-122.0953032, 37.5999078], [-122.095469, 37.5998913], [-122.0955518, 37.5998474], [-122.0955933, 37.5998253], [-122.0957796, 37.5995286]]}}, {"type": "Feature", "properties": {"waterway": "river", "name": "Arroyo de la Laguna"}, "geometry": {"type": "LineString", "coordinates": [[-121.9066757, 37.6616711], [-121.9067782, 37.6615269], [-121.9069166, 37.6612036], [-121.9069808, 37.6609648], [-121.9070133, 37.6608683], [-121.9070794, 37.6606783], [-121.9070952, 37.6605272], [-121.9070824, 37.6603989], [-121.9070252, 37.6602109], [-121.9069157, 37.6599615], [-121.9068371, 37.6597224], [-121.9068354, 37.659716], [-121.9067082, 37.6594291], [-121.9065499, 37.6591589], [-121.9064793, 37.6591306], [-121.9064342, 37.6590718], [-121.906358, 37.6589319], [-121.9063484, 37.6587865], [-121.9063574, 37.6587032], [-121.90636, 37.6586799], [-121.9062126, 37.6583021], [-121.9060161, 37.6576952], [-121.9058931, 37.6573896], [-121.905651, 37.656842], [-121.9055302, 37.6563558], [-121.905449, 37.6560898], [-121.9053227, 37.6557765], [-121.9051856, 37.6555231], [-121.9050593, 37.655322], [-121.9049614, 37.6550649], [-121.9049358, 37.654805], [-121.904963, 37.6544703], [-121.9049353, 37.6540917], [-121.9048401, 37.6537783], [-121.9047475, 37.6535174], [-121.9047002, 37.6532673], [-121.9046469, 37.6531242], [-121.9045629, 37.6530454], [-121.9044256, 37.6529749], [-121.9042899, 37.6529398], [-121.904127, 37.652896], [-121.9039379, 37.6528234], [-121.9037669, 37.6527663], [-121.9036147, 37.6527141], [-121.9034846, 37.6526302], [-121.9033082, 37.6524566], [-121.9031423, 37.6522726], [-121.903032, 37.6521095], [-121.9029745, 37.6520064], [-121.9029343, 37.6518273], [-121.90291, 37.6516655], [-121.9028664, 37.6515727], [-121.9026725, 37.6513595], [-121.9024786, 37.6510899], [-121.9023513, 37.6508872], [-121.9022059, 37.6506328], [-121.9021042, 37.6504571], [-121.9020666, 37.6503818], [-121.9020129, 37.6503234], [-121.9019391, 37.6502815], [-121.901876, 37.6502208], [-121.9018055, 37.6501692], [-121.9017269, 37.6501475], [-121.9016269, 37.6501258], [-121.9015599, 37.6500824], [-121.9015118, 37.6500057], [-121.9014894, 37.6499315], [-121.9014542, 37.6498895], [-121.9013815, 37.6498506], [-121.9012917, 37.6498155], [-121.9012245, 37.6497584], [-121.9011442, 37.6496334], [-121.9010129, 37.6494633], [-121.9008484, 37.6492957], [-121.9007214, 37.6491959], [-121.9005616, 37.6490294], [-121.9004765, 37.6489264], [-121.9003747, 37.6487807], [-121.9001782, 37.6485329], [-121.9000491, 37.6483451], [-121.8999597, 37.6481722], [-121.8998337, 37.6480007], [-121.8996124, 37.6477802], [-121.8991787, 37.6474877], [-121.8989757, 37.6473281], [-121.8988983, 37.6472054], [-121.8988742, 37.647083], [-121.8989013, 37.6469238], [-121.8990184, 37.6466422], [-121.8991291, 37.6463911], [-121.8991737, 37.6461758], [-121.8991875, 37.6459535], [-121.8991747, 37.6457659], [-121.8990703, 37.6455528], [-121.8988893, 37.6453241], [-121.8986712, 37.6451315], [-121.8985156, 37.644916], [-121.8983992, 37.6446599], [-121.8983306, 37.6444507], [-121.8982598, 37.644226], [-121.8981433, 37.6440151], [-121.8980361, 37.6438687], [-121.8979364, 37.6435824], [-121.8979234, 37.6434393], [-121.8978357, 37.643289], [-121.897643, 37.643093], [-121.8974547, 37.6429224], [-121.8971906, 37.6428144], [-121.8971038, 37.6427171], [-121.8970136, 37.6425437], [-121.8968471, 37.642341], [-121.8965622, 37.6420903], [-121.8963434, 37.6419397], [-121.8960483, 37.6417628], [-121.8959229, 37.641625], [-121.895862, 37.6414525]]}}, {"type": "Feature", "properties": {"waterway": "canal", "name": ""}, "geometry": {"type": "LineString", "coordinates": [[-122.1797908, 37.488136], [-122.1796321, 37.4884986], [-122.1795769, 37.4886744], [-122.1794618, 37.4893063], [-122.179274, 37.4897271], [-122.1791422, 37.4902512]]}}, {"type": "Feature", "properties": {"waterway": "canal", "name": ""}, "geometry": {"type": "LineString", "coordinates": [[-122.0841131, 37.5327899], [-122.0840422, 37.5326883], [-122.0838628, 37.5325508], [-122.083474, 37.5324116], [-122.083042, 37.5323155]]}}, {"type": "Feature", "properties": {"waterway": "canal", "name": ""}, "geometry": {"type": "LineString", "coordinates": [[-122.0785275, 37.5336427], [-122.078363, 37.5335449], [-122.0781504, 37.5333941]]}}, {"type": "Feature", "properties": {"waterway": "canal", "name": ""}, "geometry": {"type": "LineString", "coordinates": [[-122.134358, 37.6254997], [-122.1378179, 37.6269353]]}}, {"type": "Feature", "properties": {"waterway": "river", "name": "Arroyo de la Laguna"}, "geometry": {"type": "LineString", "coordinates": [[-121.8844054, 37.5946649], [-121.8843515, 37.5946385]]}}, {"type": "Feature", "properties": {"waterway": "canal", "name": ""}, "geometry": {"type": "LineString", "coordinates": [[-122.0874574, 37.532154], [-122.0856198, 37.53215], [-122.0853055, 37.5321179], [-122.0849717, 37.5320785], [-122.0847327, 37.5320592], [-122.0844508, 37.5320071], [-122.0841603, 37.531988], [-122.083937, 37.5319702], [-122.0827995, 37.5319135], [-122.0814318, 37.5318705], [-122.080879, 37.5318569], [-122.0806556, 37.5318692], [-122.0804537, 37.5319191], [-122.0802434, 37.5319958], [-122.0801071, 37.5320735], [-122.0799546, 37.532151], [-122.0797262, 37.5322965], [-122.0790309, 37.5326992], [-122.078306, 37.5332825]]}}, {"type": "Feature", "properties": {"waterway": "river", "name": "Alameda Creek"}, "geometry": {"type": "LineString", "coordinates": [[-121.852845, 37.5348436], [-121.8530086, 37.5348754], [-121.8533113, 37.5349441], [-121.8537046, 37.5350788]]}}, {"type": "Feature", "properties": {"waterway": "canal", "name": ""}, "geometry": {"type": "LineString", "coordinates": [[-122.1206321, 37.5996515], [-122.1208323, 37.5996404], [-122.1211223, 37.5996733], [-122.121592, 37.5998048], [-122.1221583, 37.5999035], [-122.1228421, 37.6000186], [-122.1233807, 37.6000347], [-122.1238434, 37.6000126], [-122.124237, 37.5999684], [-122.1245684, 37.5998968], [-122.1248376, 37.5998253], [-122.1250448, 37.5998416], [-122.1251484, 37.599858]]}}, {"type": "Feature", "properties": {"waterway": "canal", "name": ""}, "geometry": {"type": "LineString", "coordinates": [[-122.1326918, 37.6248087], [-122.1323947, 37.6249349]]}}, {"type": "Feature", "properties": {"waterway": "canal", "name": ""}, "geometry": {"type": "LineString", "coordinates": [[-122.1481704, 37.6309229], [-122.1480668, 37.6310325], [-122.1480321, 37.6311097], [-122.1480222, 37.6311836], [-122.1480288, 37.631251], [-122.1480482, 37.6313209], [-122.1480578, 37.6313753], [-122.1480476, 37.6314451], [-122.1480139, 37.6314966], [-122.147977, 37.6315377], [-122.1479198, 37.6316479], [-122.1479085, 37.6316682]]}}, {"type": "Feature", "properties": {"waterway": "canal", "name": ""}, "geometry": {"type": "LineString", "coordinates": [[-122.10814, 37.5752845], [-122.1081468, 37.5752736], [-122.1082707, 37.5743725], [-122.1087804, 37.5724823]]}}, {"type": "Feature", "properties": {"waterway": "canal", "name": ""}, "geometry": {"type": "LineString", "coordinates": [[-122.102292, 37.6009278], [-122.1023955, 37.6006805], [-122.1024506, 37.6004661], [-122.1024851, 37.6003014], [-122.1025333, 37.6002189], [-122.102699, 37.6000101], [-122.1027748, 37.5999166], [-122.1029474, 37.5996914], [-122.1031061, 37.599499], [-122.1032787, 37.5993451], [-122.103396, 37.5992627], [-122.1035272, 37.5992406], [-122.1036998, 37.5991582], [-122.1038102, 37.5989823], [-122.1039344, 37.5987185], [-122.1040516, 37.5984164], [-122.1040585, 37.5983669]]}}, {"type": "Feature", "properties": {"waterway": "river", "name": "Colma Creek"}, "geometry": {"type": "LineString", "coordinates": [[-122.4189478, 37.6516896], [-122.4187735, 37.6516806], [-122.4186886, 37.6516505], [-122.4185272, 37.6515518], [-122.4179963, 37.6514268], [-122.4174853, 37.6513747], [-122.4170716, 37.6512931], [-122.4169069, 37.6512938], [-122.4164098, 37.6511388], [-122.4150405, 37.650866], [-122.4124585, 37.650261], [-122.4115379, 37.6501404], [-122.4108127, 37.6498752], [-122.4105236, 37.6497188]]}}, {"type": "Feature", "properties": {"waterway": "canal", "name": ""}, "geometry": {"type": "LineString", "coordinates": [[-122.0842465, 37.5679781], [-122.0843052, 37.5679009], [-122.084343, 37.5678518], [-122.0845155, 37.5676815], [-122.0846674, 37.5675771], [-122.0848537, 37.5674397], [-122.0851781, 37.5672144], [-122.0856611, 37.5669011], [-122.0859095, 37.5667253], [-122.0861926, 37.566434], [-122.0864617, 37.5661647], [-122.0866066, 37.5660329], [-122.0867653, 37.5658955], [-122.086993, 37.5657086], [-122.087207, 37.5655273], [-122.0874692, 37.5652525], [-122.0877175, 37.5649777], [-122.0879314, 37.5647469], [-122.0880625, 37.5646261], [-122.088235, 37.5645051], [-122.0884076, 37.5644117], [-122.0886353, 37.5643402], [-122.0889665, 37.5643016], [-122.0891598, 37.5642852]]}}, {"type": "Feature", "properties": {"waterway": "canal", "name": ""}, "geometry": {"type": "LineString", "coordinates": [[-122.1250975, 37.4626821], [-122.125999, 37.4656778], [-122.126076, 37.4660043]]}}, {"type": "Feature", "properties": {"waterway": "canal", "name": ""}, "geometry": {"type": "LineString", "coordinates": [[-122.0976313, 37.6018301], [-122.0976103, 37.6015444], [-122.0976654, 37.6009566], [-122.0976791, 37.6007423], [-122.097672, 37.6004896], [-122.0976582, 37.6003413], [-122.0976927, 37.6002863], [-122.0978031, 37.6002533], [-122.0980932, 37.6002587], [-122.0982934, 37.6002641], [-122.0986457, 37.600341], [-122.0989978, 37.6004013], [-122.0993431, 37.6004836], [-122.0995779, 37.600533], [-122.0997023, 37.6006044], [-122.0998197, 37.6006758], [-122.0999303, 37.6007856], [-122.100096, 37.600868], [-122.1003377, 37.6009393], [-122.1005173, 37.6009613], [-122.1007106, 37.6009777], [-122.1009316, 37.6009556], [-122.1011733, 37.6009556], [-122.1014082, 37.6009665], [-122.1017327, 37.6009664], [-122.1019951, 37.6009553], [-122.1022022, 37.6009333], [-122.102292, 37.6009278]]}}, {"type": "Feature", "properties": {"waterway": "canal", "name": ""}, "geometry": {"type": "LineString", "coordinates": [[-122.0903367, 37.6053569], [-122.0909547, 37.6055787], [-122.0936688, 37.6055891], [-122.0960927, 37.6055886], [-122.0970734, 37.6055828], [-122.0976811, 37.6055991]]}}, {"type": "Feature", "properties": {"waterway": "canal", "name": ""}, "geometry": {"type": "LineString", "coordinates": [[-122.0977019, 37.6117902], [-122.0976905, 37.6113459], [-122.0976901, 37.6104449], [-122.0976829, 37.6097362], [-122.0976825, 37.6088955], [-122.0976753, 37.6081648], [-122.0976749, 37.6073022], [-122.0976608, 37.6065606], [-122.0976811, 37.6055991]]}}, {"type": "Feature", "properties": {"waterway": "canal", "name": ""}, "geometry": {"type": "LineString", "coordinates": [[-122.0705121, 37.5333254], [-122.0704187, 37.5331908], [-122.0703112, 37.5330361], [-122.0703031, 37.5329457], [-122.0703164, 37.5327611]]}}, {"type": "Feature", "properties": {"waterway": "river", "name": "Alamo Canal"}, "geometry": {"type": "LineString", "coordinates": [[-121.9155008, 37.6844297], [-121.9153569, 37.6840547], [-121.9145834, 37.6820262], [-121.9144489, 37.6816952], [-121.9138125, 37.6801237]]}}, {"type": "Feature", "properties": {"waterway": "river", "name": "Alameda Creek"}, "geometry": {"type": "LineString", "coordinates": [[-121.8572126, 37.5406719], [-121.8576279, 37.5413142], [-121.8579179, 37.5415009], [-121.8584218, 37.5418908], [-121.8592484, 37.5423927], [-121.8596056, 37.5426393], [-121.8599505, 37.5430346], [-121.8600793, 37.5431933], [-121.8603517, 37.5434931]]}}, {"type": "Feature", "properties": {"waterway": "canal", "name": ""}, "geometry": {"type": "LineString", "coordinates": [[-122.1073482, 37.5788341], [-122.106837, 37.5782464], [-122.1064018, 37.5778729], [-122.1063051, 37.5776257], [-122.1063188, 37.5774664], [-122.106581, 37.577252], [-122.1072436, 37.576999], [-122.1076094, 37.5769384], [-122.1076783, 37.5768395], [-122.1077473, 37.5765923], [-122.1080784, 37.5761912], [-122.1085269, 37.5759382], [-122.1090447, 37.5759656], [-122.1101423, 37.576042], [-122.110881, 37.5760307], [-122.1112399, 37.5759482]]}}, {"type": "Feature", "properties": {"waterway": "canal", "name": ""}, "geometry": {"type": "LineString", "coordinates": [[-122.1451188, 37.624935], [-122.1464675, 37.6253343], [-122.146723, 37.6254553], [-122.1470061, 37.6256202], [-122.147227, 37.6258126], [-122.1475586, 37.6260544], [-122.1477865, 37.6261314], [-122.1501401, 37.6266403]]}}, {"type": "Feature", "properties": {"waterway": "canal", "name": ""}, "geometry": {"type": "LineString", "coordinates": [[-122.1020025, 37.6110822], [-122.1021291, 37.6110265], [-122.1013918, 37.6101856], [-122.1011154, 37.6098121], [-122.1009081, 37.6095265], [-122.1008597, 37.6094056], [-122.100858, 37.6059608], [-122.1009061, 37.6054828], [-122.1009543, 37.6053234]]}}, {"type": "Feature", "properties": {"waterway": "river", "name": "Arroyo de la Laguna"}, "geometry": {"type": "LineString", "coordinates": [[-121.8746669, 37.6009959], [-121.8746048, 37.600782], [-121.8748358, 37.6002684], [-121.8749004, 37.6000946], [-121.8749801, 37.5999475], [-121.8750634, 37.5998074], [-121.8751782, 37.59968], [-121.8752714, 37.5995753], [-121.8754211, 37.5994541], [-121.8755831, 37.5993618], [-121.8760241, 37.5992753]]}}, {"type": "Feature", "properties": {"waterway": "river", "name": "Alameda Creek"}, "geometry": {"type": "LineString", "coordinates": [[-121.8538852, 37.5355414], [-121.8541889, 37.5356731], [-121.8542579, 37.5357171], [-121.854327, 37.535772], [-121.8545617, 37.5359972], [-121.8547204, 37.5361894], [-121.8547549, 37.5362828], [-121.8548242, 37.5367388], [-121.8548519, 37.5368322], [-121.8548795, 37.5368925], [-121.8549761, 37.5370408]]}}, {"type": "Feature", "properties": {"waterway": "river", "name": "Alameda Creek"}, "geometry": {"type": "LineString", "coordinates": [[-121.898144, 37.59148], [-121.8983462, 37.5916571], [-121.8986921, 37.5919262], [-121.8991369, 37.5922169], [-121.8993613, 37.5923232], [-121.8999089, 37.5925883], [-121.9000413, 37.5927028], [-121.9001953, 37.5928383], [-121.900313, 37.5929911], [-121.9003396, 37.5930793], [-121.9003367, 37.5931859], [-121.9003486, 37.5932586], [-121.9005591, 37.5935496], [-121.9006458, 37.593662], [-121.9007108, 37.5936979], [-121.9009016, 37.5938584], [-121.9010948, 37.5940622], [-121.9013978, 37.5942813], [-121.9015419, 37.5943626], [-121.90164, 37.594394], [-121.9017203, 37.5944832], [-121.9018501, 37.5945414]]}}, {"type": "Feature", "properties": {"waterway": "canal", "name": ""}, "geometry": {"type": "LineString", "coordinates": [[-122.1087804, 37.5724823], [-122.1088011, 37.5724218], [-122.1088355, 37.572257], [-122.1088147, 37.5721252]]}}, {"type": "Feature", "properties": {"waterway": "canal", "name": ""}, "geometry": {"type": "LineString", "coordinates": [[-122.1066687, 37.5983551], [-122.1066272, 37.5982727], [-122.1065787, 37.5981298], [-122.1065924, 37.5978441], [-122.1065922, 37.5974486], [-122.1066058, 37.597031], [-122.1065917, 37.5966629], [-122.1065914, 37.5961739], [-122.1065981, 37.5957673], [-122.106598, 37.5954596], [-122.1065979, 37.5953113], [-122.1065771, 37.5952344], [-122.1064528, 37.5951959]]}}, {"type": "Feature", "properties": {"waterway": "river", "name": "Alamo Canal"}, "geometry": {"type": "LineString", "coordinates": [[-121.9150102, 37.7127144], [-121.9150673, 37.712591], [-121.9151297, 37.7124141], [-121.9153429, 37.7119082], [-121.9154937, 37.7115504], [-121.9170072, 37.7081187], [-121.9174588, 37.7071305], [-121.9186928, 37.7044403], [-121.9190946, 37.7038469], [-121.9200317, 37.7025027], [-121.9200871, 37.7023819], [-121.9201203, 37.7021761]]}}, {"type": "Feature", "properties": {"waterway": "river", "name": "Alamo Canal"}, "geometry": {"type": "LineString", "coordinates": [[-121.9166359, 37.6875223], [-121.9155008, 37.6844297]]}}, {"type": "Feature", "properties": {"waterway": "river", "name": "Alameda Creek"}, "geometry": {"type": "LineString", "coordinates": [[-121.8603517, 37.5434931], [-121.8604024, 37.5437113], [-121.8604327, 37.5439399], [-121.860345, 37.5440438], [-121.8599953, 37.5443465], [-121.8599483, 37.5449064], [-121.8599003, 37.5451921], [-121.8598658, 37.5452746], [-121.8598038, 37.5453735], [-121.8595625, 37.5457087], [-121.8594866, 37.5458406], [-121.8594315, 37.5459724], [-121.8592526, 37.5466263], [-121.8590735, 37.5471703], [-121.8590046, 37.547456], [-121.8589771, 37.5476263], [-121.8589986, 37.5477415], [-121.859051, 37.5478512], [-121.8590262, 37.5481159], [-121.8591221, 37.5483488], [-121.8591863, 37.5484889], [-121.8592261, 37.5485931], [-121.8593289, 37.5488717], [-121.859445, 37.5490163], [-121.859468, 37.5492066], [-121.8595723, 37.5495369], [-121.8595926, 37.5499116], [-121.8596341, 37.5499994], [-121.8596548, 37.5500928], [-121.8597584, 37.5502181], [-121.8598589, 37.5503442], [-121.8599172, 37.55055], [-121.8598791, 37.5507347], [-121.8598332, 37.5508819], [-121.8598109, 37.5510659], [-121.8597951, 37.5512922], [-121.8597453, 37.5514883], [-121.8597261, 37.5515572]]}}, {"type": "Feature", "properties": {"waterway": "canal", "name": ""}, "geometry": {"type": "LineString", "coordinates": [[-122.1337832, 37.6249356], [-122.1338315, 37.6248532], [-122.1338937, 37.6248147], [-122.1340112, 37.6247983], [-122.13417, 37.6248094], [-122.1342667, 37.6248643], [-122.1343634, 37.6249359]]}}, {"type": "Feature", "properties": {"waterway": "canal", "name": ""}, "geometry": {"type": "LineString", "coordinates": [[-122.0579816, 37.5009511], [-122.057954, 37.5010829], [-122.0578506, 37.5012038], [-122.0577402, 37.5012478], [-122.0575747, 37.5012642]]}}, {"type": "Feature", "properties": {"waterway": "canal", "name": ""}, "geometry": {"type": "LineString", "coordinates": [[-122.0953851, 37.580431], [-122.0955179, 37.5802695], [-122.0955422, 37.5802036], [-122.0955576, 37.5801275], [-122.0955452, 37.5800337], [-122.0955351, 37.5799617], [-122.0955339, 37.5799044], [-122.0955652, 37.5798552], [-122.0956109, 37.5797833], [-122.0956311, 37.5797269], [-122.0956844, 37.5797147], [-122.0958207, 37.5797307], [-122.0959659, 37.5797701], [-122.0964577, 37.5799022], [-122.0966846, 37.5799533], [-122.0969048, 37.5799835], [-122.0970473, 37.5799786], [-122.0972092, 37.5799691], [-122.097417, 37.579958], [-122.0976182, 37.5799286], [-122.0978033, 37.5798885], [-122.0979823, 37.5798425], [-122.0981184, 37.5797881], [-122.098227, 37.5797511], [-122.0983307, 37.579711], [-122.0984385, 37.5796565], [-122.0985867, 37.5796011], [-122.0987423, 37.5795228], [-122.0988325, 37.5794542], [-122.0989055, 37.5794245], [-122.0989683, 37.5793748], [-122.0990759, 37.5792806], [-122.0991642, 37.5791554], [-122.0992372, 37.5790188], [-122.0992669, 37.5788579], [-122.0992688, 37.5787048], [-122.0992603, 37.5785372], [-122.0992527, 37.578444], [-122.0992356, 37.5784002], [-122.0992432, 37.5780895], [-122.0992952, 37.5778658], [-122.0993724, 37.5776889], [-122.0994361, 37.5775299], [-122.0995466, 37.5772663], [-122.0996178, 37.5770981], [-122.0997445, 37.5769035], [-122.099806, 37.5767641], [-122.0998779, 37.5766094], [-122.0999879, 37.5763971], [-122.1002915, 37.5760509], [-122.1004847, 37.5758091], [-122.100639, 37.5756755], [-122.1008096, 37.5755278], [-122.1009776, 37.5754123], [-122.101361, 37.5751], [-122.1014918, 37.5749636], [-122.1015972, 37.5748574], [-122.101687, 37.5747824], [-122.1017859, 37.5747247], [-122.101917, 37.5746656], [-122.1020156, 37.5746386], [-122.1021197, 37.5746258], [-122.1022571, 37.5746077], [-122.1024309, 37.5746052], [-122.1026863, 37.5746216], [-122.102806, 37.5746461], [-122.1028864, 37.5746819], [-122.1030372, 37.5747608], [-122.1032453, 37.5749129], [-122.1034872, 37.5751488], [-122.1035597, 37.5752491], [-122.1035993, 37.5753245], [-122.1036307, 37.5754431], [-122.1036652, 37.5755666], [-122.1036912, 37.5756018]]}}, {"type": "Feature", "properties": {"waterway": "river", "name": "Alameda Creek"}, "geometry": {"type": "LineString", "coordinates": [[-121.8537046, 37.5350788], [-121.8536782, 37.5353656], [-121.853761, 37.5354371], [-121.8538852, 37.5355414]]}}, {"type": "Feature", "properties": {"waterway": "river", "name": "Mud Slough"}, "geometry": {"type": "LineString", "coordinates": [[-121.9543612, 37.4753419], [-121.9548358, 37.4753351], [-121.9556974, 37.4751926], [-121.9563176, 37.4748589], [-121.9566496, 37.4744374], [-121.9568244, 37.4739581], [-121.9568857, 37.4736734], [-121.9568057, 37.4723785], [-121.9568777, 37.4719455], [-121.9571901, 37.4713269], [-121.9575965, 37.4709413], [-121.9579956, 37.4706756], [-121.9587777, 37.4703478], [-121.9593491, 37.4701298], [-121.9602761, 37.4698566], [-121.9610785, 37.4696217], [-121.9619303, 37.4693589], [-121.9632194, 37.4689371], [-121.9639426, 37.4686437], [-121.9648694, 37.4683378], [-121.9659808, 37.4679582], [-121.9662539, 37.4679082], [-121.9669159, 37.4678371], [-121.9672732, 37.4678106]]}}, {"type": "Feature", "properties": {"waterway": "canal", "name": ""}, "geometry": {"type": "LineString", "coordinates": [[-122.126076, 37.4660043], [-122.1262277, 37.4664581], [-122.1263418, 37.4669162], [-122.126332, 37.467044], [-122.1263045, 37.4671221], [-122.1263388, 37.4672556], [-122.1265134, 37.4677289], [-122.1266136, 37.4679306], [-122.1267143, 37.4683564], [-122.1267944, 37.4685844]]}}, {"type": "Feature", "properties": {"waterway": "canal", "name": ""}, "geometry": {"type": "LineString", "coordinates": [[-122.0976811, 37.6055991], [-122.097667, 37.6049398], [-122.0976597, 37.6041102], [-122.0976524, 37.6033685], [-122.0976521, 37.602451], [-122.0976313, 37.6018301]]}}, {"type": "Feature", "properties": {"waterway": "river", "name": "Alamo Canal"}, "geometry": {"type": "LineString", "coordinates": [[-121.9138125, 37.6801237], [-121.9136418, 37.6796955], [-121.9130937, 37.6783143], [-121.9126199, 37.6770851]]}}, {"type": "Feature", "properties": {"waterway": "canal", "name": ""}, "geometry": {"type": "LineString", "coordinates": [[-122.10814, 37.5752845], [-122.1088994, 37.5753007], [-122.1096725, 37.5754049], [-122.1101212, 37.5753992], [-122.1104733, 37.5753276], [-122.1109631, 37.5749978], [-122.1113632, 37.5742944], [-122.111563, 37.5736954], [-122.1114731, 37.5732999], [-122.1112381, 37.5730307], [-122.1108239, 37.5728935], [-122.1092775, 37.5725809], [-122.1087804, 37.5724823]]}}, {"type": "Feature", "properties": {"waterway": "canal", "name": ""}, "geometry": {"type": "LineString", "coordinates": [[-122.1073482, 37.5788341], [-122.1071755, 37.5786748], [-122.1068854, 37.578543], [-122.1066807, 37.5784799], [-122.1064801, 37.5784182], [-122.106339, 37.5783746], [-122.1061649, 37.5782942], [-122.1059871, 37.5781684], [-122.10587, 37.5780244], [-122.1057861, 37.5778589], [-122.1057281, 37.5777146], [-122.1057193, 37.5775992], [-122.1057359, 37.5774518], [-122.1057648, 37.5773123], [-122.1058283, 37.5772376], [-122.1058835, 37.5771322], [-122.1059433, 37.5770855], [-122.1059953, 37.5770264], [-122.1060613, 37.5769684]]}}, {"type": "Feature", "properties": {"waterway": "canal", "name": ""}, "geometry": {"type": "LineString", "coordinates": [[-122.078306, 37.5332825], [-122.0781504, 37.5333941], [-122.077876, 37.5334846], [-122.0775885, 37.533611], [-122.0773967, 37.533662], [-122.077198, 37.533695], [-122.0770295, 37.5337116], [-122.0766267, 37.5336637]]}}, {"type": "Feature", "properties": {"waterway": "canal", "name": ""}, "geometry": {"type": "LineString", "coordinates": [[-122.1099904, 37.5989637], [-122.1100456, 37.5988648], [-122.1100801, 37.5987274], [-122.11008, 37.5986505]]}}, {"type": "Feature", "properties": {"waterway": "canal", "name": ""}, "geometry": {"type": "LineString", "coordinates": [[-122.11008, 37.5986505], [-122.1100869, 37.5985021], [-122.1101764, 37.5983317], [-122.1102662, 37.5981229], [-122.110273, 37.5979966], [-122.1102798, 37.5979032], [-122.1103419, 37.5978702], [-122.1103971, 37.5978262], [-122.110556, 37.5977932], [-122.1107769, 37.5978371], [-122.1109842, 37.5979468], [-122.1111776, 37.5980017], [-122.1113778, 37.5980071], [-122.1116126, 37.5980345], [-122.111875, 37.5980894], [-122.1120823, 37.5981882], [-122.1123033, 37.5983035], [-122.1124415, 37.5984517], [-122.1124968, 37.5985726], [-122.1125107, 37.598666], [-122.1124348, 37.5988199], [-122.1123245, 37.5990067], [-122.1122762, 37.5991221], [-122.11229, 37.5992265], [-122.1123386, 37.5993583], [-122.1124353, 37.5995451], [-122.1124285, 37.599644], [-122.1123802, 37.5997813], [-122.1122835, 37.5998693], [-122.1120281, 37.5999134], [-122.1118762, 37.599908], [-122.1117104, 37.5998696], [-122.1114618, 37.5997927], [-122.1112891, 37.5997873], [-122.1111718, 37.5998039], [-122.1110752, 37.5998863], [-122.1110544, 37.5999193]]}}, {"type": "Feature", "properties": {"waterway": "river", "name": "Alameda Creek"}, "geometry": {"type": "LineString", "coordinates": [[-121.8835404, 37.5794861], [-121.8836261, 37.5800134], [-121.8838043, 37.5809009], [-121.8838782, 37.5811124], [-121.8839333, 37.5812896], [-121.8840343, 37.5817213], [-121.8841671, 37.5820918], [-121.8844847, 37.5824998], [-121.8849182, 37.5828117], [-121.8854897, 37.5835745]]}}, {"type": "Feature", "properties": {"waterway": "canal", "name": ""}, "geometry": {"type": "LineString", "coordinates": [[-122.1323947, 37.6249349], [-122.1315744, 37.6252731], [-122.1312326, 37.629542], [-122.132227, 37.6301193], [-122.13372, 37.6290541], [-122.1338235, 37.6290047], [-122.1338996, 37.6289937], [-122.1339893, 37.6290048], [-122.1341276, 37.6290269], [-122.1344452, 37.6291588]]}}, {"type": "Feature", "properties": {"waterway": "canal", "name": ""}, "geometry": {"type": "LineString", "coordinates": [[-122.1005099, 37.6198781], [-122.1001979, 37.6196063], [-122.0988011, 37.6184016], [-122.0975411, 37.6173566], [-122.0973152, 37.6171631], [-122.0972781, 37.6171451], [-122.0972213, 37.6171327]]}}, {"type": "Feature", "properties": {"waterway": "canal", "name": ""}, "geometry": {"type": "LineString", "coordinates": [[-122.0696325, 37.5321606], [-122.0687021, 37.5307178]]}}, {"type": "Feature", "properties": {"waterway": "canal", "name": ""}, "geometry": {"type": "LineString", "coordinates": [[-122.1073967, 37.5798583], [-122.107887, 37.5794547], [-122.1110192, 37.576179], [-122.1112399, 37.5759482]]}}, {"type": "Feature", "properties": {"waterway": "river", "name": "Laguna Creek"}, "geometry": {"type": "LineString", "coordinates": [[-121.9515307, 37.4809412], [-121.9515569, 37.480824], [-121.9515349, 37.4806542], [-121.9514887, 37.4805163], [-121.951416, 37.480375], [-121.9512998, 37.4801178], [-121.9512542, 37.4800351], [-121.9512048, 37.4798531], [-121.9511552, 37.4796743], [-121.9511233, 37.4793983], [-121.9511853, 37.4792336], [-121.9512129, 37.4791127], [-121.9512199, 37.4790852], [-121.9512052, 37.4789865], [-121.9512166, 37.478916], [-121.9512388, 37.4788549], [-121.9512918, 37.4787688], [-121.9514756, 37.4786476], [-121.9518998, 37.4785212], [-121.952116, 37.4784863], [-121.9521711, 37.4784752], [-121.9523296, 37.4784423], [-121.9525848, 37.4783873], [-121.9528397, 37.4782774], [-121.9531782, 37.4781858], [-121.9533864, 37.4780983], [-121.9535108, 37.4779374], [-121.9535773, 37.4777389], [-121.9536531, 37.4775796], [-121.95366, 37.4775412], [-121.9537014, 37.4773709], [-121.9537151, 37.4772005], [-121.9537289, 37.4770247], [-121.9537427, 37.4768379], [-121.9537633, 37.4765687], [-121.9537839, 37.4763544], [-121.9538046, 37.4762391], [-121.9538528, 37.4759698], [-121.9539148, 37.475783], [-121.9539838, 37.4756786], [-121.9540934, 37.4755645], [-121.9541126, 37.4755422], [-121.9541777, 37.4754666], [-121.9543076, 37.4753654], [-121.9543612, 37.4753419]]}}, {"type": "Feature", "properties": {"waterway": "canal", "name": ""}, "geometry": {"type": "LineString", "coordinates": [[-122.0940308, 37.6133797], [-122.0944244, 37.6133466], [-122.0956331, 37.61322], [-122.096897, 37.6131097], [-122.0973251, 37.6130547], [-122.0977361, 37.6130673]]}}, {"type": "Feature", "properties": {"waterway": "river", "name": "Arroyo de la Laguna"}, "geometry": {"type": "LineString", "coordinates": [[-121.9105291, 37.6720209], [-121.910417, 37.6715268], [-121.9099082, 37.6702839], [-121.9096955, 37.6697298], [-121.9093463, 37.6688185], [-121.9087649, 37.6674563], [-121.9084511, 37.6667205], [-121.9082613, 37.6661808], [-121.9079996, 37.6654344], [-121.9073058, 37.6641857], [-121.9071455, 37.6638961], [-121.9067795, 37.6632861], [-121.9063651, 37.6626928], [-121.9063432, 37.6626582], [-121.9061716, 37.662385], [-121.9061441, 37.6621901], [-121.9061986, 37.662013]]}}, {"type": "Feature", "properties": {"waterway": "river", "name": "Alameda Creek"}, "geometry": {"type": "LineString", "coordinates": [[-122.0181936, 37.5743823], [-122.0182212, 37.5743932], [-122.0196774, 37.5750256], [-122.0202364, 37.5752731], [-122.0207885, 37.5755425], [-122.0208713, 37.575581], [-122.021106, 37.5756031], [-122.0212371, 37.5756471], [-122.0213819, 37.5757186], [-122.0219823, 37.5760429], [-122.0231003, 37.5766311], [-122.0238387, 37.5770325], [-122.0243768, 37.5775052], [-122.0256189, 37.5787528], [-122.0264193, 37.5794618], [-122.0285928, 37.5816931], [-122.0297174, 37.5827812], [-122.0314909, 37.5845178], [-122.0318843, 37.5848861]]}}, {"type": "Feature", "properties": {"waterway": "canal", "name": ""}, "geometry": {"type": "LineString", "coordinates": [[-122.0898709, 37.5646366], [-122.089788, 37.5645213], [-122.0896569, 37.5644334], [-122.0895325, 37.5643895], [-122.0893669, 37.5643401], [-122.0891598, 37.5642852]]}}, {"type": "Feature", "properties": {"waterway": "canal", "name": ""}, "geometry": {"type": "LineString", "coordinates": [[-122.2323924, 37.7443238], [-122.2323034, 37.7442336], [-122.2294731, 37.7408301]]}}, {"type": "Feature", "properties": {"waterway": "canal", "name": ""}, "geometry": {"type": "LineString", "coordinates": [[-122.1015896, 37.6050101], [-122.1034058, 37.6050095], [-122.1050425, 37.6050144], [-122.1064789, 37.6050141], [-122.1080258, 37.6050025], [-122.1107468, 37.605007], [-122.1119414, 37.6050229], [-122.1121624, 37.6050009], [-122.1123005, 37.6049899], [-122.1123696, 37.6049568]]}}, {"type": "Feature", "properties": {"waterway": "canal", "name": ""}, "geometry": {"type": "LineString", "coordinates": [[-122.1658257, 37.4832362], [-122.1699416, 37.4847168], [-122.1708216, 37.4849264], [-122.1735511, 37.4855379], [-122.1749645, 37.4858552], [-122.1768637, 37.4862901], [-122.1775872, 37.4864242]]}}, {"type": "Feature", "properties": {"waterway": "canal", "name": ""}, "geometry": {"type": "LineString", "coordinates": [[-122.1378179, 37.6269353], [-122.1378939, 37.6267155], [-122.1379217, 37.6265946], [-122.1379356, 37.6264627], [-122.1379011, 37.6263199], [-122.1378047, 37.6259462], [-122.1377704, 37.6256715], [-122.1377566, 37.6255452], [-122.137805, 37.6254683], [-122.1378465, 37.6253968], [-122.1378673, 37.6253199], [-122.1378467, 37.6251881], [-122.1378467, 37.6251277], [-122.1378881, 37.6250398], [-122.1379228, 37.6249958], [-122.1379278, 37.624932]]}}, {"type": "Feature", "properties": {"waterway": "river", "name": "Alameda Creek"}, "geometry": {"type": "LineString", "coordinates": [[-121.917419, 37.5944967], [-121.9176437, 37.5946878], [-121.9179289, 37.5948378], [-121.918036, 37.5948931], [-121.9182856, 37.595085], [-121.9186071, 37.5954036], [-121.9188126, 37.595624], [-121.9190637, 37.5957947], [-121.919264, 37.5959796], [-121.9195105, 37.5962469], [-121.9197346, 37.596441], [-121.9201088, 37.5966737], [-121.9202592, 37.5968256], [-121.9202784, 37.5969919], [-121.9203917, 37.5970912], [-121.9205719, 37.5972027], [-121.9209129, 37.597323], [-121.921096, 37.5974653], [-121.9213684, 37.5975431], [-121.9217491, 37.5977545], [-121.9220857, 37.597974], [-121.9225012, 37.5981122], [-121.9226186, 37.5981892], [-121.9228533, 37.5982881], [-121.9230447, 37.5983298], [-121.923316, 37.5983941], [-121.9233988, 37.5984091], [-121.9236956, 37.598475], [-121.9244397, 37.5986204], [-121.9246984, 37.5986234]]}}, {"type": "Feature", "properties": {"waterway": "river", "name": "Alameda Creek"}, "geometry": {"type": "LineString", "coordinates": [[-121.8460509, 37.5264731], [-121.8461821, 37.5267203], [-121.8466168, 37.5273355], [-121.8467411, 37.5275552], [-121.8467481, 37.5276267], [-121.8467274, 37.5278354], [-121.8467482, 37.5279178], [-121.8469346, 37.5282144], [-121.8470105, 37.5283957], [-121.8471555, 37.5285495], [-121.8472383, 37.5285989], [-121.8475557, 37.5288516], [-121.8476662, 37.5289175], [-121.8477834, 37.5289668], [-121.8478869, 37.5289724], [-121.8480041, 37.5289668], [-121.8480594, 37.5289503], [-121.8482318, 37.5289228], [-121.8484387, 37.5288404], [-121.8485974, 37.5287524], [-121.8488941, 37.5286535], [-121.8489561, 37.5286534], [-121.8491631, 37.5286809], [-121.8493011, 37.5287083], [-121.8496737, 37.528873], [-121.8497289, 37.5288895], [-121.8498806, 37.5289004], [-121.8500187, 37.5289333], [-121.8501773, 37.5289882], [-121.8503636, 37.5290706], [-121.8508122, 37.5293177], [-121.8509709, 37.529455], [-121.8510675, 37.5295758], [-121.8510813, 37.5296142], [-121.8510746, 37.5297516], [-121.8510815, 37.5298889], [-121.8511022, 37.5299548], [-121.8511368, 37.5300043]]}}, {"type": "Feature", "properties": {"waterway": "canal", "name": ""}, "geometry": {"type": "LineString", "coordinates": [[-122.0957796, 37.5995286], [-122.0959658, 37.5992374], [-122.0960763, 37.5990835], [-122.096311, 37.5989296], [-122.0966839, 37.5987372], [-122.0972292, 37.5984349], [-122.0972913, 37.5984074], [-122.1007301, 37.5984064], [-122.1030848, 37.5983782], [-122.1040585, 37.5983669]]}}, {"type": "Feature", "properties": {"waterway": "river", "name": "Alameda Creek"}, "geometry": {"type": "LineString", "coordinates": [[-121.932535, 37.592625], [-121.9330458, 37.5922734], [-121.9332737, 37.5921305], [-121.933474, 37.5920427], [-121.9340956, 37.5917229], [-121.9343614, 37.5916461], [-121.9345166, 37.5916064], [-121.9346893, 37.5915735], [-121.9349551, 37.591542], [-121.9351347, 37.5915257], [-121.9353124, 37.5915162], [-121.9355696, 37.591514], [-121.9359286, 37.5915201], [-121.9363322, 37.5915768], [-121.9365671, 37.5917041], [-121.9366722, 37.5918412], [-121.9368183, 37.5920511], [-121.9368828, 37.5921951], [-121.9369984, 37.5924319], [-121.9370931, 37.5927963], [-121.9371366, 37.5930509], [-121.9371526, 37.593284], [-121.937181, 37.593496], [-121.9372025, 37.5936926], [-121.9372026, 37.5938656], [-121.9373404, 37.5940152], [-121.9377201, 37.5952174], [-121.9377425, 37.5954001], [-121.9377875, 37.595547], [-121.9378132, 37.5956716], [-121.9378847, 37.5960686], [-121.9377634, 37.5965987], [-121.9376199, 37.5970122], [-121.937575, 37.5972842], [-121.9375526, 37.5975479], [-121.9375751, 37.5977085], [-121.9376814, 37.5980344], [-121.9378772, 37.5982812], [-121.9379929, 37.5983845], [-121.9381172, 37.5984753], [-121.9382899, 37.5985343], [-121.9384333, 37.5985594], [-121.9386489, 37.5985677], [-121.9388387, 37.5985568], [-121.9391245, 37.5985089], [-121.9393757, 37.5983954], [-121.9396138, 37.5983829], [-121.939978, 37.5983348], [-121.9407468, 37.5981035], [-121.9413004, 37.5978502], [-121.9416093, 37.5977171], [-121.9419012, 37.5975963], [-121.9421531, 37.597455], [-121.9426258, 37.5973351], [-121.9430093, 37.5972842], [-121.9434304, 37.5971799], [-121.9437153, 37.5970796], [-121.9440678, 37.5970139], [-121.9445076, 37.5969824], [-121.9446958, 37.5969905], [-121.9452033, 37.5969811], [-121.9457315, 37.5970605], [-121.9461131, 37.5971442], [-121.9462994, 37.5972033], [-121.9464686, 37.5972732], [-121.946738, 37.5974295], [-121.9468659, 37.5975435], [-121.9470246, 37.5975997], [-121.9470833, 37.5976313], [-121.9472321, 37.5977065], [-121.9474412, 37.5977502], [-121.9477668, 37.5977621]]}}, {"type": "Feature", "properties": {"waterway": "river", "name": "Arroyo de la Laguna"}, "geometry": {"type": "LineString", "coordinates": [[-121.8843515, 37.5946385], [-121.8834839, 37.5942866], [-121.8833596, 37.5942096], [-121.8833251, 37.5941602], [-121.8832425, 37.5939678], [-121.8831736, 37.593759], [-121.8831667, 37.5936711], [-121.8831737, 37.5935832], [-121.8832014, 37.5934349], [-121.8831596, 37.593242], [-121.88318, 37.5931108], [-121.883303, 37.5928918], [-121.8836788, 37.5925429], [-121.8843296, 37.5920441], [-121.8848815, 37.5916086], [-121.8854994, 37.5911965], [-121.8857164, 37.5910682], [-121.8858408, 37.5909639], [-121.8861862, 37.5907168], [-121.8862138, 37.5906729], [-121.8862759, 37.590629], [-121.8864487, 37.5903983], [-121.8868356, 37.5899864], [-121.8870499, 37.5897173], [-121.8871191, 37.5896569], [-121.8876164, 37.5893], [-121.8879963, 37.5890805], [-121.8885765, 37.5888005], [-121.8889286, 37.5886633], [-121.8890875, 37.5885755], [-121.8893086, 37.5884712], [-121.8895088, 37.5883944], [-121.8900888, 37.5882848], [-121.8903926, 37.5882575], [-121.891152, 37.5882907], [-121.8914627, 37.5883184]]}}, {"type": "Feature", "properties": {"waterway": "canal", "name": ""}, "geometry": {"type": "LineString", "coordinates": [[-122.1387844, 37.6249324], [-122.1387364, 37.624295], [-122.1386675, 37.6241631], [-122.1384327, 37.6240751], [-122.1379699, 37.6239266], [-122.1377765, 37.6239099], [-122.1359943, 37.6239037]]}}, {"type": "Feature", "properties": {"waterway": "river", "name": "Arroyo de la Laguna"}, "geometry": {"type": "LineString", "coordinates": [[-121.9107231, 37.6722708], [-121.9105291, 37.6720209]]}}, {"type": "Feature", "properties": {"waterway": "canal", "name": ""}, "geometry": {"type": "LineString", "coordinates": [[-122.1099904, 37.5989637], [-122.1100734, 37.5990351], [-122.1101839, 37.599134], [-122.110253, 37.5992163], [-122.1103497, 37.5993536], [-122.1104603, 37.5995294], [-122.1105019, 37.5996777], [-122.1104813, 37.5997712], [-122.1103916, 37.599892], [-122.1102327, 37.6000075], [-122.1100325, 37.6001229], [-122.1097426, 37.6002769], [-122.1093008, 37.6005079], [-122.1089903, 37.6007661], [-122.1088522, 37.6009255], [-122.1086935, 37.6011233], [-122.1086107, 37.6012553], [-122.1085486, 37.6014256], [-122.1085212, 37.6015629], [-122.1085419, 37.6017223], [-122.1085835, 37.601942], [-122.1086664, 37.6021288], [-122.1087563, 37.6022771], [-122.108936, 37.6024639], [-122.109081, 37.6025407], [-122.1091571, 37.6026011], [-122.1093643, 37.6026944], [-122.1096959, 37.6028482], [-122.110283, 37.6031336], [-122.1104142, 37.6032105], [-122.1104834, 37.6033039], [-122.1106354, 37.6034686], [-122.1109049, 37.6037982], [-122.1109602, 37.6038806], [-122.1110501, 37.6039849], [-122.1111951, 37.6041057], [-122.1113955, 37.604243], [-122.1114715, 37.6043199], [-122.111589, 37.6044462], [-122.1117202, 37.604578], [-122.1118998, 37.6047153], [-122.1120587, 37.6047867], [-122.1121692, 37.6048251], [-122.1122522, 37.6048635], [-122.1123696, 37.6049568]]}}, {"type": "Feature", "properties": {"waterway": "river", "name": "Alameda Creek"}, "geometry": {"type": "LineString", "coordinates": [[-121.8549761, 37.5370408], [-121.8550106, 37.5370958], [-121.855487, 37.5375406], [-121.8555491, 37.537656], [-121.855563, 37.5378757], [-121.855784, 37.5381998], [-121.8558669, 37.5383976], [-121.8559774, 37.5386008], [-121.8561569, 37.5388095], [-121.8564676, 37.5391006], [-121.8565642, 37.5392269], [-121.8565712, 37.5392928], [-121.8565644, 37.5395071], [-121.8566059, 37.5396225], [-121.8567786, 37.5399136], [-121.8568943, 37.5401225], [-121.8569949, 37.5402751], [-121.8570863, 37.5404935], [-121.8572126, 37.5406719]]}}, {"type": "Feature", "properties": {"waterway": "canal", "name": ""}, "geometry": {"type": "LineString", "coordinates": [[-122.1126386, 37.6046216], [-122.112846, 37.6046984], [-122.11306, 37.6047258], [-122.1134191, 37.6047532], [-122.1136195, 37.6047366], [-122.1140131, 37.6047419], [-122.1142686, 37.6046703]]}}, {"type": "Feature", "properties": {"waterway": "canal", "name": ""}, "geometry": {"type": "LineString", "coordinates": [[-122.1478891, 37.6332803], [-122.147938, 37.6333376], [-122.1479787, 37.63347], [-122.1479833, 37.6337269], [-122.1479538, 37.6341745], [-122.1479799, 37.6343965], [-122.1480431, 37.6345468], [-122.1481439, 37.6346803], [-122.1489185, 37.6354477], [-122.1495858, 37.6361316], [-122.1499247, 37.6365337], [-122.1500567, 37.6366312]]}}, {"type": "Feature", "properties": {"waterway": "canal", "name": ""}, "geometry": {"type": "LineString", "coordinates": [[-122.1371406, 37.624558], [-122.1371406, 37.6244152], [-122.1371131, 37.6243273], [-122.1369197, 37.6242447], [-122.1365813, 37.6241786], [-122.136388, 37.6241127], [-122.1361739, 37.6240466], [-122.136015, 37.6240466], [-122.1360011, 37.6240521]]}}, {"type": "Feature", "properties": {"waterway": "canal", "name": ""}, "geometry": {"type": "LineString", "coordinates": [[-122.0891598, 37.5642852], [-122.0892424, 37.5637852]]}}, {"type": "Feature", "properties": {"waterway": "canal", "name": ""}, "geometry": {"type": "LineString", "coordinates": [[-122.2300554, 37.5327044], [-122.2301449, 37.5322703], [-122.2305584, 37.5315119], [-122.2307443, 37.5308141], [-122.2308753, 37.5306876], [-122.2314133, 37.5305007], [-122.232048, 37.530495], [-122.2326691, 37.5308189], [-122.2328968, 37.5308518], [-122.2331176, 37.5308078]]}}, {"type": "Feature", "properties": {"waterway": "canal", "name": ""}, "geometry": {"type": "LineString", "coordinates": [[-122.1343634, 37.6249359], [-122.1344551, 37.6250108]]}}, {"type": "Feature", "properties": {"waterway": "canal", "name": ""}, "geometry": {"type": "LineString", "coordinates": [[-122.1371406, 37.624558], [-122.1370922, 37.624558], [-122.1370093, 37.624569], [-122.1369955, 37.6246293], [-122.1369954, 37.6246843], [-122.136947, 37.6247447], [-122.1368918, 37.6247612], [-122.1367674, 37.6247337], [-122.1366362, 37.6247336], [-122.1364911, 37.6247555], [-122.1363806, 37.6248214], [-122.1362147, 37.6248598], [-122.1361664, 37.6248598], [-122.136042, 37.6248542], [-122.1358901, 37.6248542], [-122.1357313, 37.6247772], [-122.1356692, 37.6247112]]}}, {"type": "Feature", "properties": {"waterway": "canal", "name": ""}, "geometry": {"type": "LineString", "coordinates": [[-122.0844673, 37.5946467], [-122.0871737, 37.5935144], [-122.0874636, 37.5933661], [-122.088361, 37.5926461], [-122.0884716, 37.5925143], [-122.0884922, 37.5924318], [-122.0885061, 37.5923274], [-122.0884912, 37.5893167], [-122.0885257, 37.5890914], [-122.0885809, 37.5890529], [-122.0886568, 37.5890035], [-122.0898789, 37.5890032]]}}, {"type": "Feature", "properties": {"waterway": "canal", "name": "Lake Merritt-Oakland Esturary Channel"}, "geometry": {"type": "LineString", "coordinates": [[-122.2595356, 37.7986027], [-122.2596485, 37.7974624], [-122.259594, 37.7969286], [-122.2596593, 37.7960922]]}}, {"type": "Feature", "properties": {"waterway": "canal", "name": ""}, "geometry": {"type": "LineString", "coordinates": [[-122.1036912, 37.5756018], [-122.1036586, 37.5759387], [-122.1035277, 37.576444], [-122.1034149, 37.576888], [-122.1033023, 37.5774039], [-122.1032245, 37.5778391], [-122.1030735, 37.5785132], [-122.1030281, 37.5790506], [-122.1030613, 37.5794712], [-122.1030411, 37.579817], [-122.1030851, 37.5800411], [-122.1031173, 37.5800628], [-122.1031308, 37.5800954], [-122.1031214, 37.5801405], [-122.1031799, 37.5802226], [-122.1033295, 37.5803843], [-122.1034972, 37.5804922], [-122.1038255, 37.5806189], [-122.1043919, 37.5808824], [-122.104604, 37.5809433], [-122.1048207, 37.5809641], [-122.1049167, 37.5809763], [-122.1050338, 37.5809869], [-122.1051335, 37.5809731], [-122.105279, 37.5809469], [-122.1054389, 37.5809072], [-122.1056936, 37.5808108], [-122.1059324, 37.5806873], [-122.1061042, 37.580596], [-122.1062997, 37.5805236], [-122.1064976, 37.5804626], [-122.1066588, 37.5804147], [-122.1067992, 37.5803602], [-122.1069279, 37.5802847], [-122.1071073, 37.5801637], [-122.1072393, 37.5800683], [-122.1072868, 37.5800319], [-122.1073645, 37.579929], [-122.1073967, 37.5798583]]}}, {"type": "Feature", "properties": {"waterway": "canal", "name": "San Leandro Creek"}, "geometry": {"type": "LineString", "coordinates": [[-122.1228189, 37.7298182], [-122.1240551, 37.7290412]]}}, {"type": "Feature", "properties": {"waterway": "canal", "name": "Ward Creek"}, "geometry": {"type": "LineString", "coordinates": [[-122.0739251, 37.618097], [-122.0739604, 37.6179957], [-122.0739794, 37.6179084], [-122.0739652, 37.6177649], [-122.0739206, 37.6176395], [-122.0738472, 37.6175096], [-122.0737454, 37.6173741], [-122.0736516, 37.6172722], [-122.0734594, 37.6170038], [-122.0730003, 37.6163975], [-122.0721439, 37.6152619], [-122.0715844, 37.6144543], [-122.0711561, 37.613839], [-122.0709006, 37.6134708], [-122.0707427, 37.6132331]]}}, {"type": "Feature", "properties": {"waterway": "canal", "name": ""}, "geometry": {"type": "LineString", "coordinates": [[-122.1390129, 37.6271115], [-122.1390054, 37.6249324]]}}, {"type": "Feature", "properties": {"waterway": "canal", "name": ""}, "geometry": {"type": "LineString", "coordinates": [[-122.1359943, 37.6239037], [-122.1359943, 37.6239476], [-122.1360011, 37.6240521]]}}, {"type": "Feature", "properties": {"waterway": "canal", "name": ""}, "geometry": {"type": "LineString", "coordinates": [[-122.1344452, 37.6291588], [-122.1345834, 37.6291094], [-122.1347284, 37.629137], [-122.1378639, 37.6304075], [-122.1380711, 37.63049], [-122.1382092, 37.6306439], [-122.1383817, 37.6307758], [-122.1386304, 37.6309298], [-122.1389067, 37.6309738], [-122.1466647, 37.6309879], [-122.1470032, 37.630977], [-122.1472105, 37.6309771], [-122.1474039, 37.6309222], [-122.1513838, 37.629594]]}}, {"type": "Feature", "properties": {"waterway": "canal", "name": ""}, "geometry": {"type": "LineString", "coordinates": [[-122.1379278, 37.624932], [-122.1379278, 37.6248441], [-122.137769, 37.6247286], [-122.1375066, 37.6246736], [-122.1372511, 37.6246075], [-122.1371406, 37.624569], [-122.1371406, 37.624558]]}}, {"type": "Feature", "properties": {"waterway": "canal", "name": ""}, "geometry": {"type": "LineString", "coordinates": [[-122.1278723, 37.5974397], [-122.1279135, 37.5976815], [-122.1278096, 37.5980496], [-122.1272701, 37.5991646], [-122.1268003, 37.5993951], [-122.1260734, 37.5995334]]}}, {"type": "Feature", "properties": {"waterway": "canal", "name": ""}, "geometry": {"type": "LineString", "coordinates": [[-122.1360011, 37.6240521], [-122.1359044, 37.624096], [-122.1357732, 37.6241233], [-122.1356073, 37.6241618], [-122.1355451, 37.6243375], [-122.1355449, 37.6244914], [-122.1355725, 37.6245958], [-122.1356692, 37.6247112]]}}, {"type": "Feature", "properties": {"waterway": "river", "name": "Newark Slough"}, "geometry": {"type": "LineString", "coordinates": [[-122.0571171, 37.5260999], [-122.0577653, 37.5262137], [-122.0582296, 37.5262666], [-122.058565, 37.5263692], [-122.0587842, 37.5264847], [-122.0591452, 37.5266211], [-122.0594101, 37.5266817], [-122.0595444, 37.5266369], [-122.0597697, 37.5267034], [-122.0600348, 37.5266885], [-122.0603554, 37.5266892], [-122.0606479, 37.5267699], [-122.060915, 37.5269835], [-122.0611404, 37.5272182], [-122.061185, 37.5273704], [-122.0613326, 37.5275338], [-122.0617867, 37.5279083], [-122.0620118, 37.5281043], [-122.0622711, 37.5282177], [-122.0624865, 37.5284527], [-122.0626383, 37.5284999], [-122.0629482, 37.5285048], [-122.0631726, 37.5285025], [-122.0633456, 37.5285245], [-122.0641252, 37.5286239], [-122.0646894, 37.5285526], [-122.0653961, 37.5282284], [-122.0656833, 37.5280447], [-122.0658975, 37.527803], [-122.0659387, 37.5276118], [-122.0659646, 37.5274912], [-122.0662451, 37.5268905], [-122.0664973, 37.5265446], [-122.0670632, 37.5263037], [-122.0675648, 37.5259843], [-122.0684586, 37.5253728], [-122.0693681, 37.5250429], [-122.0698635, 37.5250055], [-122.0702393, 37.5250348], [-122.0707139, 37.5253384], [-122.070947, 37.5257512], [-122.0710638, 37.5260733], [-122.0710306, 37.5264133], [-122.0708142, 37.5270813], [-122.0706066, 37.5277049], [-122.0705306, 37.5283778], [-122.0706595, 37.5286823], [-122.0713701, 37.5291081], [-122.0730037, 37.5297068], [-122.0739473, 37.530207], [-122.0746272, 37.5307948], [-122.0754078, 37.532069]]}}, {"type": "Feature", "properties": {"waterway": "river", "name": "Laguna Creek"}, "geometry": {"type": "LineString", "coordinates": [[-121.9548024, 37.4983184], [-121.9545305, 37.4978322], [-121.9538323, 37.4972753], [-121.9538347, 37.4970633]]}}, {"type": "Feature", "properties": {"waterway": "canal", "name": ""}, "geometry": {"type": "LineString", "coordinates": [[-122.1479085, 37.6316682], [-122.1478704, 37.6316636], [-122.1473562, 37.6316683], [-122.146706, 37.6316872], [-122.1466323, 37.6316949], [-122.1465258, 37.6317129], [-122.1464178, 37.6317039], [-122.1462605, 37.631719], [-122.1461704, 37.6317121], [-122.1459902, 37.6317162], [-122.1459149, 37.6317275], [-122.1458397, 37.6317111], [-122.1456562, 37.6317205], [-122.1455483, 37.6317076], [-122.145427, 37.6317044], [-122.1451765, 37.6317182], [-122.1451437, 37.6317075], [-122.1449194, 37.6317099], [-122.1448454, 37.6317061], [-122.1447815, 37.631709], [-122.1447342, 37.6317203], [-122.1446935, 37.6317179], [-122.1446298, 37.6317078], [-122.1444607, 37.6317076], [-122.1443113, 37.6317246], [-122.1442297, 37.6317202], [-122.1439829, 37.6317377], [-122.1439168, 37.6317313], [-122.1438364, 37.6317226], [-122.1437806, 37.6317163], [-122.1437336, 37.6317213], [-122.1436942, 37.6317186], [-122.143667, 37.6317202], [-122.143645, 37.6317241], [-122.1436247, 37.631726], [-122.1436099, 37.6317315], [-122.1435927, 37.6317346], [-122.143569, 37.6317381], [-122.1435435, 37.631737], [-122.1435126, 37.6317372], [-122.1434979, 37.6317367], [-122.1434906, 37.6317344], [-122.1434815, 37.631729], [-122.1434705, 37.6317293], [-122.143459, 37.6317339], [-122.1434444, 37.631734], [-122.1434242, 37.6317279], [-122.1433983, 37.6317185], [-122.1433551, 37.6317142], [-122.1431869, 37.6317145], [-122.1431589, 37.6317349], [-122.1431338, 37.6317397], [-122.1430896, 37.6317452], [-122.1430628, 37.6317585], [-122.1430368, 37.6317736], [-122.1429397, 37.6317607], [-122.1429243, 37.6317958], [-122.1428492, 37.6318571], [-122.1428271, 37.6319034], [-122.1428138, 37.6319692], [-122.1428126, 37.6320792], [-122.1428097, 37.6321761], [-122.1428313, 37.6322436], [-122.1428322, 37.63228], [-122.1428202, 37.6323332], [-122.1428318, 37.6323883], [-122.1428576, 37.6324842], [-122.1428824, 37.6325265], [-122.1429069, 37.6325896], [-122.1429413, 37.6326517], [-122.1430175, 37.6327307], [-122.1431008, 37.6328554], [-122.1431449, 37.6329134], [-122.1431963, 37.632959], [-122.143292, 37.6330452], [-122.143412, 37.6331568], [-122.1434885, 37.6332219], [-122.1435758, 37.6332699], [-122.1436095, 37.6332796], [-122.1436851, 37.6332923], [-122.1437564, 37.633295], [-122.1439434, 37.6332987], [-122.1445656, 37.6333109], [-122.1447339, 37.6332957], [-122.1448471, 37.6333032], [-122.1450007, 37.633306], [-122.1451728, 37.633329], [-122.1453484, 37.6333575], [-122.1453852, 37.6333289], [-122.1455085, 37.6333126], [-122.145791, 37.6333016], [-122.1461442, 37.6332959], [-122.1468803, 37.6333157], [-122.1471102, 37.6333125], [-122.1473608, 37.6332889], [-122.1476297, 37.6332546], [-122.1477771, 37.6332457], [-122.1478891, 37.6332803]]}}, {"type": "Feature", "properties": {"waterway": "river", "name": "San Bruno Creek"}, "geometry": {"type": "LineString", "coordinates": [[-122.4050889, 37.63148], [-122.4050953, 37.6315659], [-122.4049928, 37.631679], [-122.4049549, 37.6318021], [-122.4049686, 37.6318842], [-122.4050184, 37.6320255], [-122.4050188, 37.6320935], [-122.4049872, 37.6321791], [-122.4048943, 37.6323831], [-122.4047933, 37.6325019], [-122.4047883, 37.6325927], [-122.4048224, 37.6326835], [-122.404818, 37.6327637], [-122.4047883, 37.6328355], [-122.4046737, 37.6329143], [-122.4044711, 37.6332081], [-122.4042415, 37.6334259], [-122.4040844, 37.6336203], [-122.4039012, 37.633854]]}}, {"type": "Feature", "properties": {"waterway": "canal", "name": "Highline Canal"}, "geometry": {"type": "LineString", "coordinates": [[-122.3819514, 37.6042731], [-122.3818072, 37.6043608], [-122.3817075, 37.6044088], [-122.3816056, 37.6044413], [-122.3814973, 37.6044585], [-122.3787041, 37.6048346], [-122.3786383, 37.6048494], [-122.378583, 37.6048713], [-122.3785001, 37.6049262], [-122.378355, 37.605036], [-122.3781407, 37.6052887], [-122.3780577, 37.6053985], [-122.3778759, 37.6055124]]}}, {"type": "Feature", "properties": {"waterway": "canal", "name": "Contra Costa Canal"}, "geometry": {"type": "LineString", "coordinates": [[-122.0494871, 37.923335], [-122.049719, 37.9233459], [-122.0498734, 37.9233522]]}}, {"type": "Feature", "properties": {"waterway": "canal", "name": "Contra Costa Canal"}, "geometry": {"type": "LineString", "coordinates": [[-122.0508634, 37.9231203], [-122.052039, 37.9224118], [-122.0521976, 37.9223492], [-122.0523491, 37.9223383], [-122.0529619, 37.922403]]}}, {"type": "Feature", "properties": {"waterway": "river", "name": "Laguna Creek"}, "geometry": {"type": "LineString", "coordinates": [[-121.954052, 37.4965615], [-121.9541391, 37.4962717], [-121.9541461, 37.4961472], [-121.954146, 37.4961165], [-121.954146, 37.4959961], [-121.9540908, 37.4958148], [-121.9539938, 37.4955897], [-121.953916, 37.495441], [-121.9514164, 37.4922401], [-121.9513192, 37.4921012], [-121.9512324, 37.4919591], [-121.9511589, 37.4918247], [-121.9511084, 37.4916782], [-121.9510656, 37.4914942], [-121.9510516, 37.4912592], [-121.9510467, 37.4881465], [-121.9510463, 37.4875857], [-121.9510543, 37.4873], [-121.9510445, 37.4870586], [-121.9510151, 37.4868952], [-121.9509687, 37.4867579], [-121.9509084, 37.4866304], [-121.9507392, 37.4863058], [-121.9503735, 37.4858821], [-121.9498535, 37.4853942], [-121.9494034, 37.4848249]]}}, {"type": "Feature", "properties": {"waterway": "canal", "name": "Contra Costa Canal"}, "geometry": {"type": "LineString", "coordinates": [[-122.0755579, 37.9610716], [-122.0756953, 37.9613577]]}}, {"type": "Feature", "properties": {"waterway": "canal", "name": "Contra Costa Canal"}, "geometry": {"type": "LineString", "coordinates": [[-122.0798555, 37.9548508], [-122.0798546, 37.9549607], [-122.0798091, 37.9550712], [-122.0797353, 37.9551563], [-122.0794778, 37.9553519], [-122.0790063, 37.9557445], [-122.0789544, 37.9557696], [-122.0788847, 37.9557929], [-122.078792, 37.9558], [-122.0787303, 37.9557948], [-122.0782348, 37.9557307], [-122.077143, 37.9555905], [-122.0770148, 37.9555851], [-122.076889, 37.9556119], [-122.076146, 37.9559079], [-122.0760662, 37.9559667], [-122.0760088, 37.9560297], [-122.0757021, 37.9563701], [-122.0755187, 37.9565788], [-122.0754842, 37.9566483], [-122.0754727, 37.9567317], [-122.0754765, 37.956783], [-122.0754892, 37.9568344], [-122.0756102, 37.9571888], [-122.0756144, 37.9572453], [-122.0756042, 37.9572995], [-122.0755656, 37.9573669], [-122.075519, 37.9574107], [-122.0754208, 37.9574989], [-122.0748527, 37.9580051], [-122.0747955, 37.958046], [-122.0747432, 37.9580786], [-122.0744263, 37.9582476], [-122.0742646, 37.9583389], [-122.0742121, 37.9583734], [-122.0741869, 37.9583946], [-122.0741405, 37.9584376], [-122.0741076, 37.958486], [-122.0740222, 37.9586916], [-122.0740101, 37.9587675], [-122.0740171, 37.9588208], [-122.0740389, 37.9588734], [-122.0740696, 37.9589181], [-122.0741444, 37.9589804], [-122.0742174, 37.9590148], [-122.0744755, 37.959132], [-122.074671, 37.9592209], [-122.0747429, 37.9592682], [-122.0747969, 37.959324], [-122.0755579, 37.9610716]]}}, {"type": "Feature", "properties": {"waterway": "canal", "name": "Contra Costa Canal"}, "geometry": {"type": "LineString", "coordinates": [[-122.0756953, 37.9613577], [-122.0758274, 37.9616643], [-122.0758668, 37.9617201], [-122.0759159, 37.9617725], [-122.0759661, 37.9618029], [-122.076022, 37.9618283], [-122.0761041, 37.9618461], [-122.0762003, 37.9618461], [-122.0764323, 37.961835], [-122.0765131, 37.9618264], [-122.0765926, 37.9618102], [-122.0772726, 37.9616512], [-122.0776586, 37.9615612], [-122.0777323, 37.9615565], [-122.0777949, 37.9615661], [-122.0778424, 37.9615843], [-122.0778784, 37.9616063], [-122.0779251, 37.9616565], [-122.0779474, 37.9616937], [-122.0779576, 37.9617335], [-122.0779562, 37.961776], [-122.07794, 37.9618179], [-122.0778614, 37.9619365], [-122.0776085, 37.9623856], [-122.0773446, 37.9628314], [-122.0773198, 37.9629086], [-122.0773166, 37.9629674], [-122.07733, 37.9630571], [-122.0774569, 37.9636317], [-122.0775281, 37.9639688], [-122.0775536, 37.9640271], [-122.0775964, 37.9640872], [-122.0777574, 37.9642855], [-122.0778165, 37.9643572], [-122.0778896, 37.9644603], [-122.0779059, 37.9645412]]}}, {"type": "Feature", "properties": {"waterway": "canal", "name": "Contra Costa Canal"}, "geometry": {"type": "LineString", "coordinates": [[-122.0665235, 37.9230555], [-122.0666817, 37.9230733], [-122.0677205, 37.9234616], [-122.0677814, 37.9234795], [-122.0690272, 37.9237822], [-122.0690842, 37.923809], [-122.0691301, 37.9238464], [-122.0692244, 37.9239937], [-122.0692357, 37.924014]]}}, {"type": "Feature", "properties": {"waterway": "canal", "name": "Contra Costa Canal"}, "geometry": {"type": "LineString", "coordinates": [[-122.0761989, 37.9929632], [-122.0762012, 37.9930411], [-122.0761994, 37.9931164], [-122.0761819, 37.9931627], [-122.0755963, 37.9942157], [-122.0755637, 37.9943207], [-122.0755576, 37.9943855], [-122.075566, 37.994434], [-122.0756182, 37.9945186], [-122.0756698, 37.9945726]]}}, {"type": "Feature", "properties": {"waterway": "canal", "name": "Contra Costa Canal"}, "geometry": {"type": "LineString", "coordinates": [[-122.0769408, 37.9902863], [-122.0761989, 37.9929632]]}}, {"type": "Feature", "properties": {"waterway": "canal", "name": "Contra Costa Canal"}, "geometry": {"type": "LineString", "coordinates": [[-122.0764073, 37.9985818], [-122.0763609, 37.9986656], [-122.0763716, 37.9987079], [-122.0767987, 37.9989407]]}}, {"type": "Feature", "properties": {"waterway": "canal", "name": "Contra Costa Canal"}, "geometry": {"type": "LineString", "coordinates": [[-122.0775432, 37.9958513], [-122.0764073, 37.9985818]]}}, {"type": "Feature", "properties": {"waterway": "canal", "name": ""}, "geometry": {"type": "LineString", "coordinates": [[-122.1776735, 37.4864437], [-122.1783293, 37.4865864]]}}, {"type": "Feature", "properties": {"waterway": "canal", "name": "Contra Costa Canal"}, "geometry": {"type": "LineString", "coordinates": [[-121.9624557, 38.0252963], [-121.9638571, 38.0253457], [-121.963991, 38.025381], [-121.9643096, 38.0254896]]}}, {"type": "Feature", "properties": {"waterway": "canal", "name": "Contra Costa Canal"}, "geometry": {"type": "LineString", "coordinates": [[-121.9614989, 38.0252687], [-121.9624557, 38.0252963]]}}, {"type": "Feature", "properties": {"waterway": "river", "name": ""}, "geometry": {"type": "LineString", "coordinates": [[-122.3930906, 37.6684388], [-122.3928197, 37.6682753]]}}, {"type": "Feature", "properties": {"waterway": "river", "name": ""}, "geometry": {"type": "LineString", "coordinates": [[-122.3928197, 37.6682753], [-122.3928036, 37.6682652]]}}, {"type": "Feature", "properties": {"waterway": "river", "name": ""}, "geometry": {"type": "LineString", "coordinates": [[-122.3949734, 37.6668411], [-122.3945917, 37.6672329], [-122.3943869, 37.6674227], [-122.3943109, 37.6675234], [-122.3936539, 37.6682074], [-122.3934293, 37.6684323], [-122.3933589, 37.6684792], [-122.3932925, 37.6685013], [-122.3931966, 37.6684951], [-122.3930906, 37.6684388]]}}, {"type": "Feature", "properties": {"waterway": "canal", "name": "Contra Costa Canal"}, "geometry": {"type": "LineString", "coordinates": [[-121.981129, 38.034212], [-121.9871661, 38.036158], [-121.9874425, 38.0361556], [-121.989929, 38.0359564], [-121.9900757, 38.0359796], [-121.9902037, 38.0360366], [-121.9903071, 38.036138], [-121.9905822, 38.0366583], [-121.9913718, 38.0374695], [-121.9915119, 38.037558], [-121.9923234, 38.0377302], [-121.9942822, 38.037717], [-121.9969347, 38.0382305], [-121.9984492, 38.0383075], [-121.9998869, 38.0389705], [-122.0000918, 38.038994], [-122.000281, 38.038977], [-122.0004352, 38.0389225], [-122.0012391, 38.0385145], [-122.0015131, 38.0384661], [-122.0017627, 38.0385447], [-122.0021474, 38.0388471], [-122.0022945, 38.0388826], [-122.0026737, 38.0388958], [-122.0028988, 38.0388154], [-122.0031545, 38.0385001], [-122.0033468, 38.0383846], [-122.0035705, 38.0383652], [-122.0037657, 38.0384331], [-122.0042644, 38.0388078], [-122.0044481, 38.0389164], [-122.0052592, 38.0393285], [-122.0053611, 38.0393883], [-122.0054516, 38.0394931], [-122.0059791, 38.0402109], [-122.0065319, 38.040524], [-122.0067218, 38.0405662], [-122.0071944, 38.0404664], [-122.0073957, 38.0403165], [-122.0077704, 38.0394203], [-122.0079189, 38.0392565], [-122.0081232, 38.0392039], [-122.0085331, 38.0392271], [-122.0087286, 38.0392625], [-122.0088838, 38.0393466], [-122.0089673, 38.0394508], [-122.0092246, 38.0399437], [-122.0093756, 38.0400838], [-122.0095897, 38.0401756], [-122.0134147, 38.0406761], [-122.0136292, 38.040678], [-122.0166728, 38.0401756], [-122.017464, 38.0401181], [-122.0196537, 38.0397657], [-122.020292, 38.0394398], [-122.0218929, 38.0392861], [-122.0235642, 38.0388928], [-122.0241155, 38.0386548], [-122.0242385, 38.0384782], [-122.024206, 38.0378127], [-122.0242634, 38.0376657], [-122.0243608, 38.0375728], [-122.0245056, 38.0375158], [-122.0246878, 38.0375022], [-122.0257589, 38.0374883], [-122.0260627, 38.0373967], [-122.0271231, 38.036489], [-122.0273487, 38.036098], [-122.0282843, 38.0355255], [-122.0286839, 38.0351367], [-122.029553, 38.0337911], [-122.0300389, 38.0333581], [-122.0301191, 38.0331608], [-122.0300471, 38.0330145], [-122.0298919, 38.032902], [-122.0296926, 38.0328382], [-122.0295105, 38.0328534], [-122.0287914, 38.0329906], [-122.0286114, 38.0329605], [-122.0284469, 38.0328439], [-122.0283487, 38.032627], [-122.0283919, 38.03242], [-122.0286006, 38.0322656], [-122.0295211, 38.0317695], [-122.0296839, 38.0315847], [-122.029678, 38.0313717], [-122.0296476, 38.0312498], [-122.0295042, 38.0311109], [-122.0283007, 38.0301932], [-122.0279045, 38.0294773], [-122.0278164, 38.028704], [-122.0279476, 38.0281457], [-122.0276031, 38.0273906], [-122.0273635, 38.0266861], [-122.0267808, 38.0261704], [-122.0266139, 38.025679], [-122.0264732, 38.0255584], [-122.0260027, 38.0253768], [-122.025875, 38.0252603], [-122.0258584, 38.0250824], [-122.0261398, 38.0246853], [-122.0261571, 38.0245752], [-122.0261174, 38.0244548], [-122.0259791, 38.0243348], [-122.0248614, 38.0236005], [-122.0245775, 38.0234829], [-122.0235826, 38.0233055], [-122.0228708, 38.0229057], [-122.0212291, 38.0225389], [-122.0198442, 38.0219903], [-122.0196978, 38.0219127], [-122.0190022, 38.0211998], [-122.0188931, 38.0211251], [-122.0187661, 38.0210828], [-122.0174783, 38.020869], [-122.0162785, 38.0205264], [-122.0161296, 38.0204659], [-122.0158797, 38.0202501], [-122.0152546, 38.0196487], [-122.0151128, 38.0195551], [-122.0149693, 38.0194984], [-122.012632, 38.0189608], [-122.0125253, 38.0189049], [-122.0124285, 38.0188152], [-122.011842, 38.017748], [-122.0116986, 38.0176387], [-122.0104341, 38.0170676], [-122.0102313, 38.0170363], [-122.0091468, 38.017114], [-122.0089244, 38.017059], [-122.0053553, 38.0148608], [-122.0052792, 38.0147552], [-122.0052442, 38.0145979], [-122.005657, 38.0133231], [-122.0056486, 38.0132092], [-122.0056073, 38.0131482]]}}, {"type": "Feature", "properties": {"waterway": "canal", "name": "Contra Costa Canal"}, "geometry": {"type": "LineString", "coordinates": [[-122.000916, 37.9992545], [-122.0011302, 37.9992987]]}}, {"type": "Feature", "properties": {"waterway": "canal", "name": "Contra Costa Canal"}, "geometry": {"type": "LineString", "coordinates": [[-121.8854473, 38.0038503], [-121.885858, 38.0040065]]}}, {"type": "Feature", "properties": {"waterway": "canal", "name": "Contra Costa Canal"}, "geometry": {"type": "LineString", "coordinates": [[-121.8635487, 37.998244], [-121.8668521, 37.9993189]]}}, {"type": "Feature", "properties": {"waterway": "canal", "name": "Contra Costa Canal"}, "geometry": {"type": "LineString", "coordinates": [[-121.8668521, 37.9993189], [-121.8680405, 37.9996969], [-121.8681186, 37.9997355], [-121.8689742, 38.0003674], [-121.8691548, 38.0004278], [-121.8706618, 38.0007255], [-121.8708341, 38.0007313], [-121.8736097, 38.0002569], [-121.8741465, 38.000164], [-121.8761803, 37.9998182], [-121.8799763, 37.9995464], [-121.8802409, 37.9995273], [-121.8803897, 37.999549], [-121.8813607, 38.000018], [-121.8814853, 38.0001142], [-121.8848786, 38.0035935], [-121.8852649, 38.0037694], [-121.8854473, 38.0038503]]}}, {"type": "Feature", "properties": {"waterway": "canal", "name": "Contra Costa Canal"}, "geometry": {"type": "LineString", "coordinates": [[-122.0011302, 37.9992987], [-122.0020777, 37.9994941], [-122.004761, 37.999344], [-122.0050079, 37.9993755], [-122.0052093, 37.9994724], [-122.0061959, 38.0001997], [-122.0063448, 38.0002438], [-122.0066417, 38.0001493], [-122.0067742, 38.0001354], [-122.0069099, 38.000187], [-122.0074822, 38.0005569], [-122.0086667, 38.0010777], [-122.0099112, 38.0018554], [-122.0108554, 38.0019772], [-122.0111558, 38.0019366], [-122.0114304, 38.0018419], [-122.0115678, 38.0016864], [-122.0132415, 37.9988592], [-122.0133101, 37.9986563], [-122.0125977, 37.9969654], [-122.0114562, 37.9941921], [-122.0096795, 37.9924943], [-122.0095765, 37.9922711], [-122.0094907, 37.9920479], [-122.0094907, 37.991845], [-122.0096639, 37.9907516], [-122.0098683, 37.9888213], [-122.0101083, 37.9868659], [-122.0101808, 37.9867331], [-122.0130513, 37.9847546], [-122.0156107, 37.9835492]]}}, {"type": "Feature", "properties": {"waterway": "canal", "name": "Contra Costa Canal"}, "geometry": {"type": "LineString", "coordinates": [[-121.9800102, 38.0338654], [-121.981129, 38.034212]]}}, {"type": "Feature", "properties": {"waterway": "canal", "name": "Contra Costa Canal"}, "geometry": {"type": "LineString", "coordinates": [[-121.8565834, 37.998251], [-121.8588598, 37.9981554], [-121.8632429, 37.9981613], [-121.8635487, 37.998244]]}}, {"type": "Feature", "properties": {"waterway": "canal", "name": ""}, "geometry": {"type": "LineString", "coordinates": [[-122.2578597, 37.5649364], [-122.2576506, 37.5647857]]}}, {"type": "Feature", "properties": {"waterway": "canal", "name": "Contra Costa Canal"}, "geometry": {"type": "LineString", "coordinates": [[-122.0158377, 37.9834516], [-122.0176752, 37.9825863], [-122.0177177, 37.9824615]]}}, {"type": "Feature", "properties": {"waterway": "canal", "name": "Contra Costa Canal"}, "geometry": {"type": "LineString", "coordinates": [[-122.01777, 37.9774613], [-122.017722, 37.9753696], [-122.0174144, 37.9749081], [-122.0173549, 37.9747589], [-122.0173014, 37.9744469], [-122.0172927, 37.9743251], [-122.0173243, 37.9741319], [-122.0173738, 37.9739938], [-122.0180077, 37.9726308]]}}, {"type": "Feature", "properties": {"waterway": "canal", "name": "Contra Costa Canal"}, "geometry": {"type": "LineString", "coordinates": [[-122.0176614, 37.9803418], [-122.0176385, 37.9792256], [-122.017647, 37.9791451], [-122.0177643, 37.9788089], [-122.017803, 37.9786777]]}}, {"type": "Feature", "properties": {"waterway": "canal", "name": "Contra Costa Canal"}, "geometry": {"type": "LineString", "coordinates": [[-122.0177177, 37.9824615], [-122.0177162, 37.9821799]]}}, {"type": "Feature", "properties": {"waterway": "canal", "name": "Contra Costa Canal"}, "geometry": {"type": "LineString", "coordinates": [[-122.0176643, 37.9804847], [-122.0176614, 37.9803418]]}}, {"type": "Feature", "properties": {"waterway": "canal", "name": "Contra Costa Canal"}, "geometry": {"type": "LineString", "coordinates": [[-122.0177162, 37.9821799], [-122.0176643, 37.9804847]]}}, {"type": "Feature", "properties": {"waterway": "canal", "name": "Contra Costa Canal"}, "geometry": {"type": "LineString", "coordinates": [[-122.017803, 37.9786777], [-122.0178021, 37.9785524]]}}, {"type": "Feature", "properties": {"waterway": "canal", "name": "Contra Costa Canal"}, "geometry": {"type": "LineString", "coordinates": [[-122.0178021, 37.9785524], [-122.0177757, 37.9776548]]}}, {"type": "Feature", "properties": {"waterway": "canal", "name": "Contra Costa Canal"}, "geometry": {"type": "LineString", "coordinates": [[-122.0177757, 37.9776548], [-122.01777, 37.9774613]]}}, {"type": "Feature", "properties": {"waterway": "canal", "name": "Contra Costa Canal"}, "geometry": {"type": "LineString", "coordinates": [[-122.0156107, 37.9835492], [-122.0158377, 37.9834516]]}}, {"type": "Feature", "properties": {"waterway": "river", "name": "Rodeo Creek"}, "geometry": {"type": "LineString", "coordinates": [[-122.267195, 38.0384091], [-122.267283, 38.0385877]]}}, {"type": "Feature", "properties": {"waterway": "river", "name": "Rodeo Creek"}, "geometry": {"type": "LineString", "coordinates": [[-122.267283, 38.0385877], [-122.2674699, 38.0389323]]}}, {"type": "Feature", "properties": {"waterway": "river", "name": "Rodeo Creek"}, "geometry": {"type": "LineString", "coordinates": [[-122.2668104, 38.0376138], [-122.266842, 38.0378039]]}}, {"type": "Feature", "properties": {"waterway": "river", "name": "Rodeo Creek"}, "geometry": {"type": "LineString", "coordinates": [[-122.266842, 38.0378039], [-122.2668845, 38.0379455], [-122.267195, 38.0384091]]}}, {"type": "Feature", "properties": {"waterway": "canal", "name": "Ygnacio Canal"}, "geometry": {"type": "LineString", "coordinates": [[-122.0040161, 37.9320595], [-122.0040016, 37.9319183], [-122.0040583, 37.9314603], [-122.0040661, 37.9311394], [-122.0040174, 37.9310551]]}}, {"type": "Feature", "properties": {"waterway": "canal", "name": "Ygnacio Canal"}, "geometry": {"type": "LineString", "coordinates": [[-122.0098338, 37.9398951], [-122.0079267, 37.9396138], [-122.0077567, 37.93957], [-122.0077202, 37.9394805], [-122.0077229, 37.9393705], [-122.0077444, 37.9390807], [-122.0077739, 37.9389136], [-122.0081333, 37.9380907], [-122.0081386, 37.9379934], [-122.0080625, 37.9378565], [-122.0079766, 37.9377275], [-122.0077363, 37.9374138], [-122.0075126, 37.937224], [-122.0073984, 37.937143], [-122.0058856, 37.9364068], [-122.0057247, 37.9363264], [-122.0056485, 37.9362721], [-122.0055895, 37.936179], [-122.0055771, 37.9360324], [-122.0055745, 37.9358843], [-122.0055573, 37.9357749], [-122.0054779, 37.9356431], [-122.005274, 37.9352983], [-122.00503, 37.9349027], [-122.0049779, 37.9348314], [-122.00464, 37.9345945], [-122.0045407, 37.9345162], [-122.0044924, 37.9344401], [-122.0044855, 37.9342596], [-122.0045069, 37.9339782], [-122.0045059, 37.9337758], [-122.0044345, 37.9336228], [-122.004295, 37.9333753], [-122.0041062, 37.9330184], [-122.0040644, 37.9326624], [-122.0040526, 37.9324853], [-122.0040161, 37.9320595]]}}, {"type": "Feature", "properties": {"waterway": "canal", "name": "Ygnacio Canal"}, "geometry": {"type": "LineString", "coordinates": [[-122.0040174, 37.9310551], [-122.0038073, 37.9306917]]}}, {"type": "Feature", "properties": {"waterway": "canal", "name": "Ygnacio Canal"}, "geometry": {"type": "LineString", "coordinates": [[-122.0103161, 37.9404173], [-122.0102538, 37.9403717], [-122.0099722, 37.9400396], [-122.0098338, 37.9398951]]}}, {"type": "Feature", "properties": {"waterway": "canal", "name": "Ygnacio Canal"}, "geometry": {"type": "LineString", "coordinates": [[-122.0038073, 37.9306917], [-122.0037321, 37.9305616], [-122.0036604, 37.9303617], [-122.0036284, 37.9302385], [-122.0036417, 37.9301962], [-122.0037104, 37.9301526], [-122.0044352, 37.9299682], [-122.0044157, 37.9298752], [-122.0044439, 37.9298398], [-122.004658, 37.9297858], [-122.0047768, 37.9297012], [-122.0048448, 37.9295755], [-122.0052257, 37.9288551], [-122.0052774, 37.9287145], [-122.0054356, 37.92829], [-122.0059813, 37.9272661], [-122.0060008, 37.9265882], [-122.0057171, 37.9260356], [-122.005604, 37.9258733], [-122.005354, 37.9255393], [-122.0053072, 37.9254492], [-122.0052936, 37.9253478], [-122.0053061, 37.9245468], [-122.0051947, 37.9224337], [-122.0051256, 37.9222172], [-122.0050906, 37.9221132], [-122.0049592, 37.9217819]]}}, {"type": "Feature", "properties": {"waterway": "canal", "name": "Ygnacio Canal"}, "geometry": {"type": "LineString", "coordinates": [[-122.0049592, 37.9217819], [-122.0049119, 37.9216374]]}}, {"type": "Feature", "properties": {"waterway": "canal", "name": "Ygnacio Canal"}, "geometry": {"type": "LineString", "coordinates": [[-122.0049119, 37.9216374], [-122.0047832, 37.9212735], [-122.00464, 37.9210541], [-122.0045756, 37.9209716], [-122.0041931, 37.9207086], [-122.0037988, 37.9203658], [-122.003485, 37.9201034], [-122.0034383, 37.9200342], [-122.0034249, 37.919939], [-122.003441, 37.9198523], [-122.0035786, 37.9192903], [-122.0036328, 37.9191799]]}}, {"type": "Feature", "properties": {"waterway": "canal", "name": "Ygnacio Canal"}, "geometry": {"type": "LineString", "coordinates": [[-122.0050836, 37.9180658], [-122.0052006, 37.9178717]]}}, {"type": "Feature", "properties": {"waterway": "canal", "name": "Ygnacio Canal"}, "geometry": {"type": "LineString", "coordinates": [[-122.0123309, 37.9144326], [-122.0126957, 37.9144389]]}}, {"type": "Feature", "properties": {"waterway": "canal", "name": "Ygnacio Canal"}, "geometry": {"type": "LineString", "coordinates": [[-122.0178233, 37.9131449], [-122.0180027, 37.9130539]]}}, {"type": "Feature", "properties": {"waterway": "canal", "name": "Ygnacio Canal"}, "geometry": {"type": "LineString", "coordinates": [[-122.0163424, 37.9142576], [-122.016329, 37.913743], [-122.0163351, 37.9134412], [-122.0163557, 37.9133979], [-122.0169573, 37.9130861], [-122.0169854, 37.9130727], [-122.0170169, 37.9130661], [-122.0170684, 37.9130703], [-122.01767, 37.9131778], [-122.0177113, 37.913177], [-122.0177526, 37.9131711], [-122.0178233, 37.9131449]]}}, {"type": "Feature", "properties": {"waterway": "canal", "name": "Ygnacio Canal"}, "geometry": {"type": "LineString", "coordinates": [[-122.0126957, 37.9144389], [-122.0128812, 37.9144348]]}}, {"type": "Feature", "properties": {"waterway": "canal", "name": "Ygnacio Canal"}, "geometry": {"type": "LineString", "coordinates": [[-122.0138291, 37.9144423], [-122.013915, 37.9144422]]}}, {"type": "Feature", "properties": {"waterway": "canal", "name": "Ygnacio Canal"}, "geometry": {"type": "LineString", "coordinates": [[-122.0163317, 37.9143866], [-122.0163424, 37.9142576]]}}, {"type": "Feature", "properties": {"waterway": "canal", "name": "Ygnacio Canal"}, "geometry": {"type": "LineString", "coordinates": [[-122.013915, 37.9144422], [-122.0162621, 37.9144554], [-122.0162953, 37.9144505], [-122.0163125, 37.9144393], [-122.016327, 37.9144202], [-122.0163317, 37.9143866]]}}, {"type": "Feature", "properties": {"waterway": "canal", "name": "Ygnacio Canal"}, "geometry": {"type": "LineString", "coordinates": [[-122.0128812, 37.9144348], [-122.0138291, 37.9144423]]}}, {"type": "Feature", "properties": {"waterway": "canal", "name": "Ygnacio Canal"}, "geometry": {"type": "LineString", "coordinates": [[-122.0052006, 37.9178717], [-122.0058078, 37.9171749], [-122.0062252, 37.9167206], [-122.0062654, 37.9166296], [-122.006083, 37.9157007], [-122.0061447, 37.9156288], [-122.0062949, 37.9155801], [-122.0068928, 37.9155475]]}}, {"type": "Feature", "properties": {"waterway": "canal", "name": "Ygnacio Canal"}, "geometry": {"type": "LineString", "coordinates": [[-122.0122692, 37.9144326], [-122.0123309, 37.9144326]]}}, {"type": "Feature", "properties": {"waterway": "canal", "name": "Ygnacio Canal"}, "geometry": {"type": "LineString", "coordinates": [[-122.0068928, 37.9155475], [-122.007157, 37.915535]]}}, {"type": "Feature", "properties": {"waterway": "canal", "name": "Ygnacio Canal"}, "geometry": {"type": "LineString", "coordinates": [[-122.0087389, 37.9154703], [-122.010514, 37.9154764], [-122.012303, 37.915104], [-122.0123191, 37.9150849], [-122.0120643, 37.9144797], [-122.0120697, 37.9144438], [-122.0122692, 37.9144326]]}}, {"type": "Feature", "properties": {"waterway": "canal", "name": "Ygnacio Canal"}, "geometry": {"type": "LineString", "coordinates": [[-122.032839, 37.9114709], [-122.0329976, 37.9113855]]}}, {"type": "Feature", "properties": {"waterway": "canal", "name": "Ygnacio Canal"}, "geometry": {"type": "LineString", "coordinates": [[-122.0180027, 37.9130539], [-122.0188836, 37.9126202], [-122.0189939, 37.9122502], [-122.0190086, 37.912234], [-122.0190273, 37.9122189], [-122.0193036, 37.9120928], [-122.0202799, 37.9116066]]}}, {"type": "Feature", "properties": {"waterway": "canal", "name": "Ygnacio Canal"}, "geometry": {"type": "LineString", "coordinates": [[-122.034525, 37.9119504], [-122.0347344, 37.9119658]]}}, {"type": "Feature", "properties": {"waterway": "canal", "name": "Ygnacio Canal"}, "geometry": {"type": "LineString", "coordinates": [[-122.0329976, 37.9113855], [-122.0330363, 37.9113764], [-122.0330619, 37.9113732], [-122.0330793, 37.9113756], [-122.033103, 37.9113819], [-122.0341016, 37.9118964], [-122.0341403, 37.9119116], [-122.0341681, 37.911918], [-122.034525, 37.9119504]]}}, {"type": "Feature", "properties": {"waterway": "canal", "name": "Ygnacio Canal"}, "geometry": {"type": "LineString", "coordinates": [[-122.0367634, 37.9124676], [-122.0368241, 37.9125222], [-122.0370407, 37.9127157], [-122.0370842, 37.9127543], [-122.037148, 37.9127957], [-122.0371938, 37.9128149], [-122.0372435, 37.9128271], [-122.0373014, 37.9128405], [-122.0373424, 37.9128476], [-122.0373795, 37.9128523], [-122.0374199, 37.9128524], [-122.0374926, 37.912837], [-122.0375552, 37.9128132], [-122.0376103, 37.9127947], [-122.0376945, 37.9127616], [-122.0377247, 37.9127459], [-122.037753, 37.9127285], [-122.0377672, 37.9127124], [-122.0377996, 37.9126634], [-122.0378432, 37.9125784], [-122.0378604, 37.9125452], [-122.037874, 37.9125312], [-122.0378964, 37.9125115], [-122.0379233, 37.9124963], [-122.037958, 37.9124865], [-122.038522, 37.9125006]]}}, {"type": "Feature", "properties": {"waterway": "canal", "name": "Ygnacio Canal"}, "geometry": {"type": "LineString", "coordinates": [[-122.0390472, 37.9129549], [-122.0391931, 37.9133861], [-122.0392306, 37.9135024], [-122.0392512, 37.9135572], [-122.0392709, 37.9135798], [-122.03931, 37.9136091], [-122.0393615, 37.9136279], [-122.0393925, 37.913637], [-122.0396052, 37.9136989], [-122.0398177, 37.9137673], [-122.0398404, 37.9137813], [-122.0398611, 37.9137985], [-122.0398779, 37.913822], [-122.0399227, 37.9139036], [-122.0399541, 37.9139652], [-122.0400871, 37.9142262], [-122.0401341, 37.9143056], [-122.0401542, 37.9143441], [-122.0401826, 37.9143799], [-122.040222, 37.9144125], [-122.0403156, 37.9144693], [-122.0403815, 37.914501], [-122.0404491, 37.9145234], [-122.0406328, 37.9145536], [-122.040723, 37.9145659], [-122.0408343, 37.9145834], [-122.0409305, 37.91459], [-122.0409873, 37.9145848], [-122.0410361, 37.9145732], [-122.041287, 37.9144861], [-122.0413037, 37.9144863], [-122.0413214, 37.9144895], [-122.0413413, 37.9145071], [-122.0413523, 37.9145308]]}}, {"type": "Feature", "properties": {"waterway": "canal", "name": "Ygnacio Canal"}, "geometry": {"type": "LineString", "coordinates": [[-122.0390241, 37.9125408], [-122.0390472, 37.9129549]]}}, {"type": "Feature", "properties": {"waterway": "canal", "name": "Ygnacio Canal"}, "geometry": {"type": "LineString", "coordinates": [[-122.0240002, 37.9116166], [-122.0258156, 37.911166]]}}, {"type": "Feature", "properties": {"waterway": "canal", "name": "Ygnacio Canal"}, "geometry": {"type": "LineString", "coordinates": [[-122.0237936, 37.9116674], [-122.0240002, 37.9116166]]}}, {"type": "Feature", "properties": {"waterway": "canal", "name": "Ygnacio Canal"}, "geometry": {"type": "LineString", "coordinates": [[-122.0321436, 37.9114083], [-122.0327024, 37.9115158], [-122.0327255, 37.9115161], [-122.0327459, 37.9115128], [-122.0327723, 37.9115053], [-122.032839, 37.9114709]]}}, {"type": "Feature", "properties": {"waterway": "canal", "name": "Ygnacio Canal"}, "geometry": {"type": "LineString", "coordinates": [[-122.0202799, 37.9116066], [-122.0204976, 37.911594]]}}, {"type": "Feature", "properties": {"waterway": "canal", "name": "Ygnacio Canal"}, "geometry": {"type": "LineString", "coordinates": [[-122.0277778, 37.9105262], [-122.0279572, 37.9104775]]}}, {"type": "Feature", "properties": {"waterway": "canal", "name": "Ygnacio Canal"}, "geometry": {"type": "LineString", "coordinates": [[-122.0204976, 37.911594], [-122.0219594, 37.9118138], [-122.0220084, 37.9118105], [-122.0224437, 37.9117125], [-122.0224676, 37.9117086], [-122.0231535, 37.911814], [-122.0232238, 37.9118157], [-122.0232518, 37.9118102]]}}, {"type": "Feature", "properties": {"waterway": "canal", "name": "Ygnacio Canal"}, "geometry": {"type": "LineString", "coordinates": [[-122.0279572, 37.9104775], [-122.0289552, 37.910205], [-122.0290015, 37.9101963], [-122.0290323, 37.9102032], [-122.029805, 37.9107133], [-122.0298354, 37.9107317], [-122.0305996, 37.9111012], [-122.03065, 37.9111198], [-122.031151, 37.9112164], [-122.0317048, 37.9113239], [-122.0319353, 37.9113701]]}}, {"type": "Feature", "properties": {"waterway": "canal", "name": "Ygnacio Canal"}, "geometry": {"type": "LineString", "coordinates": [[-122.0260093, 37.911113], [-122.026401, 37.9110132], [-122.0264355, 37.9110007], [-122.0264558, 37.9109888], [-122.0267124, 37.9108205], [-122.0267435, 37.9108046], [-122.0277778, 37.9105262]]}}, {"type": "Feature", "properties": {"waterway": "canal", "name": "Ygnacio Canal"}, "geometry": {"type": "LineString", "coordinates": [[-122.0258156, 37.911166], [-122.0260093, 37.911113]]}}, {"type": "Feature", "properties": {"waterway": "canal", "name": "Ygnacio Canal"}, "geometry": {"type": "LineString", "coordinates": [[-122.0319353, 37.9113701], [-122.0321436, 37.9114083]]}}, {"type": "Feature", "properties": {"waterway": "canal", "name": "Ygnacio Canal"}, "geometry": {"type": "LineString", "coordinates": [[-122.0079158, 37.9154957], [-122.0081687, 37.9154879], [-122.0083002, 37.9154843], [-122.0087389, 37.9154703]]}}, {"type": "Feature", "properties": {"waterway": "canal", "name": "Ygnacio Canal"}, "geometry": {"type": "LineString", "coordinates": [[-122.007157, 37.915535], [-122.0079158, 37.9154957]]}}, {"type": "Feature", "properties": {"waterway": "canal", "name": ""}, "geometry": {"type": "LineString", "coordinates": [[-122.0902019, 37.6102901], [-122.0900621, 37.6101611]]}}, {"type": "Feature", "properties": {"waterway": "canal", "name": ""}, "geometry": {"type": "LineString", "coordinates": [[-122.0900621, 37.6101611], [-122.0887529, 37.6090624], [-122.0883799, 37.6087328], [-122.088214, 37.6085571], [-122.0881588, 37.6084748]]}}, {"type": "Feature", "properties": {"waterway": "river", "name": "Rodeo Creek"}, "geometry": {"type": "LineString", "coordinates": [[-122.2657186, 38.0333177], [-122.2657322, 38.0333765], [-122.2659464, 38.0336164], [-122.2660326, 38.0339765], [-122.2661962, 38.0345804], [-122.2662072, 38.0349957], [-122.266261, 38.0354943], [-122.2665562, 38.0363144], [-122.2667121, 38.0368703], [-122.2668104, 38.0376138]]}}, {"type": "Feature", "properties": {"waterway": "canal", "name": ""}, "geometry": {"type": "LineString", "coordinates": [[-122.4164487, 37.4521815], [-122.4165314, 37.452132], [-122.416621, 37.4520771], [-122.4167038, 37.4520332], [-122.4167658, 37.4519453]]}}, {"type": "Feature", "properties": {"waterway": "canal", "name": "Contra Costa Canal"}, "geometry": {"type": "LineString", "coordinates": [[-122.0805497, 38.0056607], [-122.080876, 38.0057557], [-122.0812576, 38.0058049], [-122.0816678, 38.0060851], [-122.0826919, 38.0069698], [-122.0830799, 38.007548]]}}, {"type": "Feature", "properties": {"waterway": "canal", "name": "Contra Costa Canal"}, "geometry": {"type": "LineString", "coordinates": [[-122.0830799, 38.007548], [-122.0831134, 38.0075796], [-122.0831396, 38.0076004], [-122.0832061, 38.0076153], [-122.083307, 38.0076244], [-122.0833926, 38.0076483], [-122.0834881, 38.0077], [-122.0835789, 38.0077595], [-122.0836956, 38.0078543], [-122.0842116, 38.0083215], [-122.0842831, 38.0083569], [-122.0851205, 38.0086576], [-122.085147, 38.0086788], [-122.0851706, 38.0087034], [-122.0851902, 38.0087531], [-122.085262, 38.0091682], [-122.0852961, 38.0092377], [-122.0855386, 38.0095859], [-122.0856209, 38.0097082], [-122.0856962, 38.0097686], [-122.0861421, 38.0100682], [-122.0861654, 38.0101007], [-122.0861788, 38.0101412], [-122.0861285, 38.0105461], [-122.0861407, 38.0105597], [-122.0861552, 38.0105708], [-122.0861846, 38.0105829]]}}, {"type": "Feature", "properties": {"waterway": "canal", "name": "Contra Costa Canal"}, "geometry": {"type": "LineString", "coordinates": [[-122.0861846, 38.0105829], [-122.0895011, 38.0112442], [-122.0896059, 38.0111756], [-122.0899977, 38.0109192], [-122.0905701, 38.0107269], [-122.0910583, 38.0107866], [-122.0915297, 38.0109723], [-122.0918431, 38.0109651], [-122.0921106, 38.010959], [-122.0925988, 38.011085], [-122.0929439, 38.0112575], [-122.0939877, 38.0111338], [-122.0943774, 38.0111286], [-122.0945359, 38.0111234], [-122.0950152, 38.0113234]]}}, {"type": "Feature", "properties": {"waterway": "canal", "name": "Contra Costa Canal"}, "geometry": {"type": "LineString", "coordinates": [[-122.0964422, 38.011536], [-122.0964882, 38.0115566], [-122.096789, 38.0117128], [-122.0969544, 38.0117952], [-122.0970889, 38.0118702], [-122.097551, 38.0121388], [-122.0976616, 38.0122276], [-122.097838, 38.0123826], [-122.0978755, 38.0124], [-122.0979173, 38.0124035], [-122.0979754, 38.0123855]]}}, {"type": "Feature", "properties": {"waterway": "canal", "name": "Contra Costa Canal"}, "geometry": {"type": "LineString", "coordinates": [[-122.1061423, 38.0108418], [-122.1063851, 38.0107701]]}}, {"type": "Feature", "properties": {"waterway": "canal", "name": "Contra Costa Canal"}, "geometry": {"type": "LineString", "coordinates": [[-122.0979754, 38.0123855], [-122.0981153, 38.0122909], [-122.099215, 38.0118049], [-122.0995433, 38.0113706], [-122.0999499, 38.0108328], [-122.1000465, 38.0108032], [-122.100186, 38.0108243], [-122.1007128, 38.0110357], [-122.1021649, 38.0116184], [-122.1022786, 38.011562], [-122.1030951, 38.0105141], [-122.1032929, 38.0103616], [-122.1037502, 38.0103805]]}}, {"type": "Feature", "properties": {"waterway": "canal", "name": "Contra Costa Canal"}, "geometry": {"type": "LineString", "coordinates": [[-122.0800285, 37.9498277], [-122.0800157, 37.9518184], [-122.080008, 37.9531983], [-122.0798625, 37.9536708], [-122.0798634, 37.9538284], [-122.0798555, 37.9548508]]}}, {"type": "Feature", "properties": {"waterway": "canal", "name": "Contra Costa Canal"}, "geometry": {"type": "LineString", "coordinates": [[-122.1037502, 38.0103805], [-122.1038354, 38.0103755], [-122.1041258, 38.0103998], [-122.104194, 38.0103915], [-122.1046767, 38.0102639], [-122.1047417, 38.0102449], [-122.1047886, 38.0102458], [-122.1048692, 38.010288], [-122.10547, 38.010722], [-122.1057296, 38.0109129], [-122.1057475, 38.0109262], [-122.1057688, 38.0109359], [-122.1057916, 38.010938], [-122.1058155, 38.0109354], [-122.1061423, 38.0108418]]}}, {"type": "Feature", "properties": {"waterway": "canal", "name": "Contra Costa Canal"}, "geometry": {"type": "LineString", "coordinates": [[-122.0769292, 37.9990092], [-122.0772493, 37.9992252], [-122.0773591, 37.999276], [-122.0779491, 37.999456], [-122.0781571, 37.9995712], [-122.0783278, 37.9996737], [-122.078653, 37.9999286], [-122.0787347, 38.0000099], [-122.0788142, 38.0001014], [-122.0789465, 38.0002762], [-122.0790284, 38.0003972], [-122.0791021, 38.0006017], [-122.0791846, 38.0009974], [-122.0791851, 38.0011005], [-122.0791378, 38.0011773], [-122.07906, 38.0012307], [-122.0790121, 38.0012418], [-122.078962, 38.0012426], [-122.0786343, 38.0011917], [-122.0781955, 38.0010624], [-122.0781633, 38.0010573], [-122.0781315, 38.0010658], [-122.078109, 38.0010862], [-122.0781038, 38.0011133]]}}, {"type": "Feature", "properties": {"waterway": "canal", "name": "Contra Costa Canal"}, "geometry": {"type": "LineString", "coordinates": [[-122.0781038, 38.0011133], [-122.077997, 38.0015781]]}}, {"type": "Feature", "properties": {"waterway": "canal", "name": "San Pablo Dam Spillway"}, "geometry": {"type": "LineString", "coordinates": [[-122.2587901, 37.9442892], [-122.2587951, 37.9446827], [-122.2587933, 37.9448553], [-122.259458, 37.9451718], [-122.2598456, 37.9453263], [-122.260187, 37.945434], [-122.2605532, 37.9454935], [-122.260938, 37.9455395], [-122.261818, 37.9456055], [-122.264003, 37.9457571], [-122.2647157, 37.9457963]]}}, {"type": "Feature", "properties": {"waterway": "canal", "name": "Briones Reservoir Spillway"}, "geometry": {"type": "LineString", "coordinates": [[-122.2063042, 37.9117105], [-122.2065375, 37.9115629], [-122.2072015, 37.9112237], [-122.2105424, 37.9095494], [-122.2110971, 37.9092792]]}}, {"type": "Feature", "properties": {"waterway": "canal", "name": ""}, "geometry": {"type": "LineString", "coordinates": [[-122.1006298, 37.6199816], [-122.1005099, 37.6198781]]}}, {"type": "Feature", "properties": {"waterway": "canal", "name": ""}, "geometry": {"type": "LineString", "coordinates": [[-122.0970802, 37.619284], [-122.0971063, 37.6189716]]}}, {"type": "Feature", "properties": {"waterway": "canal", "name": ""}, "geometry": {"type": "LineString", "coordinates": [[-122.1062778, 37.6249343], [-122.1055155, 37.6242657], [-122.1041816, 37.6231124], [-122.1028157, 37.6218924], [-122.1013258, 37.620589], [-122.1006298, 37.6199816]]}}, {"type": "Feature", "properties": {"waterway": "canal", "name": ""}, "geometry": {"type": "LineString", "coordinates": [[-122.0971063, 37.6189716], [-122.0971617, 37.6184171], [-122.0972305, 37.6176864], [-122.0972627, 37.6173309], [-122.0972578, 37.6172616], [-122.0972213, 37.6171327]]}}, {"type": "Feature", "properties": {"waterway": "river", "name": ""}, "geometry": {"type": "LineString", "coordinates": [[-122.2287575, 37.7305013], [-122.2288798, 37.7311791], [-122.2291617, 37.7324556]]}}, {"type": "Feature", "properties": {"waterway": "canal", "name": "Atherton Channel"}, "geometry": {"type": "LineString", "coordinates": [[-122.1819491, 37.4850938], [-122.1812224, 37.4864422], [-122.181126, 37.4866116], [-122.181043, 37.4867373], [-122.1810071, 37.4867937]]}}, {"type": "Feature", "properties": {"waterway": "canal", "name": "Atherton Channel"}, "geometry": {"type": "LineString", "coordinates": [[-122.1810071, 37.4867937], [-122.1809565, 37.486908]]}}, {"type": "Feature", "properties": {"waterway": "canal", "name": "Atherton Channel"}, "geometry": {"type": "LineString", "coordinates": [[-122.1809565, 37.486908], [-122.1808553, 37.4870674]]}}, {"type": "Feature", "properties": {"waterway": "canal", "name": "Atherton Channel"}, "geometry": {"type": "LineString", "coordinates": [[-122.1808553, 37.4870674], [-122.1808006, 37.4871419]]}}, {"type": "Feature", "properties": {"waterway": "canal", "name": "Atherton Channel"}, "geometry": {"type": "LineString", "coordinates": [[-122.1808006, 37.4871419], [-122.1806106, 37.4874427]]}}, {"type": "Feature", "properties": {"waterway": "canal", "name": "Contra Costa Canal"}, "geometry": {"type": "LineString", "coordinates": [[-122.0754708, 37.9762741], [-122.0761159, 37.9767842]]}}, {"type": "Feature", "properties": {"waterway": "canal", "name": "Contra Costa Canal"}, "geometry": {"type": "LineString", "coordinates": [[-122.0761159, 37.9767842], [-122.0763212, 37.9769584], [-122.0763564, 37.9770205], [-122.0764769, 37.9773295]]}}, {"type": "Feature", "properties": {"waterway": "canal", "name": "Contra Costa Canal"}, "geometry": {"type": "LineString", "coordinates": [[-122.079531, 37.9819806], [-122.0792394, 37.9835202]]}}, {"type": "Feature", "properties": {"waterway": "canal", "name": "Contra Costa Canal"}, "geometry": {"type": "LineString", "coordinates": [[-122.0792394, 37.9835202], [-122.0792177, 37.9836581], [-122.0792044, 37.9837279], [-122.0791772, 37.9837932], [-122.0791482, 37.9838393], [-122.0791096, 37.9838832], [-122.0790582, 37.9839205], [-122.0789997, 37.9839515], [-122.0777963, 37.9843494], [-122.0777128, 37.9843861], [-122.0776476, 37.9844324], [-122.0775484, 37.9845485], [-122.0771531, 37.9850021], [-122.0769877, 37.9851945], [-122.0769108, 37.9853086], [-122.0769036, 37.9853913], [-122.0769168, 37.9854872], [-122.0770695, 37.9860104], [-122.0770868, 37.9860787], [-122.0770905, 37.9861112], [-122.0770806, 37.9862448], [-122.0770286, 37.9869353], [-122.0770101, 37.9870016], [-122.0767313, 37.9876453], [-122.0766904, 37.9877552], [-122.0766904, 37.9878417], [-122.0767145, 37.988073], [-122.0767843, 37.9886119], [-122.0767806, 37.988725], [-122.0765472, 37.9897275], [-122.0765466, 37.9897828], [-122.0765576, 37.9898381], [-122.0765887, 37.9899071], [-122.0766663, 37.9899822], [-122.0768747, 37.9901502], [-122.0769457, 37.990208], [-122.0769469, 37.9902463], [-122.0769408, 37.9902863]]}}, {"type": "Feature", "properties": {"waterway": "canal", "name": "Contra Costa Canal"}, "geometry": {"type": "LineString", "coordinates": [[-122.0738391, 37.9712869], [-122.0738098, 37.97151]]}}, {"type": "Feature", "properties": {"waterway": "canal", "name": "Contra Costa Canal"}, "geometry": {"type": "LineString", "coordinates": [[-122.0738098, 37.97151], [-122.0737449, 37.9742647], [-122.0737596, 37.97433], [-122.0737849, 37.974394], [-122.0739518, 37.9748094], [-122.0742873, 37.9752707], [-122.0743898, 37.9753806], [-122.0744578, 37.9754222], [-122.0745122, 37.9754442], [-122.0748284, 37.9755859], [-122.0748693, 37.9756267]]}}, {"type": "Feature", "properties": {"waterway": "canal", "name": "Contra Costa Canal"}, "geometry": {"type": "LineString", "coordinates": [[-122.0772241, 37.9672033], [-122.0762453, 37.9677466], [-122.0757763, 37.968006], [-122.0753768, 37.9682259], [-122.0749384, 37.9684663], [-122.0748588, 37.9685157], [-122.0748132, 37.9685564], [-122.0747852, 37.9685884], [-122.0747521, 37.9686595], [-122.0747214, 37.968786], [-122.0744732, 37.9698644], [-122.0743814, 37.9702595], [-122.0743682, 37.9703346], [-122.0743631, 37.970411], [-122.0743467, 37.970671], [-122.0743336, 37.970762], [-122.0743076, 37.9708129], [-122.0742726, 37.9708593], [-122.0741326, 37.9709721], [-122.0739718, 37.9711012], [-122.0739104, 37.9711552], [-122.0738742, 37.9711907], [-122.0738415, 37.9712471], [-122.0738391, 37.9712869]]}}, {"type": "Feature", "properties": {"waterway": "canal", "name": "Contra Costa Canal"}, "geometry": {"type": "LineString", "coordinates": [[-122.0779912, 37.9667771], [-122.0772241, 37.9672033]]}}, {"type": "Feature", "properties": {"waterway": "canal", "name": "Contra Costa Canal"}, "geometry": {"type": "LineString", "coordinates": [[-122.0779059, 37.9645412], [-122.0780116, 37.9651423]]}}, {"type": "Feature", "properties": {"waterway": "canal", "name": "Contra Costa Canal"}, "geometry": {"type": "LineString", "coordinates": [[-122.0780116, 37.9651423], [-122.0781826, 37.9660854], [-122.0782333, 37.9663489], [-122.0782559, 37.9664992], [-122.0782361, 37.9665881], [-122.0781967, 37.9666645], [-122.0781147, 37.9667175], [-122.0779912, 37.9667771]]}}, {"type": "Feature", "properties": {"waterway": "canal", "name": "Contra Costa Canal"}, "geometry": {"type": "LineString", "coordinates": [[-122.077997, 38.0015781], [-122.0779746, 38.0016928], [-122.0781462, 38.0020252], [-122.0782146, 38.0021515], [-122.0783156, 38.0022982]]}}, {"type": "Feature", "properties": {"waterway": "canal", "name": "Contra Costa Canal"}, "geometry": {"type": "LineString", "coordinates": [[-122.0783156, 38.0022982], [-122.0784256, 38.0024528]]}}, {"type": "Feature", "properties": {"waterway": "canal", "name": "Contra Costa Canal"}, "geometry": {"type": "LineString", "coordinates": [[-122.0768889, 37.9954166], [-122.0775379, 37.9958068], [-122.0775451, 37.9958298], [-122.0775432, 37.9958513]]}}, {"type": "Feature", "properties": {"waterway": "canal", "name": "Contra Costa Canal"}, "geometry": {"type": "LineString", "coordinates": [[-122.076564, 37.9952046], [-122.0768889, 37.9954166]]}}, {"type": "Feature", "properties": {"waterway": "canal", "name": "Contra Costa Canal"}, "geometry": {"type": "LineString", "coordinates": [[-122.0760279, 37.994855], [-122.076564, 37.9952046]]}}, {"type": "Feature", "properties": {"waterway": "canal", "name": "Contra Costa Canal"}, "geometry": {"type": "LineString", "coordinates": [[-122.0756698, 37.9945726], [-122.0760279, 37.994855]]}}, {"type": "Feature", "properties": {"waterway": "canal", "name": "Contra Costa Canal"}, "geometry": {"type": "LineString", "coordinates": [[-122.0767987, 37.9989407], [-122.0769292, 37.9990092]]}}, {"type": "Feature", "properties": {"waterway": "canal", "name": "Contra Costa Canal"}, "geometry": {"type": "LineString", "coordinates": [[-122.0764769, 37.9773295], [-122.076639, 37.9777442]]}}, {"type": "Feature", "properties": {"waterway": "canal", "name": "Contra Costa Canal"}, "geometry": {"type": "LineString", "coordinates": [[-122.076639, 37.9777442], [-122.0766666, 37.9778298], [-122.0766554, 37.9778908], [-122.0766052, 37.9779684], [-122.0763537, 37.9783361], [-122.0763336, 37.9783844], [-122.0763234, 37.9784337], [-122.0763179, 37.9784755], [-122.0763225, 37.9785183], [-122.0763418, 37.9785726], [-122.0763812, 37.9786474], [-122.0768601, 37.9792502], [-122.0768981, 37.9792819], [-122.0769526, 37.9793169], [-122.0770106, 37.9793456], [-122.0770719, 37.9793711], [-122.0779612, 37.9797357], [-122.0780223, 37.9797538], [-122.0780877, 37.9797622], [-122.078202, 37.9797511], [-122.0783267, 37.9797244], [-122.0784073, 37.9797181], [-122.0784579, 37.9797209], [-122.0784959, 37.979728], [-122.0786023, 37.9797703], [-122.0795371, 37.9802437], [-122.0795833, 37.9802852], [-122.0796089, 37.9803134], [-122.0796354, 37.9803517], [-122.0796568, 37.9803921], [-122.0796665, 37.9804351], [-122.0796708, 37.9804693], [-122.0796693, 37.9805748], [-122.0795645, 37.9817959], [-122.079531, 37.9819806]]}}, {"type": "Feature", "properties": {"waterway": "canal", "name": "Contra Costa Canal"}, "geometry": {"type": "LineString", "coordinates": [[-122.0785537, 37.9328995], [-122.0786533, 37.9330325], [-122.0786785, 37.9330808], [-122.0786967, 37.9335777], [-122.078712, 37.9337295], [-122.0787225, 37.9338274], [-122.0787621, 37.9338909], [-122.0787885, 37.9339242], [-122.0792687, 37.9343812], [-122.0793214, 37.9344672], [-122.079338, 37.9345426], [-122.0794249, 37.9357469], [-122.0795035, 37.936712], [-122.079583, 37.9378779], [-122.0796003, 37.9381574], [-122.079619, 37.9382381], [-122.079658, 37.9383276], [-122.0797413, 37.9385247], [-122.079996, 37.9391372], [-122.0805873, 37.9405876], [-122.0805993, 37.940653], [-122.0805888, 37.9407173], [-122.0804647, 37.9410991], [-122.0803315, 37.9414749], [-122.0803085, 37.9416076], [-122.0803373, 37.9420583], [-122.0803646, 37.9425405], [-122.0803927, 37.9426071], [-122.0804378, 37.9426748], [-122.0804819, 37.9427143], [-122.0808339, 37.9429125], [-122.0811855, 37.9431027], [-122.0812683, 37.9431576], [-122.0813158, 37.9432207], [-122.0813332, 37.9433629]]}}, {"type": "Feature", "properties": {"waterway": "canal", "name": "Contra Costa Canal"}, "geometry": {"type": "LineString", "coordinates": [[-122.0783937, 37.9327149], [-122.0785537, 37.9328995]]}}, {"type": "Feature", "properties": {"waterway": "canal", "name": "Contra Costa Canal"}, "geometry": {"type": "LineString", "coordinates": [[-122.0813332, 37.9433629], [-122.0813365, 37.9436149]]}}, {"type": "Feature", "properties": {"waterway": "canal", "name": "Contra Costa Canal"}, "geometry": {"type": "LineString", "coordinates": [[-122.0813365, 37.9436149], [-122.0813403, 37.9439548], [-122.0813673, 37.9446428], [-122.08139, 37.9452165], [-122.0813712, 37.9453242], [-122.081326, 37.9453969], [-122.0809455, 37.9458597], [-122.0808075, 37.9460355], [-122.080778, 37.9461447], [-122.0806065, 37.9469755], [-122.080432, 37.9478016], [-122.0803069, 37.9484189], [-122.080096, 37.9494283], [-122.0800332, 37.9497382], [-122.0800285, 37.9498277]]}}, {"type": "Feature", "properties": {"waterway": "river", "name": "Sulphur Creek"}, "geometry": {"type": "LineString", "coordinates": [[-122.1477071, 37.6564416], [-122.149275, 37.6564281], [-122.1539907, 37.6563983], [-122.1573174, 37.6564336]]}}, {"type": "Feature", "properties": {"waterway": "river", "name": "San Bruno Creek"}, "geometry": {"type": "LineString", "coordinates": [[-122.4039012, 37.633854], [-122.4036958, 37.6341129], [-122.4035297, 37.6343574], [-122.4030041, 37.6353594], [-122.4028847, 37.6356705]]}}, {"type": "Feature", "properties": {"waterway": "river", "name": "San Bruno Creek"}, "geometry": {"type": "LineString", "coordinates": [[-122.4028847, 37.6356705], [-122.4028417, 37.6358592], [-122.4027717, 37.636433], [-122.4028893, 37.6371552], [-122.4030054, 37.6376631], [-122.4030029, 37.6378942], [-122.4029376, 37.6380809], [-122.4028345, 37.6382141], [-122.402714, 37.6383058], [-122.4024417, 37.6384332], [-122.401881, 37.6386021], [-122.4014057, 37.6387648], [-122.4012826, 37.6388039], [-122.4008442, 37.6389144], [-122.4007788, 37.6389258], [-122.4007103, 37.6389309], [-122.4001102, 37.638955], [-122.3984211, 37.6388768], [-122.3970543, 37.6388403], [-122.3967672, 37.6388156], [-122.3965622, 37.6388429], [-122.3957447, 37.6390628], [-122.3954607, 37.639106], [-122.3946524, 37.6392219], [-122.3944863, 37.6393067], [-122.3943487, 37.639459], [-122.3943094, 37.6395904], [-122.3943334, 37.6397202], [-122.394388, 37.6398032], [-122.394742, 37.6402064], [-122.3948949, 37.6405092], [-122.3950186, 37.6410916], [-122.3950921, 37.6412674], [-122.3951198, 37.6414121], [-122.3951126, 37.6415569], [-122.3950301, 37.6416776], [-122.3948105, 37.641805], [-122.3935791, 37.6421729], [-122.3932156, 37.642342], [-122.3929911, 37.6425346], [-122.3921334, 37.6436325], [-122.3914693, 37.6446245], [-122.3912358, 37.644838], [-122.3909768, 37.6450234], [-122.3906307, 37.6452926]]}}, {"type": "Feature", "properties": {"waterway": "canal", "name": "Contra Costa Canal"}, "geometry": {"type": "LineString", "coordinates": [[-122.0543773, 37.9225417], [-122.0545173, 37.9225653], [-122.0552349, 37.9226413]]}}, {"type": "Feature", "properties": {"waterway": "canal", "name": "Contra Costa Canal"}, "geometry": {"type": "LineString", "coordinates": [[-122.0540407, 37.9225199], [-122.0543773, 37.9225417]]}}, {"type": "Feature", "properties": {"waterway": "canal", "name": "Ygnacio Canal"}, "geometry": {"type": "LineString", "coordinates": [[-122.0413523, 37.9145308], [-122.0426416, 37.9162027]]}}, {"type": "Feature", "properties": {"waterway": "canal", "name": "Ygnacio Canal"}, "geometry": {"type": "LineString", "coordinates": [[-122.0452605, 37.9179169], [-122.0452259, 37.9181281]]}}, {"type": "Feature", "properties": {"waterway": "canal", "name": "Contra Costa Canal"}, "geometry": {"type": "LineString", "coordinates": [[-122.0108675, 37.9400583], [-122.011073, 37.9399235]]}}, {"type": "Feature", "properties": {"waterway": "canal", "name": "Contra Costa Canal"}, "geometry": {"type": "LineString", "coordinates": [[-122.011073, 37.9399235], [-122.0141997, 37.9378768], [-122.0144041, 37.9377143], [-122.0145803, 37.9375756], [-122.0148784, 37.9373574], [-122.0158612, 37.9366769], [-122.017519, 37.9355881], [-122.0176313, 37.9355408], [-122.0176834, 37.9355381], [-122.0188839, 37.9355923], [-122.0190758, 37.9355894], [-122.0192053, 37.9355311], [-122.0208111, 37.9343602], [-122.0211483, 37.934115], [-122.0286389, 37.9302544], [-122.0286949, 37.9302374], [-122.0287652, 37.9302238], [-122.0288313, 37.9302182], [-122.0289232, 37.9302442], [-122.0318778, 37.9313641], [-122.031918, 37.9313743], [-122.0319711, 37.9313755], [-122.0320329, 37.9313743], [-122.0320932, 37.9313675], [-122.0321492, 37.9313528], [-122.0322009, 37.9313336], [-122.0345367, 37.9298206], [-122.0355251, 37.929137], [-122.0402569, 37.9270747]]}}, {"type": "Feature", "properties": {"waterway": "canal", "name": "Contra Costa Canal"}, "geometry": {"type": "LineString", "coordinates": [[-122.0105432, 37.9402757], [-122.0108675, 37.9400583]]}}, {"type": "Feature", "properties": {"waterway": "canal", "name": "Contra Costa Canal"}, "geometry": {"type": "LineString", "coordinates": [[-122.0103161, 37.9404173], [-122.0105432, 37.9402757]]}}, {"type": "Feature", "properties": {"waterway": "canal", "name": "Elmhurst Creek"}, "geometry": {"type": "LineString", "coordinates": [[-122.196109, 37.7488552], [-122.1965491, 37.7488882]]}}, {"type": "Feature", "properties": {"waterway": "canal", "name": "Contra Costa Canal"}, "geometry": {"type": "LineString", "coordinates": [[-122.0213352, 37.9654725], [-122.0214297, 37.9652632], [-122.0215838, 37.9651927]]}}, {"type": "Feature", "properties": {"waterway": "canal", "name": "Contra Costa Canal"}, "geometry": {"type": "LineString", "coordinates": [[-122.0212614, 37.9656351], [-122.0213352, 37.9654725]]}}, {"type": "Feature", "properties": {"waterway": "canal", "name": "Contra Costa Canal"}, "geometry": {"type": "LineString", "coordinates": [[-122.0180077, 37.9726308], [-122.0181589, 37.972369]]}}, {"type": "Feature", "properties": {"waterway": "canal", "name": "Contra Costa Canal"}, "geometry": {"type": "LineString", "coordinates": [[-122.0181589, 37.972369], [-122.0188397, 37.9709859], [-122.0200822, 37.9681999], [-122.0212614, 37.9656351]]}}, {"type": "Feature", "properties": {"waterway": "river", "name": "Alameda Creek"}, "geometry": {"type": "LineString", "coordinates": [[-122.0728582, 37.5625639], [-122.0750094, 37.5621909], [-122.0762613, 37.5619518], [-122.0776645, 37.5617702], [-122.0794066, 37.5614848], [-122.0802625, 37.5613913], [-122.080994, 37.5614022], [-122.0848246, 37.5616489], [-122.0865086, 37.5617859], [-122.0878292, 37.5618471], [-122.0887902, 37.561946], [-122.0892412, 37.5619953], [-122.0899793, 37.5620566], [-122.0906049, 37.562104], [-122.0908471, 37.5621433], [-122.0915912, 37.5622639], [-122.0923325, 37.5623921], [-122.0934452, 37.5627388], [-122.0940205, 37.56291], [-122.0961514, 37.5637179], [-122.097951, 37.564567], [-122.0995621, 37.5652586], [-122.1022654, 37.5661351], [-122.1042547, 37.5667615], [-122.1066958, 37.5672367], [-122.1082062, 37.5678009], [-122.1088216, 37.5680233], [-122.109378, 37.5681748], [-122.1098304, 37.5682736], [-122.1119544, 37.5685464], [-122.1128276, 37.5687834], [-122.1135034, 37.5690484], [-122.1145539, 37.5696683], [-122.115846, 37.5702488], [-122.1177772, 37.5709906], [-122.1196346, 37.5715531], [-122.1204446, 37.5716364], [-122.1215551, 37.5715585], [-122.1225516, 37.5713413], [-122.1235257, 37.571016], [-122.1241582, 37.5706994], [-122.1250722, 37.5701544], [-122.1256752, 37.5695372], [-122.1260762, 37.5689836], [-122.1266352, 37.5681173], [-122.1274787, 37.5669675], [-122.12877, 37.5653364], [-122.1295998, 37.5643613]]}}, {"type": "Feature", "properties": {"waterway": "canal", "name": ""}, "geometry": {"type": "LineString", "coordinates": [[-122.0937431, 37.5618761], [-122.0928811, 37.5616459], [-122.0920522, 37.5614062], [-122.0919535, 37.5613811], [-122.0909836, 37.5611975]]}}, {"type": "Feature", "properties": {"waterway": "river", "name": ""}, "geometry": {"type": "LineString", "coordinates": [[-122.0833681, 37.5588073], [-122.0835883, 37.558343], [-122.0838292, 37.5580798], [-122.0845518, 37.5578527], [-122.0851906, 37.5580525]]}}, {"type": "Feature", "properties": {"waterway": "river", "name": ""}, "geometry": {"type": "LineString", "coordinates": [[-122.080192, 37.5587305], [-122.080323, 37.5590053], [-122.0804998, 37.55917], [-122.0807454, 37.5594104], [-122.0809167, 37.559531], [-122.0811891, 37.5595548], [-122.0815465, 37.5595887], [-122.0819876, 37.5594421], [-122.0833681, 37.5588073], [-122.0840134, 37.5585565], [-122.0844546, 37.5583528], [-122.0851906, 37.5580525], [-122.0860335, 37.557702], [-122.0866238, 37.5574408], [-122.0869594, 37.5573037]]}}, {"type": "Feature", "properties": {"waterway": "river", "name": ""}, "geometry": {"type": "LineString", "coordinates": [[-122.0872425, 37.5575446], [-122.0873519, 37.557604], [-122.0875414, 37.5576145], [-122.0878477, 37.5576264], [-122.0880281, 37.5576249], [-122.0882404, 37.5577054], [-122.0884302, 37.5577411], [-122.0885955, 37.5578186], [-122.0887252, 37.5578633], [-122.0889469, 37.5580837], [-122.0891836, 37.5584337], [-122.08955, 37.5589089], [-122.0896928, 37.5591099], [-122.0899972, 37.5594778], [-122.0909799, 37.5610868]]}}, {"type": "Feature", "properties": {"waterway": "river", "name": "Oakland Inner Harbor"}, "geometry": {"type": "LineString", "coordinates": [[-122.2752721, 37.7917475], [-122.2799379, 37.7933519], [-122.2867844, 37.7936602], [-122.294066, 37.7921975], [-122.3040122, 37.7926315], [-122.3181483, 37.7954282], [-122.3315115, 37.798873]]}}, {"type": "Feature", "properties": {"waterway": "river", "name": "Tidal Canal"}, "geometry": {"type": "LineString", "coordinates": [[-122.2235869, 37.7580603], [-122.2240472, 37.761601], [-122.2246341, 37.7644005], [-122.2264731, 37.7668442], [-122.2288991, 37.7684681], [-122.2297834, 37.7688633], [-122.2402856, 37.773556], [-122.2445507, 37.7766798]]}}, {"type": "Feature", "properties": {"waterway": "canal", "name": "Airport Channel"}, "geometry": {"type": "LineString", "coordinates": [[-122.2235869, 37.7580603], [-122.2236753, 37.749403], [-122.2231405, 37.7481657], [-122.2189416, 37.7451274], [-122.2176937, 37.7439058], [-122.2162281, 37.7424805], [-122.2143267, 37.7413215], [-122.2128016, 37.7399432], [-122.2114943, 37.7358551], [-122.2092958, 37.7314847]]}}, {"type": "Feature", "properties": {"waterway": "canal", "name": "San Pablo Canal"}, "geometry": {"type": "LineString", "coordinates": [[-122.3864145, 37.9420855], [-122.3860768, 37.9422352], [-122.385804, 37.9424477], [-122.3863248, 37.9441075], [-122.3874885, 37.9445931], [-122.3875492, 37.9446622]]}}, {"type": "Feature", "properties": {"waterway": "canal", "name": "San Pablo Canal"}, "geometry": {"type": "LineString", "coordinates": [[-122.3873901, 37.9449763], [-122.3866386, 37.9450606], [-122.3881809, 37.9500282], [-122.3881962, 37.9500775], [-122.3887508, 37.9518634]]}}, {"type": "Feature", "properties": {"waterway": "river", "name": "Castro Creek"}, "geometry": {"type": "LineString", "coordinates": [[-122.3885794, 37.9531604], [-122.3886872, 37.9532216], [-122.3892861, 37.9535602], [-122.3899524, 37.9544582], [-122.3906984, 37.9550855], [-122.3924687, 37.9561599], [-122.3935103, 37.9574966], [-122.3936423, 37.9576656], [-122.3943728, 37.9588675]]}}, {"type": "Feature", "properties": {"waterway": "canal", "name": ""}, "geometry": {"type": "LineString", "coordinates": [[-122.0814703, 37.5331916], [-122.0815409, 37.5330505], [-122.0816087, 37.5329424], [-122.0817742, 37.5327391], [-122.0819605, 37.5326347], [-122.0822727, 37.5325022], [-122.083042, 37.5323155]]}}, {"type": "Feature", "properties": {"waterway": "canal", "name": ""}, "geometry": {"type": "LineString", "coordinates": [[-122.0703164, 37.5327611], [-122.0702864, 37.5327545], [-122.0701641, 37.5326791], [-122.0700379, 37.5325702], [-122.0700034, 37.5325152], [-122.0699409, 37.5324975], [-122.0698993, 37.532514], [-122.0698437, 37.5324806], [-122.0696325, 37.5321606]]}}, {"type": "Feature", "properties": {"waterway": "river", "name": ""}, "geometry": {"type": "LineString", "coordinates": [[-122.0687021, 37.5307178], [-122.0688014, 37.5306161], [-122.0688565, 37.5305353], [-122.0688821, 37.5304712], [-122.0687243, 37.5302973], [-122.0686335, 37.5301466], [-122.0686059, 37.5300265], [-122.068281, 37.5294675], [-122.0681736, 37.5291727], [-122.0681571, 37.5290308], [-122.0681957, 37.5288976], [-122.0682039, 37.5287687], [-122.0681241, 37.5286727], [-122.067857, 37.5285329], [-122.0675706, 37.5284652], [-122.0673641, 37.5284084], [-122.0672953, 37.5282949], [-122.0672512, 37.5281835], [-122.0671741, 37.5280984], [-122.0669932, 37.5280698], [-122.0668189, 37.5281464], [-122.0665794, 37.5281704], [-122.0664169, 37.5281486], [-122.0662104, 37.5279783], [-122.0660645, 37.5278123], [-122.0659387, 37.5276118]]}}, {"type": "Feature", "properties": {"waterway": "river", "name": "Arroyo de la Laguna"}, "geometry": {"type": "LineString", "coordinates": [[-121.8902779, 37.6375716], [-121.8897475, 37.6368986], [-121.8896853, 37.6368381], [-121.8896301, 37.6367997], [-121.8895749, 37.6367392], [-121.889499, 37.6366952], [-121.889271, 37.6365193], [-121.8890708, 37.6363215], [-121.8888637, 37.6361236], [-121.8886773, 37.6359642], [-121.8885115, 37.6358377], [-121.8883872, 37.6357224], [-121.8884194, 37.6355857], [-121.8884444, 37.6354794], [-121.8884129, 37.6352134], [-121.8881164, 37.6347808], [-121.887881, 37.6345493], [-121.8878041, 37.6343896], [-121.8877021, 37.6340706], [-121.8875834, 37.6338367], [-121.8872835, 37.6335023], [-121.8869846, 37.6333529], [-121.8868692, 37.6332251], [-121.8868549, 37.6330554], [-121.8870376, 37.6326442], [-121.887153, 37.63231], [-121.8868946, 37.6317162], [-121.8865555, 37.6314824], [-121.8858843, 37.6310915], [-121.8853606, 37.6307126], [-121.8850066, 37.6302986], [-121.8846268, 37.6298663], [-121.8843225, 37.6297726], [-121.8838307, 37.6295852], [-121.88364, 37.6294568]]}}, {"type": "Feature", "properties": {"waterway": "canal", "name": "Ygnacio Canal"}, "geometry": {"type": "LineString", "coordinates": [[-122.0426416, 37.9162027], [-122.0426962, 37.9162858], [-122.0426998, 37.9163531], [-122.0426661, 37.9164447], [-122.0426456, 37.9165085], [-122.0426501, 37.9165532], [-122.0426717, 37.9166093], [-122.0427037, 37.9166597], [-122.042771, 37.9167172], [-122.0428315, 37.9167412], [-122.0429764, 37.9167754], [-122.0433037, 37.916863], [-122.0433631, 37.9168859], [-122.0438122, 37.9171219], [-122.0439621, 37.917202], [-122.0440095, 37.9172292], [-122.0440523, 37.9172414], [-122.0441181, 37.91724], [-122.044262, 37.9171968], [-122.0443736, 37.9171644], [-122.0445262, 37.9171267], [-122.0445672, 37.917131], [-122.0445907, 37.9171417], [-122.0446056, 37.9171534], [-122.0446401, 37.9171873], [-122.0446666, 37.9172341], [-122.0447163, 37.9173141], [-122.0448218, 37.917499], [-122.0449743, 37.9176286], [-122.0451631, 37.9177837], [-122.0452234, 37.917846], [-122.0452605, 37.9179169]]}}, {"type": "Feature", "properties": {"waterway": "canal", "name": ""}, "geometry": {"type": "LineString", "coordinates": [[-122.0932849, 37.613204], [-122.0934229, 37.6131161], [-122.0928357, 37.6125834], [-122.0921655, 37.6120121], [-122.0910394, 37.6110399], [-122.0902019, 37.6102901]]}}, {"type": "Feature", "properties": {"waterway": "canal", "name": ""}, "geometry": {"type": "LineString", "coordinates": [[-122.093195, 37.613259], [-122.0932849, 37.613204]]}}, {"type": "Feature", "properties": {"waterway": "river", "name": "Colma Creek"}, "geometry": {"type": "LineString", "coordinates": [[-122.4103055, 37.6495829], [-122.4101298, 37.6494673]]}}, {"type": "Feature", "properties": {"waterway": "river", "name": "Colma Creek"}, "geometry": {"type": "LineString", "coordinates": [[-122.4104145, 37.6496505], [-122.4103055, 37.6495829]]}}, {"type": "Feature", "properties": {"waterway": "river", "name": "Colma Creek"}, "geometry": {"type": "LineString", "coordinates": [[-122.4105236, 37.6497188], [-122.4104145, 37.6496505]]}}, {"type": "Feature", "properties": {"waterway": "canal", "name": "Contra Costa Canal"}, "geometry": {"type": "LineString", "coordinates": [[-122.0222284, 37.9649066], [-122.0224547, 37.9648423], [-122.0225613, 37.9648369], [-122.0226713, 37.9648338], [-122.0227773, 37.964864], [-122.023471, 37.9651943], [-122.0235692, 37.9652322], [-122.0236914, 37.9652514], [-122.0240376, 37.9652093], [-122.0242569, 37.9651833], [-122.0243695, 37.9652091], [-122.0246055, 37.9653149], [-122.0248951, 37.9654839]]}}, {"type": "Feature", "properties": {"waterway": "canal", "name": "Contra Costa Canal"}, "geometry": {"type": "LineString", "coordinates": [[-122.0215838, 37.9651927], [-122.0218601, 37.9650662], [-122.0222284, 37.9649066]]}}, {"type": "Feature", "properties": {"waterway": "canal", "name": "Contra Costa Canal"}, "geometry": {"type": "LineString", "coordinates": [[-122.0136281, 37.9461091], [-122.0136112, 37.9460592], [-122.0135868, 37.9459517], [-122.0135096, 37.9455399], [-122.0134742, 37.9454079], [-122.0134301, 37.9453322], [-122.01334, 37.9452328], [-122.0123401, 37.9444527], [-122.0113768, 37.9429711], [-122.0107815, 37.9410369], [-122.0107451, 37.9409539], [-122.0103807, 37.9405299], [-122.0103161, 37.9404173]]}}, {"type": "Feature", "properties": {"waterway": "canal", "name": "Contra Costa Canal"}, "geometry": {"type": "LineString", "coordinates": [[-122.0138754, 37.9463638], [-122.0136281, 37.9461091]]}}, {"type": "Feature", "properties": {"waterway": "canal", "name": "Contra Costa Canal"}, "geometry": {"type": "LineString", "coordinates": [[-122.0255185, 37.9659431], [-122.0256056, 37.966037], [-122.0257093, 37.9661078], [-122.02585, 37.9661429], [-122.0259702, 37.966149], [-122.026066, 37.9661236], [-122.026124, 37.9660888], [-122.0265869, 37.9656867], [-122.0266263, 37.9656334], [-122.0266533, 37.9655505], [-122.0267039, 37.9647605], [-122.0269965, 37.9642189], [-122.0270668, 37.9640674], [-122.0270627, 37.9639784], [-122.0270335, 37.9638851], [-122.0262204, 37.9622888], [-122.0261772, 37.9621609]]}}, {"type": "Feature", "properties": {"waterway": "canal", "name": "Contra Costa Canal"}, "geometry": {"type": "LineString", "coordinates": [[-122.0248951, 37.9654839], [-122.0255185, 37.9659431]]}}, {"type": "Feature", "properties": {"waterway": "river", "name": "Arroyo de la Laguna"}, "geometry": {"type": "LineString", "coordinates": [[-121.9063338, 37.6619083], [-121.9066757, 37.6616711]]}}, {"type": "Feature", "properties": {"waterway": "river", "name": "Arroyo de la Laguna"}, "geometry": {"type": "LineString", "coordinates": [[-121.9061986, 37.662013], [-121.9063338, 37.6619083]]}}, {"type": "Feature", "properties": {"waterway": "river", "name": "Arroyo de la Laguna"}, "geometry": {"type": "LineString", "coordinates": [[-121.895862, 37.6414525], [-121.895765, 37.6413146], [-121.8956451, 37.6412143], [-121.8954211, 37.6411151], [-121.8951556, 37.6409296], [-121.8950835, 37.6408499], [-121.8949942, 37.6407838], [-121.8948843, 37.640731], [-121.8947744, 37.6406577], [-121.8946898, 37.6405821], [-121.8945707, 37.6405064], [-121.8944406, 37.6404464], [-121.8942847, 37.6403489], [-121.8941589, 37.6402355], [-121.8939909, 37.6400564], [-121.8938723, 37.6399759], [-121.8935521, 37.6398541], [-121.8932925, 37.6397832], [-121.8931184, 37.6397193], [-121.8929473, 37.6396402], [-121.8927268, 37.6395343], [-121.8924178, 37.6393503], [-121.8922709, 37.639249], [-121.8920989, 37.6391535], [-121.8918401, 37.6390283], [-121.8916336, 37.6388802], [-121.8914517, 37.638741], [-121.8912617, 37.6385842], [-121.8908754, 37.6382516], [-121.890518, 37.6378991], [-121.8903411, 37.6376622]]}}, {"type": "Feature", "properties": {"waterway": "river", "name": "Arroyo de la Laguna"}, "geometry": {"type": "LineString", "coordinates": [[-121.8903411, 37.6376622], [-121.8902779, 37.6375716]]}}, {"type": "Feature", "properties": {"waterway": "river", "name": "Alameda Creek"}, "geometry": {"type": "LineString", "coordinates": [[-122.1295998, 37.5643613], [-122.130211, 37.5639424], [-122.1310236, 37.5631806], [-122.1313861, 37.5628502]]}}, {"type": "Feature", "properties": {"waterway": "canal", "name": "Contra Costa Canal"}, "geometry": {"type": "LineString", "coordinates": [[-121.8472121, 37.9922098], [-121.8472848, 37.9923251], [-121.8473277, 37.9924875], [-121.8469415, 37.9944829], [-121.8470273, 37.9946655], [-121.8476281, 37.9951593], [-121.8504698, 37.9973867], [-121.8505266, 37.9974561], [-121.8508114, 37.9981533], [-121.8508663, 37.9982171], [-121.8509497, 37.9982439], [-121.8554845, 37.9982469]]}}, {"type": "Feature", "properties": {"waterway": "canal", "name": ""}, "geometry": {"type": "LineString", "coordinates": [[-122.3863807, 37.9399779], [-122.3862667, 37.9400302], [-122.3862402, 37.9400742], [-122.3862322, 37.9401244], [-122.386463, 37.9412227], [-122.3865134, 37.941344], [-122.3866646, 37.9415636], [-122.3866884, 37.941662], [-122.3866672, 37.9417707], [-122.3866248, 37.9418565]]}}, {"type": "Feature", "properties": {"waterway": "canal", "name": ""}, "geometry": {"type": "LineString", "coordinates": [[-122.1776004, 37.4864251], [-122.1776735, 37.4864437]]}}, {"type": "Feature", "properties": {"waterway": "canal", "name": ""}, "geometry": {"type": "LineString", "coordinates": [[-122.1775872, 37.4864242], [-122.1776004, 37.4864251]]}}, {"type": "Feature", "properties": {"waterway": "canal", "name": ""}, "geometry": {"type": "LineString", "coordinates": [[-122.1784075, 37.4869504], [-122.1783277, 37.4872024], [-122.178309, 37.4872356], [-122.1782762, 37.4872551], [-122.1782364, 37.4872822]]}}, {"type": "Feature", "properties": {"waterway": "canal", "name": ""}, "geometry": {"type": "LineString", "coordinates": [[-122.1784779, 37.4867952], [-122.1784075, 37.4869504]]}}, {"type": "Feature", "properties": {"waterway": "canal", "name": ""}, "geometry": {"type": "LineString", "coordinates": [[-122.1784113, 37.4866248], [-122.1785207, 37.486699], [-122.1784779, 37.4867952]]}}, {"type": "Feature", "properties": {"waterway": "canal", "name": ""}, "geometry": {"type": "LineString", "coordinates": [[-122.1783293, 37.4865864], [-122.1784113, 37.4866248]]}}, {"type": "Feature", "properties": {"waterway": "river", "name": "Mud Slough"}, "geometry": {"type": "LineString", "coordinates": [[-121.9886311, 37.4651491], [-121.99196, 37.4660841], [-121.9945341, 37.4645978]]}}, {"type": "Feature", "properties": {"waterway": "river", "name": "Coyote Creek"}, "geometry": {"type": "LineString", "coordinates": [[-121.9246099, 37.448089], [-121.9246052, 37.4481055], [-121.9244829, 37.4483285], [-121.924386, 37.4484329], [-121.9243229, 37.4485145], [-121.9242207, 37.448688], [-121.9241823, 37.4487788], [-121.9241541, 37.448866], [-121.9240392, 37.4491331], [-121.9239953, 37.4492112], [-121.9239607, 37.4493308], [-121.9239618, 37.4494454], [-121.924019, 37.4497167], [-121.9241141, 37.4499988], [-121.9241746, 37.4501366], [-121.9242436, 37.450272], [-121.924321, 37.4504044], [-121.9245724, 37.4507852], [-121.9247896, 37.4511354], [-121.924953, 37.4514362], [-121.9250906, 37.4517492], [-121.9251167, 37.4520681], [-121.9251204, 37.4522611], [-121.925115, 37.4524541], [-121.9251005, 37.4526467], [-121.9250769, 37.4528388], [-121.9250442, 37.45303], [-121.9250094, 37.4531917], [-121.9249776, 37.4534067], [-121.9249858, 37.4536273], [-121.9249794, 37.4537692], [-121.9249696, 37.4538787], [-121.9251726, 37.4541956], [-121.9254555, 37.4543596], [-121.9255076, 37.4543766], [-121.9256211, 37.4543847], [-121.9258945, 37.4544246], [-121.9260282, 37.4544552], [-121.926159, 37.4544926], [-121.9264406, 37.4546014], [-121.9265761, 37.4546498], [-121.926915, 37.454778], [-121.9271994, 37.4548711], [-121.9275109, 37.454971], [-121.9276103, 37.4550056], [-121.9278477, 37.4551397], [-121.9279515, 37.4552122], [-121.928049, 37.4552902], [-121.9281397, 37.4553731], [-121.9282233, 37.4554607], [-121.9282993, 37.4555525], [-121.9283675, 37.4556482], [-121.9284275, 37.4557473], [-121.9284791, 37.4558494], [-121.928522, 37.455954], [-121.9285561, 37.4560607], [-121.928601, 37.4563248], [-121.9287528, 37.456601], [-121.9289417, 37.4567508], [-121.9290958, 37.4568221], [-121.9291788, 37.4568478], [-121.9292648, 37.4568666], [-121.9293527, 37.4568783], [-121.9294417, 37.4568827], [-121.9295308, 37.4568798], [-121.929619, 37.4568696], [-121.9297055, 37.4568522], [-121.9301883, 37.4566075], [-121.9305315, 37.4564004], [-121.9308691, 37.4561877], [-121.931201, 37.4559693], [-121.9315271, 37.4557454], [-121.9318471, 37.455516], [-121.932161, 37.4552814], [-121.9322731, 37.4551951], [-121.9323801, 37.4550966], [-121.9327206, 37.4549768], [-121.9329456, 37.4549906], [-121.9332072, 37.4551068], [-121.9333404, 37.455252], [-121.9333883, 37.455366], [-121.933402, 37.4554722], [-121.9334044, 37.4555967], [-121.9333976, 37.455721], [-121.9333817, 37.4558448], [-121.9333227, 37.4560891], [-121.9332798, 37.4562087], [-121.9332282, 37.4563262], [-121.933168, 37.456441], [-121.9330995, 37.4565528], [-121.9330229, 37.4566612], [-121.9329384, 37.4567659], [-121.932798, 37.4569586], [-121.9326946, 37.4572136], [-121.9326267, 37.4574761], [-121.9325952, 37.457743], [-121.9325932, 37.457877], [-121.9326003, 37.458011], [-121.9326261, 37.4582439], [-121.9326335, 37.4583944], [-121.9326318, 37.4585451], [-121.932621, 37.4586955], [-121.9326011, 37.4588453], [-121.9325722, 37.4589941], [-121.9325342, 37.4591417], [-121.9324874, 37.4592877], [-121.9324317, 37.4594316], [-121.9323674, 37.4595733], [-121.9322558, 37.4597268], [-121.9322387, 37.4600068], [-121.9322943, 37.4601116], [-121.9323814, 37.4602018], [-121.9325582, 37.4602969], [-121.9330817, 37.4603202], [-121.9334798, 37.460319], [-121.9338779, 37.460325], [-121.9341597, 37.4603335], [-121.9344665, 37.460357], [-121.9347989, 37.4604269], [-121.9349209, 37.4604659], [-121.9350157, 37.4605019], [-121.9350838, 37.4605335], [-121.9351477, 37.4605716], [-121.9352058, 37.4606152], [-121.9353013, 37.4607167], [-121.9353848, 37.4608946], [-121.9354134, 37.4611029], [-121.9354234, 37.4613381], [-121.9354398, 37.4614821], [-121.9354805, 37.4616838], [-121.9355145, 37.4617891], [-121.9355469, 37.4618694], [-121.9355655, 37.4619053], [-121.935598, 37.461951], [-121.9356855, 37.462029], [-121.9357107, 37.4620447], [-121.9360086, 37.4621573], [-121.9361236, 37.4621848], [-121.9361911, 37.4621974], [-121.9362779, 37.4622106], [-121.9364157, 37.4622253], [-121.9365545, 37.4622328], [-121.9366935, 37.4622329], [-121.9372576, 37.4621745], [-121.9374166, 37.4621522], [-121.93759, 37.4621291], [-121.9379314, 37.462106], [-121.9383563, 37.4621577], [-121.9387154, 37.4622397], [-121.9389824, 37.4623229], [-121.9392462, 37.4624345], [-121.939491, 37.4625708], [-121.9396529, 37.4626849], [-121.9398142, 37.4628231], [-121.9399015, 37.4629122], [-121.9399815, 37.4630057], [-121.9400537, 37.4631032], [-121.9401179, 37.4632041], [-121.9401737, 37.4633082], [-121.9402209, 37.4634149], [-121.9402889, 37.4636345], [-121.9403034, 37.4637075], [-121.9403221, 37.4638016], [-121.9403562, 37.4639333], [-121.9403991, 37.4640633], [-121.9404506, 37.4641913], [-121.9405108, 37.4643169], [-121.9406375, 37.4645277], [-121.9407799, 37.4646961], [-121.9408296, 37.4647443], [-121.9409051, 37.4648095], [-121.9409917, 37.4648739], [-121.9410842, 37.4649328], [-121.9411821, 37.4649859], [-121.9414246, 37.4650844], [-121.9415414, 37.4651184], [-121.941661, 37.4651455], [-121.9417828, 37.4651656], [-121.9420601, 37.4651845], [-121.9422088, 37.4651832], [-121.9425991, 37.4651629], [-121.9428466, 37.4651544], [-121.9429821, 37.4651599], [-121.9431168, 37.4651727], [-121.9432502, 37.4651926], [-121.9433816, 37.4652196], [-121.9435105, 37.4652535], [-121.9436187, 37.4652884], [-121.9437176, 37.465328], [-121.943812, 37.4653742], [-121.9439012, 37.4654265], [-121.9439847, 37.4654845], [-121.9441549, 37.4656409], [-121.94433, 37.4658884], [-121.9443719, 37.4659772], [-121.9444452, 37.4662552], [-121.9444489, 37.4664448], [-121.9443323, 37.4670174], [-121.9441808, 37.4677579], [-121.9441477, 37.4678504], [-121.9441122, 37.46811], [-121.9441577, 37.4683686], [-121.9441906, 37.4684518], [-121.9442815, 37.4686104], [-121.944404, 37.4687549], [-121.9445546, 37.4688813], [-121.9447293, 37.4689863], [-121.9449232, 37.4690669], [-121.9452386, 37.4691375], [-121.9453475, 37.469147], [-121.9455662, 37.4691443], [-121.9458858, 37.4690867], [-121.9459871, 37.4690538], [-121.946266, 37.4689166], [-121.9463484, 37.4688592], [-121.9465563, 37.4686574], [-121.9466956, 37.468421], [-121.946706, 37.4683944], [-121.9468242, 37.4681878], [-121.9468931, 37.4680456], [-121.9469533, 37.4679009], [-121.9470047, 37.4677542], [-121.9470472, 37.4676056], [-121.9470808, 37.4674555], [-121.9470858, 37.4674244], [-121.9471053, 37.4673044], [-121.9471206, 37.4671525], [-121.9471268, 37.4670002], [-121.9471239, 37.4668478], [-121.9471118, 37.4666957], [-121.9470905, 37.4665442], [-121.9470602, 37.4663937], [-121.9470208, 37.4662446], [-121.9469725, 37.4660971], [-121.9469154, 37.4659517], [-121.9468497, 37.4658086], [-121.9467727, 37.4656635], [-121.9466806, 37.465505], [-121.9466115, 37.4653675], [-121.9464991, 37.4650854], [-121.9464559, 37.4649415], [-121.9464216, 37.464796], [-121.9463962, 37.4646494], [-121.9463798, 37.4645019], [-121.9463724, 37.464354], [-121.946374, 37.464206], [-121.9463847, 37.4640582], [-121.9464044, 37.463911], [-121.9464707, 37.4636197], [-121.946517, 37.4634764], [-121.9466358, 37.463196], [-121.9467079, 37.4630595], [-121.9468765, 37.4627959], [-121.9470766, 37.4625465], [-121.9473061, 37.4623139], [-121.947563, 37.4621001], [-121.9478447, 37.4619073], [-121.9481486, 37.4617372], [-121.9483079, 37.4616612], [-121.9484717, 37.4615915], [-121.9486396, 37.4615283], [-121.948986, 37.4614216], [-121.9491637, 37.4613785], [-121.9493437, 37.4613423], [-121.9495258, 37.4613132], [-121.9497094, 37.4612911], [-121.9498942, 37.4612763], [-121.9500797, 37.4612686], [-121.9502654, 37.4612681], [-121.9504509, 37.4612748], [-121.9506358, 37.4612887], [-121.950966, 37.4613318], [-121.9515377, 37.4614171], [-121.951862, 37.4614756], [-121.9521842, 37.4615411], [-121.952504, 37.4616136], [-121.9528213, 37.4616929], [-121.9531357, 37.4617791], [-121.9534471, 37.4618721], [-121.9537551, 37.4619718], [-121.9541443, 37.4621091], [-121.9543641, 37.4621771], [-121.9548642, 37.4623263], [-121.9553673, 37.4624686], [-121.9558734, 37.4626042], [-121.9563824, 37.4627328], [-121.956894, 37.4628546], [-121.9574081, 37.4629694], [-121.9579246, 37.4630772], [-121.9584433, 37.463178], [-121.9589943, 37.4632805], [-121.9592288, 37.4633191], [-121.9594649, 37.4633505], [-121.9599409, 37.4633917], [-121.96018, 37.4634014], [-121.9606587, 37.4633991], [-121.9611358, 37.4633677], [-121.9613729, 37.4633412], [-121.9616086, 37.4633075], [-121.9618425, 37.4632667], [-121.9620742, 37.4632188], [-121.9623035, 37.463164], [-121.96253, 37.4631022], [-121.9628659, 37.462996], [-121.9639133, 37.4626823], [-121.964685, 37.4624603], [-121.9654597, 37.4622451], [-121.9662374, 37.4620367], [-121.9670178, 37.4618352], [-121.9682041, 37.4615432], [-121.96863, 37.4614237], [-121.9690896, 37.4613021], [-121.969552, 37.4611874], [-121.970017, 37.4610796], [-121.9704845, 37.4609788], [-121.9709543, 37.4608849], [-121.9714262, 37.4607982], [-121.9719, 37.4607185], [-121.9723756, 37.4606459], [-121.9728529, 37.4605804], [-121.9733316, 37.460522], [-121.9738116, 37.4604708], [-121.9742927, 37.4604268], [-121.9747748, 37.46039], [-121.9752576, 37.4603605], [-121.9757411, 37.4603381], [-121.976225, 37.460323], [-121.9767092, 37.4603151], [-121.9771934, 37.4603144], [-121.9776776, 37.460321], [-121.9781616, 37.4603348], [-121.9786451, 37.4603558], [-121.9791281, 37.4603841], [-121.9796103, 37.4604196], [-121.9800916, 37.4604623], [-121.9805719, 37.4605121], [-121.9806803, 37.460525], [-121.9810508, 37.4605692], [-121.9815283, 37.4606333], [-121.9820043, 37.4607046], [-121.9824785, 37.4607831], [-121.9829507, 37.4608685], [-121.9834209, 37.4609611], [-121.9838888, 37.4610606], [-121.9843543, 37.4611671], [-121.9848172, 37.4612806], [-121.9852773, 37.4614009], [-121.9857345, 37.4615281], [-121.9861887, 37.4616622], [-121.9913529, 37.4631094], [-121.9945341, 37.4645978], [-121.9959904, 37.4654207], [-121.9978207, 37.4664871], [-121.9981872, 37.4666883], [-121.9984147, 37.4668016], [-121.9986469, 37.4669087], [-121.9988835, 37.4670094], [-121.9991242, 37.4671038], [-121.9993688, 37.4671916], [-121.999617, 37.4672727], [-121.9998685, 37.4673471], [-122.000123, 37.4674148], [-122.0003802, 37.4674755], [-122.0006398, 37.4675293], [-122.0009016, 37.467576], [-122.0031114, 37.4678171], [-122.0033932, 37.4678388], [-122.0036758, 37.4678532], [-122.0039589, 37.4678604], [-122.004242, 37.4678604], [-122.004525, 37.4678532], [-122.0048292, 37.4678373], [-122.0081292, 37.4676227], [-122.0086949, 37.4675724], [-122.0089819, 37.4675361], [-122.0092672, 37.4674926], [-122.0095507, 37.467442], [-122.0098624, 37.4673821], [-122.0101628, 37.4673314], [-122.010465, 37.4672878], [-122.0112182, 37.4672035], [-122.0117478, 37.4671408], [-122.0122759, 37.467071], [-122.0128025, 37.4669941], [-122.0133274, 37.46691], [-122.0146537, 37.4666791], [-122.0159838, 37.4664397], [-122.0173119, 37.4661933], [-122.0188259, 37.4659032], [-122.0194684, 37.4657684], [-122.0198633, 37.4656757], [-122.0202554, 37.4655761], [-122.0206447, 37.4654697], [-122.0217315, 37.4651533], [-122.022136, 37.4650465], [-122.0225433, 37.4649467], [-122.0229531, 37.4648537], [-122.0233653, 37.4647678], [-122.0237798, 37.4646888], [-122.0246167, 37.4645467], [-122.0270175, 37.4641531], [-122.0293886, 37.4637501], [-122.0300187, 37.4636358], [-122.0306467, 37.4635145], [-122.0312726, 37.4633862], [-122.0318961, 37.4632509], [-122.0325171, 37.4631085], [-122.0331356, 37.4629593], [-122.0337514, 37.4628031], [-122.0343541, 37.4626428], [-122.034988, 37.4624676], [-122.035736, 37.4622539], [-122.036481, 37.4620333], [-122.0372227, 37.461806], [-122.0379611, 37.4615719], [-122.0386961, 37.4613311], [-122.0398799, 37.4609276], [-122.0402332, 37.4608119], [-122.0405899, 37.4607029], [-122.0409496, 37.4606006], [-122.0413124, 37.4605052], [-122.0416779, 37.4604166], [-122.0420458, 37.460335], [-122.0424162, 37.4602604], [-122.0427886, 37.4601928], [-122.043163, 37.4601322], [-122.043539, 37.4600787], [-122.0439165, 37.4600324], [-122.0442953, 37.4599932], [-122.0446752, 37.4599611], [-122.0450559, 37.4599363], [-122.045555, 37.4599124], [-122.0463695, 37.45988], [-122.0471843, 37.4598548], [-122.0479995, 37.4598369], [-122.0486233, 37.4598314], [-122.0489065, 37.4598385], [-122.0491892, 37.4598529], [-122.0494712, 37.4598744], [-122.0497522, 37.4599032], [-122.0500318, 37.4599391], [-122.0503099, 37.4599822], [-122.0505862, 37.4600323], [-122.0508602, 37.4600894], [-122.0511318, 37.4601536], [-122.0514007, 37.4602246], [-122.0516667, 37.4603025], [-122.0519293, 37.4603871], [-122.0521884, 37.4604784], [-122.0526108, 37.4606448]]}}, {"type": "Feature", "properties": {"waterway": "river", "name": "Alviso Slough"}, "geometry": {"type": "LineString", "coordinates": [[-122.0215167, 37.4611865], [-122.0216659, 37.4615005], [-122.0217526, 37.4616518], [-122.0219501, 37.4619449], [-122.0221787, 37.4622233], [-122.0224366, 37.4624849], [-122.022722, 37.4627277], [-122.0230327, 37.4629498], [-122.0233664, 37.4631497], [-122.0237205, 37.4633259], [-122.0239044, 37.4634046], [-122.0240924, 37.4634769], [-122.0242841, 37.4635426], [-122.0244793, 37.4636017], [-122.0246775, 37.463654], [-122.0248783, 37.4636994], [-122.0250814, 37.4637378], [-122.0252864, 37.4637691], [-122.0255618, 37.4638029], [-122.0260623, 37.463883], [-122.0263096, 37.4639336], [-122.026559, 37.4639924], [-122.0270175, 37.4641531]]}}, {"type": "Feature", "properties": {"waterway": "river", "name": "Guadalupe Slough"}, "geometry": {"type": "LineString", "coordinates": [[-122.0328961, 37.4527175], [-122.0329567, 37.4527307], [-122.0331641, 37.4527683], [-122.0334154, 37.4528064], [-122.0336683, 37.4528373], [-122.0341773, 37.4528776], [-122.0344328, 37.4528869], [-122.034889, 37.4528856], [-122.0353122, 37.4528721], [-122.0359522, 37.4528456], [-122.0365916, 37.4528119], [-122.0377823, 37.4527299], [-122.039127, 37.4526336], [-122.0404305, 37.4525605], [-122.0409702, 37.4525425], [-122.0413298, 37.4525396], [-122.0416894, 37.452544], [-122.0420487, 37.4525555], [-122.0424075, 37.4525743], [-122.0427656, 37.4526003], [-122.0431228, 37.4526334], [-122.0434962, 37.452676], [-122.0437167, 37.4527072], [-122.044152, 37.452791], [-122.0445773, 37.4529026], [-122.0447854, 37.4529686], [-122.0449899, 37.4530413], [-122.0451906, 37.4531205], [-122.0453871, 37.4532061], [-122.045579, 37.453298], [-122.0457662, 37.4533961], [-122.0459482, 37.4535001], [-122.0461247, 37.4536099], [-122.0463965, 37.4537977], [-122.046624, 37.4539682], [-122.0468452, 37.4541438], [-122.0470599, 37.4543245], [-122.0472679, 37.4545101], [-122.0474691, 37.4547005], [-122.0476632, 37.4548954], [-122.0478502, 37.4550947], [-122.0480322, 37.4553011], [-122.04823, 37.4555384], [-122.0484203, 37.4557797], [-122.0486028, 37.4560247], [-122.0487775, 37.4562733], [-122.0489442, 37.4565254], [-122.0491029, 37.4567807], [-122.0493102, 37.4571261], [-122.0494056, 37.4572636], [-122.0495089, 37.4573974], [-122.04962, 37.4575273], [-122.0497385, 37.4576529], [-122.0498642, 37.4577739], [-122.0499968, 37.4578902], [-122.0501361, 37.4580014], [-122.0502816, 37.4581074], [-122.0504964, 37.4582642], [-122.050705, 37.4584263], [-122.0509071, 37.4585936], [-122.0511026, 37.4587658], [-122.0512912, 37.4589427], [-122.0514728, 37.4591243], [-122.0516471, 37.4593103], [-122.0518142, 37.4595006], [-122.0519736, 37.4596949], [-122.0521254, 37.4598932], [-122.0522693, 37.4600951], [-122.0524053, 37.4603005], [-122.0525331, 37.4605091], [-122.0526108, 37.4606448]]}}, {"type": "Feature", "properties": {"waterway": "canal", "name": "Contra Costa Canal"}, "geometry": {"type": "LineString", "coordinates": [[-122.0693646, 37.9242402], [-122.06938, 37.9242687], [-122.070418, 37.9261475], [-122.0705065, 37.9262195]]}}, {"type": "Feature", "properties": {"waterway": "canal", "name": "Contra Costa Canal"}, "geometry": {"type": "LineString", "coordinates": [[-122.0692357, 37.924014], [-122.0693646, 37.9242402]]}}, {"type": "Feature", "properties": {"waterway": "canal", "name": "Raw Water Influent Channel"}, "geometry": {"type": "LineString", "coordinates": [[-122.1991201, 37.8918742], [-122.1997391, 37.8918107], [-122.1998804, 37.8918775], [-122.2003724, 37.89212], [-122.2021403, 37.8932279]]}}, {"type": "Feature", "properties": {"waterway": "canal", "name": "Raw Water Spillway"}, "geometry": {"type": "LineString", "coordinates": [[-122.1998239, 37.8919535], [-122.199628, 37.8922173]]}}, {"type": "Feature", "properties": {"waterway": "canal", "name": "Raw Water Spillway"}, "geometry": {"type": "LineString", "coordinates": [[-122.1998804, 37.8918775], [-122.1998239, 37.8919535]]}}, {"type": "Feature", "properties": {"waterway": "canal", "name": ""}, "geometry": {"type": "LineString", "coordinates": [[-122.2033416, 37.8965038], [-122.2036912, 37.8965279], [-122.2037123, 37.896538]]}}, {"type": "Feature", "properties": {"waterway": "canal", "name": ""}, "geometry": {"type": "LineString", "coordinates": [[-122.0977361, 37.6130673], [-122.0977036, 37.6118532]]}}, {"type": "Feature", "properties": {"waterway": "canal", "name": ""}, "geometry": {"type": "LineString", "coordinates": [[-122.0977036, 37.6118532], [-122.0977019, 37.6117902]]}}, {"type": "Feature", "properties": {"waterway": "canal", "name": ""}, "geometry": {"type": "LineString", "coordinates": [[-122.0977361, 37.6130673], [-122.0981255, 37.6129436], [-122.0989997, 37.6126594], [-122.0992566, 37.6125552], [-122.0993655, 37.6125277], [-122.099583, 37.6125072], [-122.0999588, 37.6125055], [-122.1002129, 37.6125027], [-122.1003601, 37.6124916], [-122.1004814, 37.6124422], [-122.1006346, 37.6122508], [-122.1011576, 37.6117458], [-122.1015821, 37.6113901], [-122.1018473, 37.6111505], [-122.1019315, 37.6111134]]}}, {"type": "Feature", "properties": {"waterway": "canal", "name": ""}, "geometry": {"type": "LineString", "coordinates": [[-122.1019315, 37.6111134], [-122.1020025, 37.6110822]]}}, {"type": "Feature", "properties": {"waterway": "river", "name": "Oakland Estuary"}, "geometry": {"type": "LineString", "coordinates": [[-122.2445507, 37.7766798], [-122.2524047, 37.7807384], [-122.2587765, 37.783855], [-122.2696379, 37.7883559], [-122.2752721, 37.7917475]]}}, {"type": "Feature", "properties": {"waterway": "river", "name": "Mission Creek"}, "geometry": {"type": "LineString", "coordinates": [[-122.4140805, 37.7621948], [-122.4136324, 37.763849], [-122.4132836, 37.7651196], [-122.4126706, 37.7673956], [-122.4126453, 37.7676014], [-122.4125806, 37.7678238], [-122.4124415, 37.7681001], [-122.4123299, 37.7682954], [-122.4121464, 37.7684823], [-122.4119813, 37.7686123], [-122.4118215, 37.7687184], [-122.4116571, 37.7688028], [-122.4114971, 37.7688815], [-122.411327, 37.7689427], [-122.411145, 37.7689889], [-122.410965, 37.7690306], [-122.4100601, 37.7691545], [-122.4068918, 37.7693187], [-122.4067192, 37.7693231], [-122.4065601, 37.7693468], [-122.4064229, 37.7693968], [-122.4062465, 37.7694767], [-122.4061536, 37.7695484], [-122.4060594, 37.7696239], [-122.4058893, 37.7696897], [-122.4057367, 37.7697113], [-122.3991366, 37.7701435], [-122.398671, 37.7705013]]}}, {"type": "Feature", "properties": {"waterway": "river", "name": "Arroyo Dolores"}, "geometry": {"type": "LineString", "coordinates": [[-122.4433805, 37.7604123], [-122.4409764, 37.7605654], [-122.4393965, 37.760659], [-122.4383219, 37.7607279], [-122.4372597, 37.7607985], [-122.4361724, 37.7608605], [-122.4350648, 37.7609227], [-122.4339577, 37.7610074], [-122.4328112, 37.7610656], [-122.4305598, 37.7612123], [-122.4282845, 37.7613335], [-122.4261072, 37.7614765], [-122.4238017, 37.7616046], [-122.4216281, 37.7617359], [-122.4208608, 37.7617809], [-122.4201667, 37.7618207], [-122.4194119, 37.761878], [-122.4183459, 37.7619387], [-122.4172556, 37.7620081], [-122.4161372, 37.7620719], [-122.4150738, 37.7621372], [-122.4140805, 37.7621948]]}}, {"type": "Feature", "properties": {"waterway": "river", "name": "Precita Creek"}, "geometry": {"type": "LineString", "coordinates": [[-122.4178467, 37.7481529], [-122.4134186, 37.7482448], [-122.4079499, 37.7484056], [-122.406804, 37.7487668], [-122.4058869, 37.7489813], [-122.4053498, 37.7490768], [-122.403469, 37.7494483], [-122.4024355, 37.7494288], [-122.402076, 37.7494204], [-122.4019197, 37.74827], [-122.3989507, 37.7484694], [-122.3968167, 37.7485423], [-122.3947033, 37.7486577], [-122.3934596, 37.7487313], [-122.3928544, 37.7485343]]}}, {"type": "Feature", "properties": {"waterway": "river", "name": "Yosemite Creek"}, "geometry": {"type": "LineString", "coordinates": [[-122.4136732, 37.7218663], [-122.4136332, 37.7219417], [-122.4135835, 37.7219846], [-122.4135033, 37.7220287], [-122.4133016, 37.7220932], [-122.4131598, 37.7221406], [-122.4130227, 37.7221916], [-122.4129238, 37.7222396], [-122.4128397, 37.7222864], [-122.412635, 37.7224454], [-122.4124819, 37.7225142], [-122.4125134, 37.7226494], [-122.4105333, 37.7231455], [-122.4094929, 37.7234224], [-122.4085052, 37.7236781], [-122.407495, 37.7239322], [-122.4065095, 37.724185], [-122.4070564, 37.7254395], [-122.4023241, 37.7266398], [-122.4018866, 37.7267613], [-122.4021947, 37.7277711], [-122.401916, 37.7279787], [-122.4004586, 37.7271531], [-122.4003081, 37.7270736], [-122.3993214, 37.7268485], [-122.3976291, 37.7265089], [-122.3968068, 37.727263], [-122.3957928, 37.7283543], [-122.395221, 37.7289751], [-122.3870152, 37.7242252]]}}, {"type": "Feature", "properties": {"waterway": "river", "name": "Seal Slough"}, "geometry": {"type": "LineString", "coordinates": [[-122.2769065, 37.5342897], [-122.2770914, 37.5341816], [-122.2772275, 37.5341384], [-122.2774225, 37.5341108], [-122.2775908, 37.5341232], [-122.2777242, 37.534275], [-122.2777346, 37.5343086], [-122.2777488, 37.5343546], [-122.2777148, 37.5345453], [-122.2776943, 37.5347759], [-122.2778189, 37.5350392], [-122.27808, 37.5352586], [-122.2783713, 37.5354989], [-122.2786002, 37.5357674], [-122.2788783, 37.5360921], [-122.279091, 37.5364138], [-122.2792077, 37.5368506], [-122.2791598, 37.5372147], [-122.2789159, 37.5376456], [-122.2784868, 37.5380712], [-122.2780789, 37.5384295], [-122.2777824, 37.5389508], [-122.2775947, 37.5394191], [-122.2773506, 37.5401465], [-122.2774356, 37.5410139], [-122.2774299, 37.5418057], [-122.2774367, 37.5425661], [-122.2775305, 37.5431231], [-122.2776979, 37.5436552], [-122.2779518, 37.5440904], [-122.2782599, 37.5443617], [-122.2787516, 37.5447647], [-122.2792502, 37.5452067], [-122.2795952, 37.5456473], [-122.2800283, 37.5462793], [-122.2803296, 37.5466211], [-122.2807465, 37.5470265], [-122.2812751, 37.5472761], [-122.2820077, 37.5475194], [-122.2825335, 37.5475898], [-122.2830749, 37.5476732], [-122.2835136, 37.5477389], [-122.2841384, 37.5480105], [-122.2843529, 37.5482564], [-122.2846606, 37.548581], [-122.2849475, 37.5489425], [-122.2850475, 37.5492656], [-122.2851383, 37.5495872], [-122.2851722, 37.5500329], [-122.2851523, 37.5503327], [-122.2849784, 37.5506662], [-122.2846471, 37.5509284], [-122.2841487, 37.5511033], [-122.2836507, 37.551215], [-122.2831866, 37.551411], [-122.2829167, 37.5516354], [-122.2826754, 37.5519544], [-122.2826559, 37.5522668], [-122.2826725, 37.5526445], [-122.2827453, 37.5529206], [-122.283049, 37.5531931], [-122.2833483, 37.5533612], [-122.2837062, 37.5534743], [-122.2841172, 37.5535024], [-122.2845488, 37.5534143], [-122.2850636, 37.5531721], [-122.2855494, 37.5529269], [-122.2860421, 37.552676], [-122.2866259, 37.5524709], [-122.2870998, 37.5524338], [-122.2876241, 37.5524619], [-122.288127, 37.5526391], [-122.288393, 37.5528844], [-122.2886744, 37.5532654], [-122.2887566, 37.5534106], [-122.2888332, 37.5535461], [-122.2890834, 37.5540997], [-122.2894108, 37.5544104], [-122.2899402, 37.554795], [-122.2901292, 37.5548839], [-122.2906643, 37.5552002], [-122.2910254, 37.5554189], [-122.2915764, 37.5556893], [-122.2919614, 37.5559179], [-122.2922419, 37.5561431], [-122.2924892, 37.5565677], [-122.2925959, 37.556927], [-122.292458, 37.5574573], [-122.2921873, 37.5579136], [-122.2917654, 37.5583036], [-122.2914092, 37.5585699], [-122.2907454, 37.5588891], [-122.2902864, 37.5591846], [-122.2900588, 37.5594565], [-122.2900452, 37.5598065], [-122.2901463, 37.5602509], [-122.2903129, 37.5604482], [-122.2907793, 37.5607632], [-122.2912929, 37.5610954], [-122.2917883, 37.5614375], [-122.2921994, 37.5617618], [-122.2925171, 37.5620852], [-122.2927812, 37.5625272], [-122.2929109, 37.562855], [-122.2929002, 37.5632479], [-122.2927578, 37.5635605], [-122.2924326, 37.5638725], [-122.2919684, 37.5641277], [-122.2912164, 37.5643487], [-122.2904615, 37.564472], [-122.2896595, 37.5644969], [-122.2887931, 37.5643919], [-122.2882467, 37.5644606], [-122.287621, 37.5645514], [-122.2869812, 37.5648842], [-122.2865757, 37.5652118], [-122.2861721, 37.5656843], [-122.2859629, 37.5661211], [-122.2859123, 37.5664186], [-122.285933, 37.566817], [-122.2861132, 37.5671677], [-122.2863226, 37.5674453], [-122.2866078, 37.5676599], [-122.2869496, 37.5678639], [-122.2873157, 37.5680143], [-122.2877247, 37.5680361], [-122.2881204, 37.5679569], [-122.2885362, 37.5679017], [-122.2891681, 37.5678447], [-122.2897969, 37.5679117], [-122.2903961, 37.568131], [-122.290861, 37.5684281], [-122.2911437, 37.5686704], [-122.2915005, 37.5691132], [-122.2915276, 37.5691476], [-122.2916722, 37.5694174], [-122.291811, 37.5695855], [-122.2920245, 37.5697573], [-122.2924276, 37.5700297], [-122.2926551, 37.5701617], [-122.2935546, 37.5707739], [-122.293791, 37.5709861], [-122.294014, 37.5712426], [-122.2940682, 37.5714676], [-122.2940925, 37.5716764], [-122.2940867, 37.5719585], [-122.2941137, 37.5722589], [-122.2941907, 37.5727946]]}}, {"type": "Feature", "properties": {"waterway": "canal", "name": "Parr Canal"}, "geometry": {"type": "LineString", "coordinates": [[-122.3626263, 37.9208621], [-122.362675, 37.9208277], [-122.3627019, 37.9206489], [-122.3627369, 37.9202682], [-122.362739, 37.9193413], [-122.3627343, 37.9190761], [-122.3627688, 37.9185976], [-122.3629004, 37.9182411], [-122.3630564, 37.9179842]]}}, {"type": "Feature", "properties": {"waterway": "canal", "name": "Lauritzen Canal"}, "geometry": {"type": "LineString", "coordinates": [[-122.3666008, 37.9244988], [-122.3666636, 37.9238711], [-122.3668624, 37.92308], [-122.3670702, 37.9224532], [-122.3671711, 37.9218271], [-122.3673863, 37.9204884], [-122.3674605, 37.9200292]]}}, {"type": "Feature", "properties": {"waterway": "canal", "name": "San Pablo Dam Spillway"}, "geometry": {"type": "LineString", "coordinates": [[-122.2647157, 37.9457963], [-122.2654283, 37.9458356]]}}, {"type": "Feature", "properties": {"waterway": "canal", "name": "Bockman Canal"}, "geometry": {"type": "LineString", "coordinates": [[-122.1382543, 37.6709482], [-122.1397636, 37.6702729], [-122.1424197, 37.6690739]]}}, {"type": "Feature", "properties": {"waterway": "canal", "name": ""}, "geometry": {"type": "LineString", "coordinates": [[-122.0590308, 37.618695], [-122.0595372, 37.6190731]]}}, {"type": "Feature", "properties": {"waterway": "canal", "name": ""}, "geometry": {"type": "LineString", "coordinates": [[-122.0595372, 37.6190731], [-122.0596548, 37.6191499]]}}, {"type": "Feature", "properties": {"waterway": "canal", "name": "Ygnacio Canal"}, "geometry": {"type": "LineString", "coordinates": [[-122.0453831, 37.9226974], [-122.0454474, 37.9228754], [-122.0460584, 37.9236777]]}}, {"type": "Feature", "properties": {"waterway": "canal", "name": "Ygnacio Canal"}, "geometry": {"type": "LineString", "coordinates": [[-122.0451162, 37.9202422], [-122.0451046, 37.9203247], [-122.0450939, 37.9203624], [-122.0450765, 37.9204237], [-122.0450141, 37.9207756], [-122.0448591, 37.9209298], [-122.0447861, 37.9210006], [-122.0447894, 37.9210724], [-122.0449441, 37.9214392], [-122.0450037, 37.9215947], [-122.0450825, 37.9217435], [-122.0453264, 37.9220575], [-122.045387, 37.9222082], [-122.045376, 37.9224253]]}}, {"type": "Feature", "properties": {"waterway": "canal", "name": "Ygnacio Canal"}, "geometry": {"type": "LineString", "coordinates": [[-122.045376, 37.9224253], [-122.0453831, 37.9226974]]}}, {"type": "Feature", "properties": {"waterway": "canal", "name": "Ygnacio Canal"}, "geometry": {"type": "LineString", "coordinates": [[-122.0453059, 37.9190801], [-122.0451162, 37.9202422]]}}, {"type": "Feature", "properties": {"waterway": "canal", "name": "Ygnacio Canal"}, "geometry": {"type": "LineString", "coordinates": [[-122.0452259, 37.9181281], [-122.0451749, 37.9183869], [-122.0451685, 37.9184569], [-122.0451679, 37.9185242], [-122.0451823, 37.9186375], [-122.0451905, 37.9187165], [-122.0452037, 37.9187829], [-122.0452175, 37.918833], [-122.0452648, 37.9189313], [-122.045308, 37.919019], [-122.0453059, 37.9190801]]}}, {"type": "Feature", "properties": {"waterway": "canal", "name": "Ygnacio Canal"}, "geometry": {"type": "LineString", "coordinates": [[-122.038662, 37.9125048], [-122.0389452, 37.912514], [-122.0389802, 37.9125181], [-122.0390018, 37.9125246], [-122.0390241, 37.9125408]]}}, {"type": "Feature", "properties": {"waterway": "canal", "name": "Ygnacio Canal"}, "geometry": {"type": "LineString", "coordinates": [[-122.038522, 37.9125006], [-122.038662, 37.9125048]]}}, {"type": "Feature", "properties": {"waterway": "canal", "name": "Ygnacio Canal"}, "geometry": {"type": "LineString", "coordinates": [[-122.0037547, 37.9190953], [-122.0048331, 37.9185171], [-122.0048959, 37.9184509], [-122.0050836, 37.9180658]]}}, {"type": "Feature", "properties": {"waterway": "canal", "name": "Ygnacio Canal"}, "geometry": {"type": "LineString", "coordinates": [[-122.0036328, 37.9191799], [-122.0037547, 37.9190953]]}}, {"type": "Feature", "properties": {"waterway": "canal", "name": "Ygnacio Canal"}, "geometry": {"type": "LineString", "coordinates": [[-122.0234229, 37.9117665], [-122.0237936, 37.9116674]]}}, {"type": "Feature", "properties": {"waterway": "canal", "name": "Ygnacio Canal"}, "geometry": {"type": "LineString", "coordinates": [[-122.0232518, 37.9118102], [-122.0234229, 37.9117665]]}}, {"type": "Feature", "properties": {"waterway": "canal", "name": "Ygnacio Canal"}, "geometry": {"type": "LineString", "coordinates": [[-122.0347344, 37.9119658], [-122.034963, 37.9119857], [-122.0349992, 37.9119805], [-122.035379, 37.9118814], [-122.035407, 37.9118796], [-122.035435, 37.91188], [-122.0354852, 37.911894], [-122.0356027, 37.9119393], [-122.0356999, 37.9119761], [-122.035758, 37.9119928], [-122.0358367, 37.9120124], [-122.0362123, 37.9120949], [-122.0363263, 37.9121401]]}}, {"type": "Feature", "properties": {"waterway": "canal", "name": "Ygnacio Canal"}, "geometry": {"type": "LineString", "coordinates": [[-122.0363263, 37.9121401], [-122.0367634, 37.9124676]]}}, {"type": "Feature", "properties": {"waterway": "canal", "name": "Contra Costa Canal"}, "geometry": {"type": "LineString", "coordinates": [[-122.0498734, 37.9233522], [-122.0503544, 37.9233717], [-122.0504275, 37.923358], [-122.0505007, 37.9233389], [-122.0507428, 37.923193]]}}, {"type": "Feature", "properties": {"waterway": "canal", "name": "Contra Costa Canal"}, "geometry": {"type": "LineString", "coordinates": [[-122.0507428, 37.923193], [-122.0508634, 37.9231203]]}}, {"type": "Feature", "properties": {"waterway": "canal", "name": "Contra Costa Canal"}, "geometry": {"type": "LineString", "coordinates": [[-122.0531621, 37.9224264], [-122.0540407, 37.9225199]]}}, {"type": "Feature", "properties": {"waterway": "canal", "name": "Contra Costa Canal"}, "geometry": {"type": "LineString", "coordinates": [[-122.0529619, 37.922403], [-122.0531621, 37.9224264]]}}, {"type": "Feature", "properties": {"waterway": "canal", "name": "Contra Costa Canal"}, "geometry": {"type": "LineString", "coordinates": [[-122.0606203, 37.9217038], [-122.0609364, 37.9217361], [-122.0612422, 37.9218256]]}}, {"type": "Feature", "properties": {"waterway": "canal", "name": "Contra Costa Canal"}, "geometry": {"type": "LineString", "coordinates": [[-122.0748693, 37.9756267], [-122.0752412, 37.9760502]]}}, {"type": "Feature", "properties": {"waterway": "canal", "name": "Contra Costa Canal"}, "geometry": {"type": "LineString", "coordinates": [[-122.0752412, 37.9760502], [-122.0753648, 37.97619], [-122.0754708, 37.9762741]]}}, {"type": "Feature", "properties": {"waterway": "canal", "name": "Contra Costa Canal"}, "geometry": {"type": "LineString", "coordinates": [[-122.0950152, 38.0113234], [-122.095068, 38.0113413], [-122.0951157, 38.0113411], [-122.0954235, 38.0112484], [-122.0954791, 38.0112398], [-122.095546, 38.0112382], [-122.0958777, 38.0112884], [-122.0961047, 38.011369], [-122.0963215, 38.0114752]]}}, {"type": "Feature", "properties": {"waterway": "canal", "name": "Contra Costa Canal"}, "geometry": {"type": "LineString", "coordinates": [[-122.0963215, 38.0114752], [-122.0964422, 38.011536]]}}, {"type": "Feature", "properties": {"waterway": "canal", "name": "Contra Costa Canal"}, "geometry": {"type": "LineString", "coordinates": [[-122.0625638, 37.9225405], [-122.063265, 37.9229973], [-122.0633316, 37.9230246], [-122.0634228, 37.9230352]]}}, {"type": "Feature", "properties": {"waterway": "canal", "name": "Contra Costa Canal"}, "geometry": {"type": "LineString", "coordinates": [[-122.062449, 37.9224722], [-122.0625638, 37.9225405]]}}, {"type": "Feature", "properties": {"waterway": "canal", "name": ""}, "geometry": {"type": "LineString", "coordinates": [[-122.1929203, 37.7093638], [-122.1929728, 37.7092885], [-122.1929968, 37.7092667], [-122.1930066, 37.70919], [-122.1929843, 37.709147]]}}, {"type": "Feature", "properties": {"waterway": "canal", "name": ""}, "geometry": {"type": "LineString", "coordinates": [[-122.1927896, 37.7095847], [-122.1929203, 37.7093638]]}}, {"type": "Feature", "properties": {"waterway": "canal", "name": "Chimes Creek"}, "geometry": {"type": "LineString", "coordinates": [[-122.1651907, 37.7774272], [-122.1652612, 37.7773248], [-122.1653405, 37.7773625]]}}, {"type": "Feature", "properties": {"waterway": "canal", "name": "Chimes Creek"}, "geometry": {"type": "LineString", "coordinates": [[-122.1653405, 37.7773625], [-122.1654615, 37.7774205]]}}, {"type": "Feature", "properties": {"waterway": "canal", "name": "Las Trampas Creek"}, "geometry": {"type": "LineString", "coordinates": [[-122.1085036, 37.8453568], [-122.1085857, 37.845405]]}}, {"type": "Feature", "properties": {"waterway": "canal", "name": "Las Trampas Creek"}, "geometry": {"type": "LineString", "coordinates": [[-122.1084795, 37.8453797], [-122.1085445, 37.8453997], [-122.1085857, 37.845405], [-122.1086135, 37.8454616], [-122.1086227, 37.8455183], [-122.1086354, 37.8456429], [-122.1086583, 37.8457822], [-122.1086616, 37.8459717], [-122.1086618, 37.8460888]]}}, {"type": "Feature", "properties": {"waterway": "canal", "name": "Las Trampas Creek"}, "geometry": {"type": "LineString", "coordinates": [[-122.1085319, 37.8453295], [-122.1085764, 37.8453714], [-122.1085857, 37.845405]]}}, {"type": "Feature", "properties": {"waterway": "river", "name": ""}, "geometry": {"type": "LineString", "coordinates": [[-122.3906307, 37.6452926], [-122.3901109, 37.6453439], [-122.3891093, 37.6451007], [-122.3873116, 37.6442157]]}}, {"type": "Feature", "properties": {"waterway": "river", "name": ""}, "geometry": {"type": "LineString", "coordinates": [[-122.1183173, 37.6172118], [-122.1183121, 37.6170628]]}}, {"type": "Feature", "properties": {"waterway": "canal", "name": ""}, "geometry": {"type": "LineString", "coordinates": [[-122.2294037, 37.7407466], [-122.2288778, 37.7401142]]}}, {"type": "Feature", "properties": {"waterway": "canal", "name": ""}, "geometry": {"type": "LineString", "coordinates": [[-122.2294731, 37.7408301], [-122.2294037, 37.7407466]]}}]}